label,original_image_path,mask_index_in_image,band_1_mean,band_1_median,band_1_std,band_2_mean,band_2_median,band_2_std,band_3_mean,band_3_median,band_3_std,area
building,/content/CompositeTiles/Composite tiles19.TIF,0,72.42727272727272,70.5,8.919973255,117.10909090909091,114,17.018000517034782,0,0,0,330
building,/content/CompositeTiles/Composite tiles19.TIF,1,70.70689655172414,69,3.7874958549637276,114.26724137931035,111,16.304409049670504,0,0,0,116
building,/content/CompositeTiles/Composite tiles19.TIF,2,72.23420074349443,70,5.651675197640758,118.41635687732342,116,15.409089196001617,0,0,0,269
building,/content/CompositeTiles/Composite tiles19.TIF,3,70.16113744,68,8.196786252389773,117.42654028436019,114,17.188336640477655,0,0,0,211
building,/content/CompositeTiles/Composite tiles19.TIF,4,70.83582089552239,69,8.158133044630477,126.81343283582089,124,18.07701926560546,0,0,0,134
building,/content/CompositeTiles/Composite tiles19.TIF,5,70.82702702702703,70,3.5840976585880813,159.57567567567568,172,39.33536958284665,0,0,0,370
building,/content/CompositeTiles/Composite tiles19.TIF,6,70.25766871165644,70,3.8636086584575504,130.44171779141104,128,19.295283176916932,0,0,0,326
building,/content/CompositeTiles/Composite tiles19.TIF,7,72.82386363636364,70,9.555917898898873,119.44318181818181,116,19.18472282510313,0,0,0,176
building,/content/CompositeTiles/Composite tiles19.TIF,8,72.98916967509025,70,9.168492490328909,116.5595667870036,112,18.18241574740839,0,0,0,277
building,/content/CompositeTiles/Composite tiles19.TIF,9,71.42857142857143,69,7.213224815912641,126.60714285714286,124,17.382954059558887,0,0,0,112
building,/content/CompositeTiles/Composite tiles19.TIF,10,69.43939393939394,69,1.7592077062992486,136.9469696969697,136,16.031368112065056,0,0,0,132
building,/content/CompositeTiles/Composite tiles19.TIF,11,71.43831168831169,70,8.018612261741373,124.86363636363636,121,19.116718793407255,0,0,0,308
building,/content/CompositeTiles/Composite tiles19.TIF,12,72.88235294117646,70,6.391007956415165,120.62941176470588,117,20.318587975079325,0,0,0,170
building,/content/CompositeTiles/Composite tiles19.TIF,13,70.49107142857143,69,4.733987174288343,118.69642857142857,114,20.55951260787739,0,0,0,112
building,/content/CompositeTiles/Composite tiles19.TIF,14,69.61363636363636,69,3.7664240883393814,174.2130681818182,176,27.629499833344898,0,0,0,352
building,/content/CompositeTiles/Composite tiles19.TIF,15,69.56521739130434,68,4.299909877281269,125.38260869565218,120,24.189678937674024,0,0,0,115
building,/content/CompositeTiles/Composite tiles19.TIF,16,71.64601769911505,69,5.754444767634627,125.05309734513274,120,24.108471946807267,0,0,0,113
building,/content/CompositeTiles/Composite tiles19.TIF,17,73.32173913043478,68,11.981542200283085,119.31304347826087,116,16.759353114729596,0,0,0,115
building,/content/CompositeTiles/Composite tiles19.TIF,18,70.48780487804878,70,3.6299697722285895,190.6439024390244,191,18.77063155999855,0,0,0,205
building,/content/CompositeTiles/Composite tiles19.TIF,19,71.56896551724138,69,6.658186739194339,121.37068965517241,117.5,20.33238039747988,0,0,0,116
building,/content/CompositeTiles/Composite tiles19.TIF,20,78.46153846153847,73,14.624693391819665,130.20710059171597,126,20.479135215320888,0,0,0,169
building,/content/CompositeTiles/Composite tiles19.TIF,21,71.71428571428571,71,2.7674224627256527,163.44155844155844,159,21.23981406386044,0,0,0,154
building,/content/CompositeTiles/Composite tiles19.TIF,22,72.16996047,72,4.669170479096324,184.7905138339921,183,19.974875249621732,0,0,0,253
building,/content/CompositeTiles/Composite tiles19.TIF,23,70.25714285714285,70,2.1823035947346643,170.05714285714285,168,23.252988982034967,0,0,0,105
building,/content/CompositeTiles/Composite tiles19.TIF,24,74.58394160583941,68,14.915157790281635,126.76642335766424,118,25.837296296407633,0,0,0,137
building,/content/CompositeTiles/Composite tiles19.TIF,25,69.77083333333333,69,5.997359083148367,172.43055555555554,170,20.359154635424716,0,0,0,144
building,/content/CompositeTiles/Composite tiles19.TIF,26,72.31304347826087,70,8.67215957,145.94347826086957,141,29.284382632430052,0,0,0,230
building,/content/CompositeTiles/Composite tiles19.TIF,27,73.795,72,5.044102992604334,147.71,145,36.83538923372468,0,0,0,200
building,/content/CompositeTiles/Composite tiles19.TIF,28,74.43362831858407,72,4.961580012036007,121.32743362831859,117,22.622896412402692,0,0,0,113
not building,/content/CompositeTiles/Composite tiles19.TIF,29,94.13112164296999,86,24.591323715071795,209.37440758293837,255,57.65811786,0,0,0,633
building,/content/CompositeTiles/Composite tiles19.TIF,30,73.936,71,10.867009892330088,110.672,106,17.092583654907177,0,0,0,125
not building,/content/CompositeTiles/Composite tiles19.TIF,31,159.45680819912153,158,11.693215853076453,157.3484626647145,142,63.12314611,0,0,0,683
not building,/content/CompositeTiles/Composite tiles19.TIF,32,124.41280947255113,124,11.128430583034486,254.94133476856834,255,1.3592179195942615,0,0,0,1858
building,/content/CompositeTiles/Composite tiles19.TIF,33,70.12627986348123,69,5.3231183748115765,176.78156996587032,174,24.609580841768963,0,0,0,293
building,/content/CompositeTiles/Composite tiles19.TIF,34,70.67708333333333,69,3.898436630204757,118.31770833333333,114,21.029446095453803,0,0,0,192
building,/content/CompositeTiles/Composite tiles19.TIF,35,70.80836236933798,69,6.334040530625089,167.08188153310104,157.5,41.23969941221273,0,0,0,574
not building,/content/CompositeTiles/Composite tiles19.TIF,36,114.8711111111111,109,17.744265079452475,255,255,0,0,0,0,225
building,/content/CompositeTiles/Composite tiles19.TIF,37,70.06122448979592,69,3.2070050357706887,156.79591836734693,149,28.94912166453164,0,0,0,343
not building,/content/CompositeTiles/Composite tiles19.TIF,38,141.12820512820514,143,16.32340800553571,137.82051282051282,131,20.018416898487015,0,0,0,234
not building,/content/CompositeTiles/Composite tiles19.TIF,39,137.53535353535352,138.5,15.217489360954728,119.51010101010101,113,24.331411277138685,0,0,0,198
building,/content/CompositeTiles/Composite tiles19.TIF,40,72.73760330578513,70,6.605731861755407,146.02272727272728,138,34.37435949816507,0,0,0,484
not building,/content/CompositeTiles/Composite tiles19.TIF,41,164.4851485148515,165,14.970673550715803,82.32673267326733,74,22.43741964254502,0,0,0,202
not building,/content/CompositeTiles/Composite tiles19.TIF,42,30.940298507462686,0,58.94555560247123,18.71641791044776,0,55.96568937455014,0,0,0,134
building,/content/CompositeTiles/Composite tiles19.TIF,43,72.53061224489795,71,4.489301147753869,137.29931972789115,125,33.46790826883227,0,0,0,147
building,/content/CompositeTiles/Composite tiles19.TIF,44,84.90598290598291,71,24.783759814233644,134.80982905982907,131,26.49044638,0,0,0,468
not building,/content/CompositeTiles/Composite tiles19.TIF,45,50.14939024390244,0,72.72600769154147,26.04268292682927,0,63.594547493088456,0,0,0,328
not building,/content/CompositeTiles/Composite tiles19.TIF,46,58.005434782608695,0,76.60425527987906,22.25,0,56.56799006505358,0,0,0,184
not building,/content/CompositeTiles/Composite tiles19.TIF,47,113.28846153846153,116,10.230052269075065,255,255,0,0,0,0,156
building,/content/CompositeTiles/Composite tiles19.TIF,48,72.36633663366337,71,4.785958778680843,120.26732673267327,114,23.562804674757427,0,0,0,101
not building,/content/CompositeTiles/Composite tiles19.TIF,49,82.72773536895674,73,20.830459914890223,188.09923664122138,197,61.675031337741785,0,0,0,393
building,/content/CompositeTiles/Composite tiles19.TIF,50,67.86046511627907,67,2.801838228393183,155.39069767441862,145,32.96278249398567,0,0,0,215
not building,/content/CompositeTiles/Composite tiles19.TIF,51,158.71193771626298,158,12.172529742346109,149.31401384083046,131,60.95488016614431,0,0,0,1156
building,/content/CompositeTiles/Composite tiles19.TIF,52,70.55214724,68,5.677588460498599,130.74233128834356,127,21.82377522605202,0,0,0,163
not building,/content/CompositeTiles/Composite tiles19.TIF,53,157.42828077314343,157,11.265983053206856,222.01627670396743,247,41.04375428232324,0,0,0,983
not building,/content/CompositeTiles/Composite tiles19.TIF,54,147.89763779527559,147,10.23105866218754,170.07874015748033,165,43.21282368344218,0,0,0,127
building,/content/CompositeTiles/Composite tiles19.TIF,55,71.81682028,70,6.970467196023026,150.85599078341014,131,47.82573250789752,0,0,0,868
building,/content/CompositeTiles/Composite tiles19.TIF,56,72.09271523178808,70,5.902464400993858,157.16887417218544,160,29.70396919857227,0,0,0,302
not building,/content/CompositeTiles/Composite tiles19.TIF,57,76.69577464788732,72,13.871354987478803,191.4676056338028,208,63.22600591405783,0,0,0,355
not building,/content/CompositeTiles/Composite tiles19.TIF,58,132.32203389830508,138.5,22.728270067694048,127.29661016949153,113,54.31956748942192,0,0,0,118
not building,/content/CompositeTiles/Composite tiles19.TIF,59,129.94266055045873,130,12.780213932122932,252.02981651376146,255,13.407567730330396,0,0,0,872
building,/content/CompositeTiles/Composite tiles19.TIF,60,69.49579831932773,68,7.892528058,132.18067226890756,118,38.77034468,0,0,0,238
building,/content/CompositeTiles/Composite tiles19.TIF,61,70.88292683,69,7.840230909,126.17560975609756,123,19.869044197221072,0,0,0,205
building,/content/CompositeTiles/Composite tiles19.TIF,62,69.32411067193677,68,4.151966496748651,131.1304347826087,128,19.103700327793202,0,0,0,253
building,/content/CompositeTiles/Composite tiles19.TIF,63,68.25,68,2.5841238512175404,122.4656862745098,118,19.142750612166882,0,0,0,204
not building,/content/CompositeTiles/Composite tiles19.TIF,64,116.70754716981132,123,22.391302913963756,211.5251572327044,230.5,48.02512768464256,0,0,0,318
building,/content/CompositeTiles/Composite tiles19.TIF,65,73.23404255319149,70,12.700498844211051,125.64255319148936,121,21.32883119839725,0,0,0,235
building,/content/CompositeTiles/Composite tiles19.TIF,66,68.36363636363636,68,1.7486712783337586,108.38842975206612,105,13.543545869690258,0,0,0,121
building,/content/CompositeTiles/Composite tiles19.TIF,67,73.07906976744187,72,4.233672227513158,132.2046511627907,127,24.51036755949548,0,0,0,215
building,/content/CompositeTiles/Composite tiles19.TIF,68,68.41379310344827,68,2.025990458147363,122.34975369458128,116,21.91319276556278,0,0,0,203
building,/content/CompositeTiles/Composite tiles19.TIF,69,70.86861313868613,70,3.0032039296456463,151.34306569343065,148,24.54890484904887,0,0,0,137
building,/content/CompositeTiles/Composite tiles19.TIF,70,68.79126213592232,68,3.376118492724422,114.16504854368932,111,17.082095939804127,0,0,0,206
building,/content/CompositeTiles/Composite tiles19.TIF,71,66.97368421052632,66,3.620023568586138,112.64912280701755,105,25.228250127460097,0,0,0,228
not building,/content/CompositeTiles/Composite tiles19.TIF,72,134.93661971830986,138,12.399008813595191,254.92605633802816,255,0.9919520928817607,0,0,0,284
building,/content/CompositeTiles/Composite tiles19.TIF,73,63.06043956043956,62,3.7929483188732958,154.0934065934066,150,23.251304121278366,0,0,0,182
building,/content/CompositeTiles/Composite tiles19.TIF,74,72.94086021505376,70,9.871308882056942,122.2741935483871,115,23.01016794051515,0,0,0,186
building,/content/CompositeTiles/Composite tiles19.TIF,75,71.22641509433963,71,2.1774271595724755,160.83018867924528,156,26.887187462617483,0,0,0,159
building,/content/CompositeTiles/Composite tiles19.TIF,76,70.77142857142857,70,5.152451368236368,142.55,136.5,20.443065537522216,0,0,0,140
building,/content/CompositeTiles/Composite tiles19.TIF,77,71.3030303,71,3.1016598536213755,159.78030303030303,156,25.970062716210954,0,0,0,132
building,/content/CompositeTiles/Composite tiles19.TIF,78,71.09036144578313,70,3.7558344799047365,158.86746987951807,155,26.787549294643366,0,0,0,166
building,/content/CompositeTiles/Composite tiles19.TIF,79,73.35606060606061,70,9.777163075990332,154.75,147,30.122320074434285,0,0,0,132
building,/content/CompositeTiles/Composite tiles19.TIF,80,69.44444444444444,68,3.577018552984463,153.36296296296297,147,23.21832207782766,0,0,0,135
building,/content/CompositeTiles/Composite tiles19.TIF,81,74.37414965986395,71,11.874749340342694,160.40816326530611,160,23.913038342060478,0,0,0,147
building,/content/CompositeTiles/Composite tiles19.TIF,82,72.51308901,70,6.195639945348035,113.84816753926701,105,26.696529654525648,0,0,0,191
not building,/content/CompositeTiles/Composite tiles19.TIF,83,131.1238095238095,129,11.073803124774185,94.88253968253969,84,43.968266116553245,0,0,0,315
not building,/content/CompositeTiles/Composite tiles19.TIF,84,103.56565656565657,106.5,26.794734751952806,221.6818181818182,252.5,43.19154861129304,0,0,0,396
building,/content/CompositeTiles/Composite tiles19.TIF,85,70.03267974,69,3.4059123923304306,194.52287581699346,186,33.39603611704514,0,0,0,153
building,/content/CompositeTiles/Composite tiles19.TIF,86,68.39013452914799,68,2.9151362342801614,180.5201793721973,180,23.834976296088282,0,0,0,223
building,/content/CompositeTiles/Composite tiles19.TIF,87,73.90410959,73,6.065090731145854,133.75342465753425,124,29.93750606,0,0,0,146
not building,/content/CompositeTiles/Composite tiles19.TIF,88,127.84507042253522,130,17.042736577952002,140.66197183098592,123,61.45442457901005,0,0,0,142
building,/content/CompositeTiles/Composite tiles19.TIF,89,72.73652694610779,71,5.507973091674943,157.91616766467067,154,27.368501754886363,0,0,0,167
building,/content/CompositeTiles/Composite tiles19.TIF,90,71.12149533,70,3.403434989332642,148.39252336448598,131,41.528001364994076,0,0,0,107
not building,/content/CompositeTiles/Composite tiles19.TIF,91,108.91463414634147,113,25.90051903172528,217.81571815718158,242,45.28956725329825,0,0,0,738
building,/content/CompositeTiles/Composite tiles19.TIF,92,72.49477351916376,70,6.788425833515344,128.86411149825784,118,36.51813068613819,0,0,0,287
not building,/content/CompositeTiles/Composite tiles19.TIF,93,141.97510373443984,149,21.444113471594022,182.60995850622407,177,31.881219910565378,0,0,0,241
not building,/content/CompositeTiles/Composite tiles19.TIF,94,105.5,104,19.261792924509045,210.13333333333333,218.5,46.49013037433023,0,0,0,120
building,/content/CompositeTiles/Composite tiles19.TIF,95,71.70103092783505,70,5.9102653113536165,161.67525773195877,145,37.42790604224033,0,0,0,194
not building,/content/CompositeTiles/Composite tiles19.TIF,96,99.71098096632504,99,27.22841798898081,222.00585651537335,255,50.16970871826404,0,0,0,3415
building,/content/CompositeTiles/Composite tiles19.TIF,97,75.12953367875647,73,10.38526298883718,147.2202073,128,40.28371797185312,0,0,0,386
not building,/content/CompositeTiles/Composite tiles19.TIF,98,157.9792663476874,166,22.31565382957308,160.8181818181818,147,65.27538611956156,0,0,0,627
not building,/content/CompositeTiles/Composite tiles19.TIF,99,125.13066202090593,126,8.502735811870613,254.81794425087108,255,3.353576066,0,0,0,1148
building,/content/CompositeTiles/Composite tiles19.TIF,100,72.58791208791209,70,8.473648035246597,138.98901098901098,124,35.012241032227294,0,0,0,182
not building,/content/CompositeTiles/Composite tiles19.TIF,101,140.18867924528303,140,18.243175621206223,97.99326145552561,85,43.42107141080973,0,0,0,742
not building,/content/CompositeTiles/Composite tiles19.TIF,102,108.51549295774647,140,64.44971103834374,117.45633802816901,108,92.09288136364053,0,0,0,355
building,/content/CompositeTiles/Composite tiles19.TIF,103,75.85374149659864,73,10.982470708904783,176.46598639455783,177.5,35.57989762750152,0,0,0,294
not building,/content/CompositeTiles/Composite tiles19.TIF,104,95.52754820936639,97,22.697463755469936,219.08264462809916,255,47.99659999038261,0,0,0,726
building,/content/CompositeTiles/Composite tiles19.TIF,105,71.14506172839506,70,6.372728861668112,155.2037037037037,149.5,27.55110602267543,0,0,0,324
building,/content/CompositeTiles/Composite tiles19.TIF,106,72.58888888888889,72,5.816441150249953,134.32222222222222,126.5,32.61060761,0,0,0,180
not building,/content/CompositeTiles/Composite tiles19.TIF,107,41.0703125,0,64.52073111529614,43.421875,0,84.40912359741911,0,0,0,128
building,/content/CompositeTiles/Composite tiles19.TIF,108,72.57213930348259,70,11.205720815970302,125.87810945273633,121,23.12140935486382,0,0,0,402
not building,/content/CompositeTiles/Composite tiles19.TIF,109,146.61061946902655,149,14.358515482907531,189.36283185840708,190,53.933761726097686,0,0,0,113
not building,/content/CompositeTiles/Composite tiles19.TIF,110,130.5551663747811,129,10.131967431185819,254.77232924693521,255,2.7398604033691605,0,0,0,571
building,/content/CompositeTiles/Composite tiles19.TIF,111,79.43842365,71,16.682780759507263,188.28571428571428,186,55.77538647831198,0,0,0,203
building,/content/CompositeTiles/Composite tiles19.TIF,112,72.64429530201342,70,7.574306467468311,185.8724832214765,176,30.904114230696642,0,0,0,149
not building,/content/CompositeTiles/Composite tiles19.TIF,113,152.10602409638554,152,19.758379947963704,102.79036144578313,102,32.412579792189014,0,0,0,415
building,/content/CompositeTiles/Composite tiles19.TIF,114,69.06236559139785,68,5.329001883152605,130.95698924731184,127,22.74104525571472,0,0,0,465
not building,/content/CompositeTiles/Composite tiles19.TIF,115,146.70341207349082,148,19.897472475918466,89.55905511811024,83,26.30199743,0,0,0,381
not building,/content/CompositeTiles/Composite tiles19.TIF,116,92.32007868483912,77,30.81172654574086,210.71251931993817,237,50.876327546164326,0,0,0,7117
building,/content/CompositeTiles/Composite tiles19.TIF,117,68.48044693,67,3.5553732757426277,165.1731843575419,163,18.13198527078232,0,0,0,179
building,/content/CompositeTiles/Composite tiles19.TIF,118,71.23015873015873,70,5.020849701080135,119.68253968253968,116,17.985289753525425,0,0,0,126
building,/content/CompositeTiles/Composite tiles19.TIF,119,67.52739726027397,68,4.144967580023341,143.77397260273972,141,20.99176960305497,0,0,0,146
building,/content/CompositeTiles/Composite tiles19.TIF,120,69.10629921259843,68,4.7983469599714335,162.30708661417322,158,21.937819001345716,0,0,0,254
building,/content/CompositeTiles/Composite tiles19.TIF,121,71.46341463414635,70,6.044943708,158.6402439,156,15.195429028334335,0,0,0,164
building,/content/CompositeTiles/Composite tiles19.TIF,122,69.48022598870057,69,7.894853072329773,150.87005649717514,145,19.356017954895947,0,0,0,177
building,/content/CompositeTiles/Composite tiles19.TIF,123,71.40650406504065,70,5.421782922144847,163.85365853658536,159,18.977814572934985,0,0,0,123
building,/content/CompositeTiles/Composite tiles19.TIF,124,69.31515151515151,70,2.680583519934827,165.22424242424242,162,16.800559700327273,0,0,0,165
building,/content/CompositeTiles/Composite tiles19.TIF,125,68.70796460176992,67,5.014459474535198,118.13274336283186,112,20.78823034297399,0,0,0,113
not building,/content/CompositeTiles/Composite tiles19.TIF,126,130.40944881889763,141,22.050355517232752,91.68897637795276,83,27.105540963439594,0,0,0,254
building,/content/CompositeTiles/Composite tiles19.TIF,127,71.60869565,69,8.187684975327182,172.16521739130434,169,19.499801753633342,0,0,0,115
building,/content/CompositeTiles/Composite tiles19.TIF,128,71.81208053691275,70,6.322824455,123.93288590604027,114,26.013074778979536,0,0,0,149
building,/content/CompositeTiles/Composite tiles19.TIF,129,68.07627118644068,67,2.940531427990574,171.16101694915255,168.5,21.542614582116325,0,0,0,118
building,/content/CompositeTiles/Composite tiles19.TIF,130,70.85915492957747,68,5.6972832039116925,176.04929577464787,173,16.988118244111018,0,0,0,142
building,/content/CompositeTiles/Composite tiles19.TIF,131,69.96330275229357,68,5.112364227136976,152.72018348623854,148,27.294346223094433,0,0,0,218
building,/content/CompositeTiles/Composite tiles19.TIF,132,72.35652173913043,70,5.933239168627547,180.7913043478261,179,21.377556557886432,0,0,0,115
building,/content/CompositeTiles/Composite tiles19.TIF,133,68.144,68,1.9867722567018091,182.104,179,25.52984888321903,0,0,0,125
building,/content/CompositeTiles/Composite tiles19.TIF,134,67.85990338164251,68,1.5494072391070268,149.52173913043478,147,26.64742532032839,0,0,0,207
building,/content/CompositeTiles/Composite tiles19.TIF,135,69.48920863309353,69,2.4739416208800464,183.57553956834533,181,24.798462013480712,0,0,0,139
building,/content/CompositeTiles/Composite tiles19.TIF,136,69.78504672897196,68,5.8525943402763785,157.06542056074767,153.5,28.257418520782164,0,0,0,214
building,/content/CompositeTiles/Composite tiles19.TIF,137,69.96721311,68,5.006445724328556,119.98770491803279,115.5,20.752539160735118,0,0,0,244
building,/content/CompositeTiles/Composite tiles19.TIF,138,69.19456066945607,68,5.203576549586551,127.56066945606695,123,21.291154614623302,0,0,0,478
building,/content/CompositeTiles/Composite tiles19.TIF,139,73.89230769,72,6.231737816453589,159.26923076923077,154,27.051742006054436,0,0,0,130
building,/content/CompositeTiles/Composite tiles19.TIF,140,68.28888888888889,67,4.383245316677226,189.5851851851852,187,22.472826450391373,0,0,0,135
building,/content/CompositeTiles/Composite tiles19.TIF,141,68.96444444444444,68,3.575046576576501,148.12,148,24.600610651860745,0,0,0,225
building,/content/CompositeTiles/Composite tiles19.TIF,142,69.12631578947368,68,3.4327895830256825,152.53157894736842,150,25.021181608506673,0,0,0,190
building,/content/CompositeTiles/Composite tiles19.TIF,143,69.144,68,4.339039525056208,158.336,155,23.063024606499468,0,0,0,125
building,/content/CompositeTiles/Composite tiles19.TIF,144,69.51428571428572,68,6.190798526406575,118.39619047619047,115,18.95627009629581,0,0,0,525
building,/content/CompositeTiles/Composite tiles19.TIF,145,69.09090909,68,3.242601241274874,142.625,138,23.526007127509683,0,0,0,176
building,/content/CompositeTiles/Composite tiles19.TIF,146,68.16949152542372,67,3.260719180175147,190.70338983050848,188,17.98790051062757,0,0,0,118
building,/content/CompositeTiles/Composite tiles19.TIF,147,66.04225352112677,63,9.325018022439723,162.40845070422534,159,15.221442866949088,0,0,0,142
building,/content/CompositeTiles/Composite tiles19.TIF,148,67.12820512820512,67,3.7824119775850478,153.6051282051282,153,28.96811641396981,0,0,0,195
building,/content/CompositeTiles/Composite tiles19.TIF,149,70.70588235294117,68.5,5.837221829,126.73949579831933,118,31.51535898,0,0,0,238
building,/content/CompositeTiles/Composite tiles19.TIF,150,68.2987013,67,4.515672376808756,173.96103896103895,169.5,24.939897394284586,0,0,0,154
not building,/content/CompositeTiles/Composite tiles19.TIF,151,148.53846153846155,150,15.640472973536745,225.5638111888112,255,42.99920049044514,0,0,0,1144
building,/content/CompositeTiles/Composite tiles19.TIF,152,70.08,69,3.7354517799056115,192.615,176,37.56935952342015,0,0,0,200
not building,/content/CompositeTiles/Composite tiles19.TIF,153,152.18954248366012,154,14.550421778319693,184.29785247432307,178,50.29496548175675,0,0,0,1071
building,/content/CompositeTiles/Composite tiles19.TIF,154,71.02580645161291,68,7.938431133779824,179.2774193548387,174,26.37925271847995,0,0,0,155
not building,/content/CompositeTiles/Composite tiles19.TIF,155,150.9261744966443,156,16.51238866200937,157.91275167785236,153,52.68265546067321,0,0,0,149
building,/content/CompositeTiles/Composite tiles19.TIF,156,68.71836734693878,68,5.5030853486796065,129.86122448979592,117,38.285675993192626,0,0,0,245
not building,/content/CompositeTiles/Composite tiles19.TIF,157,105.60335195530726,111,32.68937845271352,224.38151769087523,255,41.75410107229986,0,0,0,4296
building,/content/CompositeTiles/Composite tiles19.TIF,158,72.05622489959839,73,4.198495069547964,102.66666666666667,95,24.759188252951947,0,0,0,249
building,/content/CompositeTiles/Composite tiles19.TIF,159,70.14054054054054,69,5.097082337618706,130.37567567567567,128,19.485044929248012,0,0,0,370
building,/content/CompositeTiles/Composite tiles19.TIF,160,70.61111111111111,69,4.974494027428735,123.96031746031746,119,22.05706912334269,0,0,0,126
building,/content/CompositeTiles/Composite tiles19.TIF,161,59.967171717171716,59,3.684040530053771,146.38131313131314,144,18.480089047539224,0,0,0,396
not building,/content/CompositeTiles/Composite tiles19.TIF,162,101.78947368421052,106,23.39720844205322,90.98684210526316,84,24.204171791923887,0,0,0,152
building,/content/CompositeTiles/Composite tiles19.TIF,163,72.79888268156425,71,8.315281676896138,164.6703910614525,160,27.020120071418756,0,0,0,179
building,/content/CompositeTiles/Composite tiles19.TIF,164,72.545,71,4.978752353752896,157.615,154,26.061595787671944,0,0,0,200
building,/content/CompositeTiles/Composite tiles19.TIF,165,69.38607594936708,68,3.796608552453203,133.53164556962025,131,18.918101600799606,0,0,0,158
building,/content/CompositeTiles/Composite tiles19.TIF,166,74.72159091,72,8.371813489643204,108.16477272727273,102,23.700093688790304,0,0,0,176
building,/content/CompositeTiles/Composite tiles19.TIF,167,71.73067915690866,69,9.025338790769043,126.77751756440281,122,22.71810058239257,0,0,0,427
building,/content/CompositeTiles/Composite tiles19.TIF,168,74.29370629,75,4.036255565578038,179.93006993006992,176,20.731938925327302,0,0,0,143
building,/content/CompositeTiles/Composite tiles19.TIF,169,69.18965517,67,5.125853659944156,140.67241379310346,137,24.685531104226637,0,0,0,116
not building,/content/CompositeTiles/Composite tiles19.TIF,170,116.42022471910113,128,31.446062899186817,207.74943820224718,254,52.01615052476221,0,0,0,890
building,/content/CompositeTiles/Composite tiles19.TIF,171,61.48,60,5.305996607612937,155.8,145,24.28464535462686,0,0,0,125
building,/content/CompositeTiles/Composite tiles19.TIF,172,67.29237288135593,67,3.8072334539431516,138.54237288135593,133,19.772710207397093,0,0,0,236
not building,/content/CompositeTiles/Composite tiles19.TIF,173,102.29302325581395,110,24.786806274276824,211.90046511627907,239,49.59493925577152,0,0,0,1075
building,/content/CompositeTiles/Composite tiles19.TIF,174,68.71304347826087,68,3.2697964765577754,177.65217391304347,170,28.092407601330994,0,0,0,115
building,/content/CompositeTiles/Composite tiles19.TIF,175,83.11023622047244,80,14.021484272502764,149.1259842519685,142,24.198324965126453,0,0,0,127
building,/content/CompositeTiles/Composite tiles19.TIF,176,68.16949152542372,67,3.489220894887284,130.59322033898306,126,21.760342286119442,0,0,0,118
building,/content/CompositeTiles/Composite tiles19.TIF,177,75.37078651685393,72.5,9.165926180816522,108.84269662921348,102,25.811502912768006,0,0,0,356
building,/content/CompositeTiles/Composite tiles19.TIF,178,71.30379746835443,70,3.9196177493160076,141.54430379746836,138,22.81366316589573,0,0,0,158
building,/content/CompositeTiles/Composite tiles19.TIF,179,71.64573991,69,7.681733459111794,157.1659192825112,151,27.962407578887667,0,0,0,223
not building,/content/CompositeTiles/Composite tiles19.TIF,180,129.6578947368421,135,18.26508218286505,134.2796052631579,126,44.36456450879135,0,0,0,304
building,/content/CompositeTiles/Composite tiles19.TIF,181,72.8,72,5.463598547743885,179.11818181818182,177,22.237859534906118,0,0,0,110
building,/content/CompositeTiles/Composite tiles19.TIF,182,68.37106918238993,68,2.367371121446813,181.9496855345912,180,27.434266490805488,0,0,0,159
building,/content/CompositeTiles/Composite tiles19.TIF,183,67.80088495575221,66,7.020841232091341,168.73451327433628,168,19.404414103754867,0,0,0,226
building,/content/CompositeTiles/Composite tiles19.TIF,184,68.78102189781022,67,5.243995980760837,166.22627737226279,162,20.594093370733287,0,0,0,137
building,/content/CompositeTiles/Composite tiles19.TIF,185,70.26315789473684,68,5.628435478366398,151.6783625730994,146,24.996059331705762,0,0,0,171
building,/content/CompositeTiles/Composite tiles19.TIF,186,70.13488372093023,68,9.501306733162654,180.1860465116279,176,22.327848722077462,0,0,0,215
building,/content/CompositeTiles/Composite tiles19.TIF,187,61.957264957264954,61,3.3086087204201684,170.008547,163,22.375007320438367,0,0,0,117
building,/content/CompositeTiles/Composite tiles19.TIF,188,72.65420560747664,72,4.277965285712701,145.6448598130841,125,41.28411980828505,0,0,0,107
building,/content/CompositeTiles/Composite tiles19.TIF,189,69.60736196319019,69,5.223161704766187,176.05521472392638,175,21.230332373374537,0,0,0,163
not building,/content/CompositeTiles/Composite tiles19.TIF,190,114.67364016736401,124,23.86762166066467,209.61297071129707,228,46.258718494804505,0,0,0,478
not building,/content/CompositeTiles/Composite tiles19.TIF,191,91.44683257918552,73,32.230267756422734,233.37782805429865,255,42.12559068734544,0,0,0,884
building,/content/CompositeTiles/Composite tiles19.TIF,192,68.29473684210527,67,5.059381456287083,171.3842105263158,167,22.81976897244314,0,0,0,190
building,/content/CompositeTiles/Composite tiles19.TIF,193,69.40747029,68,4.4535343227472755,130.3837012,125,26.080432059037935,0,0,0,589
not building,/content/CompositeTiles/Composite tiles19.TIF,194,103.29621380846325,113,27.214548200763097,228.66146993318486,255,44.32785686,0,0,0,898
building,/content/CompositeTiles/Composite tiles19.TIF,195,68.63546798029557,69,3.833367007410947,198.76847290640393,194,32.95885763619188,0,0,0,203
not building,/content/CompositeTiles/Composite tiles19.TIF,196,126.52046783625731,133,23.112321511027023,239.84795321637426,255,22.86472381696051,0,0,0,171
building,/content/CompositeTiles/Composite tiles19.TIF,197,69.98974358974358,70,4.614903108786202,158.72051282051282,141,41.42836065310431,0,0,0,390
building,/content/CompositeTiles/Composite tiles19.TIF,198,68.925,68,4.285950886326161,199.525,196,21.534453982707184,0,0,0,120
building,/content/CompositeTiles/Composite tiles19.TIF,199,70.96598639455782,68,7.0173884767645935,136.52380952380952,127,35.87740526594391,0,0,0,147
not building,/content/CompositeTiles/Composite tiles19.TIF,200,119.34156378600824,126,25.99498607920914,141.51440329218107,139,12.973017199604097,0,0,0,243
not building,/content/CompositeTiles/Composite tiles19.TIF,201,138.30645161290323,138.5,18.80195772494634,175.63440860215053,175,37.566080830335814,0,0,0,186
building,/content/CompositeTiles/Composite tiles19.TIF,202,69.84142394822007,69,4.059122042853508,187.50485436893203,182,30.861379322976735,0,0,0,309
not building,/content/CompositeTiles/Composite tiles19.TIF,203,111.26681614349776,120,31.85228127777481,213.4932735426009,239,46.21643078964605,0,0,0,446
not building,/content/CompositeTiles/Composite tiles19.TIF,204,122.47239263803681,136,30.47825592876555,131.06134969325154,120,32.31814496353171,0,0,0,163
building,/content/CompositeTiles/Composite tiles19.TIF,205,72.59763313609467,70,9.559727860395355,156.75739644970415,162,33.41199278493546,0,0,0,338
building,/content/CompositeTiles/Composite tiles19.TIF,206,72.27314814814815,69,9.779249634941149,126.02314814814815,121,23.201900091736906,0,0,0,216
building,/content/CompositeTiles/Composite tiles19.TIF,207,70.32716049382717,69,4.358658541671246,126.95061728395062,122.5,23.35099925668337,0,0,0,324
building,/content/CompositeTiles/Composite tiles19.TIF,208,68.92971246,68,4.8479941091318395,123.3738019169329,119,22.897693368192492,0,0,0,313
building,/content/CompositeTiles/Composite tiles19.TIF,209,68.48828125,68,7.869036641857657,120.9726563,117,21.32164472008048,0,0,0,256
building,/content/CompositeTiles/Composite tiles19.TIF,210,69.90714285714286,69,3.1710665816576795,135.60714285714286,128.5,27.507842110042375,0,0,0,140
building,/content/CompositeTiles/Composite tiles19.TIF,211,72.6993007,71,8.405821297101832,171.23076923076923,163,28.505843421980934,0,0,0,143
building,/content/CompositeTiles/Composite tiles19.TIF,212,71.48235294117647,70,4.287085297,125.13529411764706,118,29.75506760944943,0,0,0,170
building,/content/CompositeTiles/Composite tiles19.TIF,213,69.00490196078431,68,8.009490417941343,127.74019607843137,123.5,20.267237929596785,0,0,0,204
building,/content/CompositeTiles/Composite tiles19.TIF,214,68.81746031746032,67,4.804760855999591,118.71428571428571,113,25.464527815585907,0,0,0,126
building,/content/CompositeTiles/Composite tiles19.TIF,215,70.01639344262296,67,9.571117418153856,120.41803278688525,116.5,19.926027202242267,0,0,0,122
building,/content/CompositeTiles/Composite tiles19.TIF,216,68.21111111111111,68,2.3428114375891984,153.51111111111112,149.5,29.171616511200458,0,0,0,180
building,/content/CompositeTiles/Composite tiles19.TIF,217,71.44078947,70,4.647769063913152,124.13815789473684,119,23.09392986493741,0,0,0,152
building,/content/CompositeTiles/Composite tiles19.TIF,218,73.21739130434783,70,8.558527513229539,124.92173913043479,120,23.38120680713539,0,0,0,115
building,/content/CompositeTiles/Composite tiles19.TIF,219,76.01724137931035,69,17.31801073559801,128.73275862068965,122,25.348045479511658,0,0,0,116
building,/content/CompositeTiles/Composite tiles19.TIF,220,71.70526315789473,70,4.677772038752786,161.53157894736842,156.5,26.53431844614936,0,0,0,190
building,/content/CompositeTiles/Composite tiles19.TIF,221,69.73273273273273,69,4.634772999878208,133.43543543543544,127,28.833677645283785,0,0,0,333
building,/content/CompositeTiles/Composite tiles19.TIF,222,62.31159420289855,59,7.089286389791861,121.7463768115942,112,31.334812236345034,0,0,0,138
building,/content/CompositeTiles/Composite tiles19.TIF,223,68.592,66,5.874822210075808,123.4,115,29.21999315537223,0,0,0,125
building,/content/CompositeTiles/Composite tiles19.TIF,224,69.50819672131148,68,4.566890648002087,124.82786885245902,122,19.983473755257435,0,0,0,122
building,/content/CompositeTiles/Composite tiles19.TIF,225,69.16470588235295,68,3.9133168084000785,124.84705882352941,120.5,22.52998309826939,0,0,0,170
building,/content/CompositeTiles/Composite tiles19.TIF,226,71.12931034482759,69,5.032703688965551,118.75431034482759,113,22.584419760172857,0,0,0,232
building,/content/CompositeTiles/Composite tiles19.TIF,227,73.88549618,70,11.094074631503736,128.3587786259542,125,19.479904972686256,0,0,0,131
building,/content/CompositeTiles/Composite tiles19.TIF,228,69.34108527131782,68,3.8124563772439046,120.44961240310077,113,24.993320422489717,0,0,0,129
building,/content/CompositeTiles/Composite tiles19.TIF,229,70.6300578,70,3.994449689301166,129.95953757225433,121,32.34055747184375,0,0,0,173
building,/content/CompositeTiles/Composite tiles19.TIF,230,72.69230769,71,8.649353059609133,175.88888888888889,174,21.65572811761114,0,0,0,117
building,/content/CompositeTiles/Composite tiles19.TIF,231,69.84931506849315,69,4.347637471738341,141.09246575342465,131,34.29707560842357,0,0,0,292
building,/content/CompositeTiles/Composite tiles19.TIF,232,69.13888888888889,68,2.7325484419593224,160.15277777777777,157,19.93402989461755,0,0,0,144
building,/content/CompositeTiles/Composite tiles19.TIF,233,68.82786885245902,67,5.323459714045238,118.44262295081967,115.5,15.78027882128532,0,0,0,122
building,/content/CompositeTiles/Composite tiles19.TIF,234,69.15879828,68,3.5359129091284562,131.7038626609442,124,24.745621412105752,0,0,0,233
building,/content/CompositeTiles/Composite tiles19.TIF,235,69.8,69,4.4417598729817405,129.0076923076923,120,31.672724532157645,0,0,0,130
not building,/content/CompositeTiles/Composite tiles19.TIF,236,107.93805309734513,103,23.532798872175036,114.69911504424779,105,30.29672868691202,0,0,0,113
building,/content/CompositeTiles/Composite tiles19.TIF,237,71.52857142857142,69,6.682004465,163.52857142857144,157,29.302716319028672,0,0,0,140
building,/content/CompositeTiles/Composite tiles19.TIF,238,68.98198198198199,68,6.056761513854692,133.36036036036037,125,30.67081624671097,0,0,0,111
building,/content/CompositeTiles/Composite tiles19.TIF,239,70.05806451612904,69,3.6917321918691273,173.2774193548387,167,25.32461138354086,0,0,0,155
building,/content/CompositeTiles/Composite tiles19.TIF,240,67.58646616541354,67,3.537400216821388,123.73684210526316,116,29.884211320834655,0,0,0,133
not building,/content/CompositeTiles/Composite tiles19.TIF,241,137.38235294117646,138,9.469501216389236,128.81176470588235,108.5,65.37187632715518,0,0,0,170
building,/content/CompositeTiles/Composite tiles19.TIF,242,67.74045801526718,67,3.7530400629204768,128.45801526717557,120,30.382864682084264,0,0,0,131
building,/content/CompositeTiles/Composite tiles19.TIF,243,70.45890410958904,68,5.361106398190847,144.33561643835617,139,24.441228753402893,0,0,0,146
not building,/content/CompositeTiles/Composite tiles19.TIF,244,156.89208633093526,157,12.773449671507404,170.65107913669064,161,55.508089846470206,0,0,0,556
not building,/content/CompositeTiles/Composite tiles19.TIF,245,125.83673469387755,123,8.465247738238304,123.89795918367346,116,40.29191689735846,0,0,0,147
building,/content/CompositeTiles/Composite tiles19.TIF,246,70.08035714285714,69,3.8152382271087393,180.59821428571428,176,22.616942062086906,0,0,0,112
building,/content/CompositeTiles/Composite tiles19.TIF,247,75.22727272727273,73,7.888609845166397,161.75454545454545,158,23.786239858615108,0,0,0,110
building,/content/CompositeTiles/Composite tiles19.TIF,248,68.33701657458563,68,7.9620793214632215,157.6685082872928,151,30.270977886330044,0,0,0,181
building,/content/CompositeTiles/Composite tiles19.TIF,249,68.80337078651685,68,6.154434766043398,141.46629213483146,132,25.34817079507376,0,0,0,178
building,/content/CompositeTiles/Composite tiles19.TIF,250,70.22463768115942,69,3.9046945285743777,176.8840579710145,175,22.545307832717697,0,0,0,138
building,/content/CompositeTiles/Composite tiles19.TIF,251,74.51492537313433,74,6.272107259290354,140.8507462686567,135,26.99018822900487,0,0,0,134
building,/content/CompositeTiles/Composite tiles19.TIF,252,70.27272727272727,69,3.575987807617356,130.95924764890282,120,33.08299008044478,0,0,0,319
not building,/content/CompositeTiles/Composite tiles19.TIF,253,122.91160220994475,128,15.558583929683694,255,255,0,0,0,0,181
building,/content/CompositeTiles/Composite tiles19.TIF,254,68.14473684210526,66,5.3402738628976625,135.98026315789474,127.5,30.161074250277423,0,0,0,152
building,/content/CompositeTiles/Composite tiles19.TIF,255,75.71,73,9.043555716641547,142.095,128.5,37.18569583858826,0,0,0,200
building,/content/CompositeTiles/Composite tiles19.TIF,256,73.125,71,7.438287773,123.25,114,31.125502003983808,0,0,0,128
building,/content/CompositeTiles/Composite tiles19.TIF,257,61.760736196319016,61,4.360776589570939,179.31288343558282,182,28.331629763570472,0,0,0,163
building,/content/CompositeTiles/Composite tiles19.TIF,258,71.25294117647059,71,3.4777642661137107,123.64117647058823,117.5,24.094557814223855,0,0,0,170
building,/content/CompositeTiles/Composite tiles19.TIF,259,71.98039215686275,70,6.754055270081156,152.23529411764707,144,32.78096544493054,0,0,0,204
not building,/content/CompositeTiles/Composite tiles19.TIF,260,105.22693062827226,101,32.79025703891986,226.0857329842932,255,50.05101957852775,0,0,0,6112
building,/content/CompositeTiles/Composite tiles19.TIF,261,70.55284552845528,69,5.762513075,129.91056910569105,120,34.01673622760652,0,0,0,123
building,/content/CompositeTiles/Composite tiles19.TIF,262,67.90131578947368,67,2.625181368223248,175.95394736842104,176.5,19.526075284020337,0,0,0,152
not building,/content/CompositeTiles/Composite tiles19.TIF,263,159.41284403669724,159,12.773882238639258,161.83792048929664,148,59.52493913100838,0,0,0,327
building,/content/CompositeTiles/Composite tiles19.TIF,264,69.25892857142857,67,5.756588671926726,141.98214285714286,136,28.208718935456673,0,0,0,112
building,/content/CompositeTiles/Composite tiles19.TIF,265,75.96932515337423,76,7.440911047263882,161.59509202453987,159,26.73790949443572,0,0,0,163
not building,/content/CompositeTiles/Composite tiles19.TIF,266,153.07389162561577,154,11.248183569969108,176.87192118226602,167,44.664081178734506,0,0,0,203
building,/content/CompositeTiles/Composite tiles19.TIF,267,71.00985221674877,70,3.1167593182841133,158.54187192118226,154,33.057823208941706,0,0,0,203
building,/content/CompositeTiles/Composite tiles19.TIF,268,69.67164179104478,68,4.619517516001165,167.1865671641791,163,24.969882727788665,0,0,0,134
building,/content/CompositeTiles/Composite tiles19.TIF,269,72.94708994708995,72,4.033897966165397,167.22222222222223,164,27.500136283131926,0,0,0,189
building,/content/CompositeTiles/Composite tiles19.TIF,270,67.66265060240964,67,3.508259131098125,171.00602409638554,160,31.52021668859218,0,0,0,166
building,/content/CompositeTiles/Composite tiles19.TIF,271,69.66826923076923,68,7.925770582,126.21153846153847,120.5,23.802946277284455,0,0,0,208
building,/content/CompositeTiles/Composite tiles19.TIF,272,55.61805555555556,53,6.449587118328861,162.69444444444446,157.5,22.959589432600495,0,0,0,144
building,/content/CompositeTiles/Composite tiles19.TIF,273,68.98290598290598,68,2.978506784678266,188.47863247863248,187,21.631963644600976,0,0,0,117
not building,/content/CompositeTiles/Composite tiles19.TIF,274,142.5202492211838,146,16.96580015842962,136.53271028037383,120,60.76592919738296,0,0,0,321
building,/content/CompositeTiles/Composite tiles19.TIF,275,67.42924528301887,67,3.8177457287344585,158.58018867924528,153.5,31.45974042945886,0,0,0,212
building,/content/CompositeTiles/Composite tiles19.TIF,276,75.01626016260163,71,14.074126488706868,167.35772357723576,160,32.20491556715866,0,0,0,123
building,/content/CompositeTiles/Composite tiles19.TIF,277,70.87239583333333,69,5.930313062,143.77083333333334,130.5,38.29639864668159,0,0,0,384
building,/content/CompositeTiles/Composite tiles19.TIF,278,69.82467532467533,68,4.800071856717445,160.2922077922078,148.5,35.10076873,0,0,0,154
building,/content/CompositeTiles/Composite tiles19.TIF,279,69.32533333333333,65,12.849934820414028,204.71466666666666,224,52.29685699500072,0,0,0,375
building,/content/CompositeTiles/Composite tiles19.TIF,280,73.22727272727273,71,7.4500263463952585,172.51818181818183,163,32.42718607,0,0,0,110
building,/content/CompositeTiles/Composite tiles19.TIF,281,67.72262773722628,67,4.6352031695993885,158.85401459854015,155,29.748959411595884,0,0,0,137
building,/content/CompositeTiles/Composite tiles19.TIF,282,68.56875,67,5.328721557512646,128.00625,123.5,20.918441885989022,0,0,0,160
building,/content/CompositeTiles/Composite tiles19.TIF,283,70.48529411764706,69,3.6400252385147307,177.7941176470588,175,26.707048432692055,0,0,0,136
building,/content/CompositeTiles/Composite tiles19.TIF,284,74.31081081,72,8.716132411,130.85135135135135,118.5,34.07510878507052,0,0,0,148
building,/content/CompositeTiles/Composite tiles19.TIF,285,70.01574803149606,69,4.816285124,168.26771653543307,164,30.898219712468265,0,0,0,127
building,/content/CompositeTiles/Composite tiles19.TIF,286,69.24293785310735,68,2.729369116810473,168.6949152542373,166,21.344037580716904,0,0,0,177
building,/content/CompositeTiles/Composite tiles19.TIF,287,69.77931034482759,70,2.988412023287195,182.94482758620688,180,24.133759245403546,0,0,0,145
building,/content/CompositeTiles/Composite tiles19.TIF,288,74.4,70,12.381292753844821,201.37435897435898,198,29.452410270518307,0,0,0,195
building,/content/CompositeTiles/Composite tiles19.TIF,289,71.69172932330827,70,5.189898301302439,167.27067669172934,163,26.256435750860792,0,0,0,133
building,/content/CompositeTiles/Composite tiles19.TIF,290,71.08474576271186,69,5.9097395497206895,187.85593220338984,185.5,22.517140523417616,0,0,0,118
building,/content/CompositeTiles/Composite tiles19.TIF,291,69.74242424242425,69,2.9660227734705003,147.53030303030303,144,31.498782899512115,0,0,0,132
building,/content/CompositeTiles/Composite tiles19.TIF,292,74.9154334,73,8.005365185088188,154.29175475687103,147,49.336008442679415,0,0,0,473
building,/content/CompositeTiles/Composite tiles19.TIF,293,76.19889503,73,10.039380959489199,109.55801104972376,102,26.314989624109774,0,0,0,181
building,/content/CompositeTiles/Composite tiles19.TIF,294,76.95901639344262,73.5,10.95325203672677,138.68032786885246,121.5,43.890561813286745,0,0,0,122
building,/content/CompositeTiles/Composite tiles19.TIF,295,68.5,67.5,4.874347059787522,183.89814814814815,170,46.32182907034756,0,0,0,216
not building,/content/CompositeTiles/Composite tiles19.TIF,296,130.0943396226415,129,14.482603944620315,170.13836477987422,158,35.363783838680895,0,0,0,159
building,/content/CompositeTiles/Composite tiles19.TIF,297,70.26890756302521,68,7.418688052481169,175.52941176470588,170,29.162345794860556,0,0,0,238
building,/content/CompositeTiles/Composite tiles19.TIF,298,69.65100671,69,3.582069767,176.5503355704698,169,32.628771476647906,0,0,0,149
building,/content/CompositeTiles/Composite tiles19.TIF,299,71.05,70,3.7789989856221626,181.20833333333334,178.5,23.186524762360477,0,0,0,120
not building,/content/CompositeTiles/Composite tiles19.TIF,300,98.82124079915879,88,29.380380209545848,223.55520504731862,255,51.751010004875525,0,0,0,951
building,/content/CompositeTiles/Composite tiles19.TIF,301,72.54716981132076,69,13.025711445318398,138.9559748427673,125,35.19243520627402,0,0,0,159
building,/content/CompositeTiles/Composite tiles19.TIF,302,70.71951219512195,69,7.527631037075283,164.6829268292683,160.5,30.94344883137644,0,0,0,164
not building,/content/CompositeTiles/Composite tiles19.TIF,303,117.2291933418694,130,32.883567819078195,232.5044814340589,255,36.84565228887671,0,0,0,781
building,/content/CompositeTiles/Composite tiles19.TIF,304,70.01648351648352,68,4.911832847,149.6868131868132,133.5,44.034773244328015,0,0,0,182
building,/content/CompositeTiles/Composite tiles19.TIF,305,73.17766497461929,72,5.534745683053817,141.26903553299493,125,38.48321811822367,0,0,0,197
building,/content/CompositeTiles/Composite tiles19.TIF,306,72.55897435897435,71,5.4084794748720055,147.69230769230768,123,52.24191943216298,0,0,0,195
building,/content/CompositeTiles/Composite tiles19.TIF,307,73.16402116402116,71,9.728025119166212,174.16931216931218,169,27.747213217291403,0,0,0,189
building,/content/CompositeTiles/Composite tiles19.TIF,308,70.39024390243902,69,4.581039301154595,128.8211382113821,121,29.573673339678923,0,0,0,123
not building,/content/CompositeTiles/Composite tiles19.TIF,309,111.59712230215827,113,18.340786573931606,197.97122302158274,185,46.06500606096025,0,0,0,139
building,/content/CompositeTiles/Composite tiles19.TIF,310,71.63247863247864,68,9.625108094052399,138.11111111111111,123,38.63101313308401,0,0,0,117
not building,/content/CompositeTiles/Composite tiles19.TIF,311,99.95724907063197,76,35.147855956032274,224.59293680297398,255,47.5464526,0,0,0,538
not building,/content/CompositeTiles/Composite tiles19.TIF,312,142.54263565891472,148,23.63875669022175,79.24031007751938,76,24.019622209074036,0,0,0,129
building,/content/CompositeTiles/Composite tiles19.TIF,313,70.72602739726027,69,5.065579811857633,170.87214611872147,167,29.606739027640234,0,0,0,219
building,/content/CompositeTiles/Composite tiles19.TIF,314,71.92307692307692,69,5.494214277996844,130.7596153846154,118,34.20174736660386,0,0,0,104
building,/content/CompositeTiles/Composite tiles19.TIF,315,77.74193548387096,73,13.712644840145416,174.50967741935483,160,40.178692433955504,0,0,0,155
not building,/content/CompositeTiles/Composite tiles19.TIF,316,123.44221105527639,133,21.746955592066097,212.42713567839195,233,48.90513293585913,0,0,0,199
building,/content/CompositeTiles/Composite tiles19.TIF,317,72.03389830508475,70,6.421977013196149,173.77966101694915,171,20.157908652462506,0,0,0,177
building,/content/CompositeTiles/Composite tiles19.TIF,318,67.08212560386474,66,8.326549083,174.54106280193236,165,31.09882960394468,0,0,0,207
building,/content/CompositeTiles/Composite tiles19.TIF,319,91.20863309352518,72,33.23763897893706,147.12230215827338,127,45.68179909767988,0,0,0,278
not building,/content/CompositeTiles/Composite tiles19.TIF,320,130.09649122807016,131,13.58790051185607,134.46491228070175,116.5,60.67025917036553,0,0,0,114
not building,/content/CompositeTiles/Composite tiles19.TIF,321,99.81658291457286,77,33.419881339189956,222.16331658291458,231,34.678870821619746,0,0,0,398
not building,/content/CompositeTiles/Composite tiles19.TIF,322,117.07909604519774,124,18.29866665751231,254.72316384180792,255,2.2239515758158817,0,0,0,177
not building,/content/CompositeTiles/Composite tiles19.TIF,323,97.73371104815864,97,29.68803656564889,234.56373937677054,255,35.05454333054959,0,0,0,706
not building,/content/CompositeTiles/Composite tiles19.TIF,324,92.19188191881919,76,28.993956752963175,217.02214022140222,255,41.894035505279355,0,0,0,542
not building,/content/CompositeTiles/Composite tiles19.TIF,325,157.41869918699186,158,12.982457517201214,160.0569105691057,146,57.96786337231477,0,0,0,246
not building,/content/CompositeTiles/Composite tiles19.TIF,326,112.32563256325632,124,33.863662660767865,228.45654565456545,255,39.26090458422434,0,0,0,909
not building,/content/CompositeTiles/Composite tiles19.TIF,327,104.66666666666667,107,15.892803295240162,112.66666666666667,102,33.10459983015246,0,0,0,39
not building,/content/CompositeTiles/Composite tiles19.TIF,328,126.80645161290323,125,6.52251364,177.88172043010752,169,45.00892371790756,0,0,0,93
not building,/content/CompositeTiles/Composite tiles19.TIF,329,81.07575757575758,79,9.420015129082309,255,255,0,0,0,0,66
not building,/content/CompositeTiles/Composite tiles19.TIF,330,131.9404761904762,137,12.826081306385227,254.83333333333334,255,0.7373267889143819,0,0,0,84
not building,/content/CompositeTiles/Composite tiles19.TIF,331,126.8529411764706,125,6.522054678690904,209.10294117647058,211,41.63854963,0,0,0,68
not building,/content/CompositeTiles/Composite tiles19.TIF,332,133.75342465753425,137,14.46088803608785,180.41095890410958,168,33.29315023402202,0,0,0,73
not building,/content/CompositeTiles/Composite tiles19.TIF,333,62.34426229508197,60,6.373318475505337,182.59016393442624,182,16.89541314141288,0,0,0,61
not building,/content/CompositeTiles/Composite tiles19.TIF,334,129.22046143090188,131,11.483398121353668,254.88510836634816,255,2.7969570318036143,0,0,0,4291
not building,/content/CompositeTiles/Composite tiles19.TIF,335,142.33695652173913,145,15.202457734590899,104.30434782608695,96,30.489748501834253,0,0,0,92
building,/content/CompositeTiles/Composite tiles19.TIF,336,72.30136986,66,13.119769597361795,146.15068493150685,146,15.305716751733435,0,0,0,73
building,/content/CompositeTiles/Composite tiles19.TIF,337,78.77142857142857,71.5,15.681810599336718,155.75714285714287,154,20.622065653972076,0,0,0,70
building,/content/CompositeTiles/Composite tiles19.TIF,338,70.92,71,3.3496666500812684,174.45333333333335,172,19.271597984829615,0,0,0,75
not building,/content/CompositeTiles/Composite tiles19.TIF,339,88.97674418604652,87,18.451051992562203,209.30232558139534,201,21.84888362186736,0,0,0,43
building,/content/CompositeTiles/Composite tiles19.TIF,340,67.5,66,7.323565756147437,171.34615384615384,164,18.997858801803282,0,0,0,26
building,/content/CompositeTiles/Composite tiles19.TIF,341,63.375,61,6.183395103015818,147.96428571428572,144,24.465693390158073,0,0,0,56
building,/content/CompositeTiles/Composite tiles19.TIF,342,81.87719298245614,80,10.941743944257933,179.80701754385964,172,30.390117620695257,0,0,0,57
not building,/content/CompositeTiles/Composite tiles19.TIF,343,107.5,95,36.52396473549935,137.09722222222223,123,54.50513730176221,0,0,0,72
building,/content/CompositeTiles/Composite tiles19.TIF,344,69.68918919,68,7.113606443983469,119.8108108108108,115,23.582790149481415,0,0,0,740
not building,/content/CompositeTiles/Composite tiles19.TIF,345,131.48616600790513,136,23.686122884852114,210.59683794466403,255,53.69842879287569,0,0,0,253
building,/content/CompositeTiles/Composite tiles19.TIF,346,69.38679245283019,68,4.606334348127098,124.35377358490567,121,18.932908728715415,0,0,0,212
building,/content/CompositeTiles/Composite tiles19.TIF,347,73.09411764705882,72,3.6092154252910937,132.18823529411765,132,14.722926593379745,0,0,0,85
building,/content/CompositeTiles/Composite tiles19.TIF,348,66.65217391304348,65,6.3011986137364575,168.47826086956522,163,15.378894530343375,0,0,0,23
not building,/content/CompositeTiles/Composite tiles19.TIF,349,107.99580958766343,115,32.89765337517215,233.76902447200806,255,36.17998392,0,0,0,5966
not building,/content/CompositeTiles/Composite tiles19.TIF,350,149.98979591836735,152,10.924130655141195,159.3877551020408,149,41.37919043532488,0,0,0,98
not building,/content/CompositeTiles/Composite tiles19.TIF,351,150.5875,151,17.75506529838739,156.7375,143.5,46.32999669490599,0,0,0,80
not building,/content/CompositeTiles/Composite tiles19.TIF,352,124.52,127,11.363520581228338,163.24,169,36.88824202913443,0,0,0,25
not building,/content/CompositeTiles/Composite tiles19.TIF,353,109.06283987915408,119,32.61469155963693,234.25921450151057,255,36.08194598367852,0,0,0,1655
building,/content/CompositeTiles/Composite tiles19.TIF,354,70.40888889,68,7.1902348044559625,112.70666666666666,109,16.190071031345106,0,0,0,225
building,/content/CompositeTiles/Composite tiles19.TIF,355,71.35106382978724,68,9.221514444791605,124.19148936170212,119,22.000617300693836,0,0,0,94
building,/content/CompositeTiles/Composite tiles19.TIF,356,72.75824175824175,72,4.487689288525238,141.7032967032967,134,31.40220980027582,0,0,0,91
building,/content/CompositeTiles/Composite tiles19.TIF,357,74.72,69,15.701006337174695,121.58666666666667,111,34.07916013571279,0,0,0,75
building,/content/CompositeTiles/Composite tiles19.TIF,358,72.01315789473684,70,5.545252642558866,122.84210526315789,116,25.286283275397683,0,0,0,76
not building,/content/CompositeTiles/Composite tiles19.TIF,359,94.43663935854977,81,27.200176672540227,209.1779676,255,60.69570127475043,0,0,0,5737
not building,/content/CompositeTiles/Composite tiles19.TIF,360,72.46666666666667,70,6.530611678,164.37777777777777,159,24.625451051831977,0,0,0,45
not building,/content/CompositeTiles/Composite tiles19.TIF,361,59.51851851851852,58,3.8139157516610376,202.53703703703704,201.5,14.54713025404866,0,0,0,54
not building,/content/CompositeTiles/Composite tiles19.TIF,362,120.625,118.5,12.00065102400699,140.890625,134,31.57932333203761,0,0,0,64
not building,/content/CompositeTiles/Composite tiles19.TIF,363,107.49855645038748,102,36.898904249658266,225.13751709466646,255,47.094696422144565,0,0,0,6581
not building,/content/CompositeTiles/Composite tiles19.TIF,364,127.03174603174604,128,14.114012235924184,185.31746031746033,180,52.72986726217429,0,0,0,63
building,/content/CompositeTiles/Composite tiles19.TIF,365,71.71875,67.5,15.186824830671485,170.75,167,18.828170383762732,0,0,0,32
not building,/content/CompositeTiles/Composite tiles19.TIF,366,108,118,25.062144982245854,137.24444444444444,123.5,57.208645638596174,0,0,0,90
building,/content/CompositeTiles/Composite tiles19.TIF,367,73.43548387096774,71,9.361246415050095,130.2741935483871,126.5,18.36649241702058,0,0,0,62
not building,/content/CompositeTiles/Composite tiles19.TIF,368,95.22235208181154,86,28.504644656659163,229.06208911614317,255,38.40228150203862,0,0,0,6845
building,/content/CompositeTiles/Composite tiles19.TIF,369,67.32978723404256,66,3.2003600125688663,145.74468085106383,141.5,21.26726391099349,0,0,0,94
not building,/content/CompositeTiles/Composite tiles19.TIF,370,149.21333333333334,145,10.698652043858402,175.32,172,13.91896547879906,0,0,0,75
building,/content/CompositeTiles/Composite tiles19.TIF,371,64.25,63,6.832825184358224,192.61363636363637,184.5,24.761788660877276,0,0,0,44
not building,/content/CompositeTiles/Composite tiles19.TIF,372,134.83783783783784,132,18.749433884806507,154.0810810810811,150,24.806688699555792,0,0,0,37
building,/content/CompositeTiles/Composite tiles19.TIF,373,84.26732673267327,72,20.282969049123484,191.27970297029702,178.5,53.45228726418692,0,0,0,404
not building,/content/CompositeTiles/Composite tiles19.TIF,374,57.333333333333336,57,3.7241483651637237,208.09803921568627,202,19.054364846006717,0,0,0,51
building,/content/CompositeTiles/Composite tiles20.TIF,0,70.26135040745052,69,3.1054098339728404,106.66181606519208,106,7.512446603990568,0,0,0,1718
not building,/content/CompositeTiles/Composite tiles20.TIF,1,69.45328719723183,69,5.687240432,151.92041522491348,149,21.005121269604032,0,0,0,289
building,/content/CompositeTiles/Composite tiles20.TIF,2,62.45621181262729,62,5.731218072863737,117.0122199592668,120,13.841253510349725,0,0,0,491
building,/content/CompositeTiles/Composite tiles20.TIF,3,69.52755906,67,7.168200525,125.28346456692914,120,23.300467244747427,0,0,0,127
building,/content/CompositeTiles/Composite tiles20.TIF,4,73.06216216216217,75,4.604806616319889,129.7891891891892,126.5,20.511931712684426,0,0,0,370
building,/content/CompositeTiles/Composite tiles20.TIF,5,76.53699788583509,77,4.985306642447828,92.09513742071881,91,5.526931720327096,0,0,0,473
building,/content/CompositeTiles/Composite tiles20.TIF,6,59.01498127340824,58,3.915751383167782,112.10861423220973,107,15.534647778441805,0,0,0,267
building,/content/CompositeTiles/Composite tiles20.TIF,7,65.55357142857143,65,4.962069135153279,152.66964285714286,151.5,26.33553696,0,0,0,112
building,/content/CompositeTiles/Composite tiles20.TIF,8,69.09482758620689,68,6.3354210162413125,132,133,20.418678061840914,0,0,0,232
building,/content/CompositeTiles/Composite tiles20.TIF,9,66.45374449339207,66,4.845754905514712,123.26431718061674,121,9.576987140199021,0,0,0,227
not building,/content/CompositeTiles/Composite tiles20.TIF,10,62.88852459016393,65,6.779721411188645,183.47868852459015,186.5,63.19556198039334,0,0,0,610
building,/content/CompositeTiles/Composite tiles20.TIF,11,72.725,71,5.6070825747441955,137.2,124,33.15222466140093,0,0,0,200
building,/content/CompositeTiles/Composite tiles20.TIF,12,71.88235294117646,71,3.4479153054945972,167.27450980392157,164.5,23.136490515788232,0,0,0,102
not building,/content/CompositeTiles/Composite tiles20.TIF,13,134.90384615384616,142,21.24846264307797,119.67948717948718,104,43.319621180525054,0,0,0,156
building,/content/CompositeTiles/Composite tiles20.TIF,14,68.19239904988123,68,4.943244551012572,137.98812351543944,138,9.087191870911399,0,0,0,421
building,/content/CompositeTiles/Composite tiles20.TIF,15,71.05581395348837,70,5.263887604192623,130.9581395348837,121,29.428559396725092,0,0,0,215
not building,/content/CompositeTiles/Composite tiles20.TIF,16,83.83495145631068,83,8.249856824151722,177.8252427184466,173,21.695790466590836,0,0,0,103
building,/content/CompositeTiles/Composite tiles20.TIF,17,75.69182389937107,73,9.934344015233906,166.32704402515722,163,22.108507954328697,0,0,0,159
building,/content/CompositeTiles/Composite tiles20.TIF,18,76.43225806451613,72,12.608762623713108,163.8258064516129,160,20.15044973070417,0,0,0,155
building,/content/CompositeTiles/Composite tiles20.TIF,19,71.97794118,72,4.868063559575738,147.9264705882353,142,26.86448353828055,0,0,0,136
building,/content/CompositeTiles/Composite tiles20.TIF,20,69.93889845094664,69,3.0704103609889852,105.62650602409639,105,7.110143030874906,0,0,0,1162
not building,/content/CompositeTiles/Composite tiles20.TIF,21,110.12209302325581,116,24.73786242745559,229.77906976744185,255,45.24427271034595,0,0,0,344
not building,/content/CompositeTiles/Composite tiles20.TIF,22,134.46696035242292,146,29.017122561924683,126.03083700440529,111,49.36713063,0,0,0,227
building,/content/CompositeTiles/Composite tiles20.TIF,23,105.71753246753246,89,34.6427231,141.46103896103895,148,45.974178681234385,0,0,0,308
building,/content/CompositeTiles/Composite tiles20.TIF,24,71.125,70,5.163041162688812,171.1547619047619,166.5,27.22656005745783,0,0,0,168
not building,/content/CompositeTiles/Composite tiles20.TIF,25,158.1008264,158,6.945460445830056,181.8413223140496,174,39.72239967912329,0,0,0,605
building,/content/CompositeTiles/Composite tiles20.TIF,26,76.64205817,78,4.104815011482973,254.17673378076063,255,7.141277752950606,0,0,0,894
building,/content/CompositeTiles/Composite tiles20.TIF,27,69.0625,69,3.0480709649125393,179.66071428571428,179,25.476022891082092,0,0,0,112
building,/content/CompositeTiles/Composite tiles20.TIF,28,71.06878306878306,70,3.166824685647305,109.0758377425044,108,9.537241491553264,0,0,0,567
building,/content/CompositeTiles/Composite tiles20.TIF,29,73.24,72,4.214546238920627,186.25,186,23.49994680845044,0,0,0,100
not building,/content/CompositeTiles/Composite tiles20.TIF,30,142.80666666666667,145,12.33515121737693,168.39333333333335,157.5,35.723922268169574,0,0,0,150
building,/content/CompositeTiles/Composite tiles20.TIF,31,75.0754717,73,9.399616725634171,179.97169811320754,179,23.76554408793657,0,0,0,106
not building,/content/CompositeTiles/Composite tiles20.TIF,32,135.85593220338984,141.5,23.951672891480634,162.09322033898306,148.5,36.045636631052744,0,0,0,118
not building,/content/CompositeTiles/Composite tiles20.TIF,33,69.40205091937766,69,4.690184614722484,254.99681753889675,255,0.1692099934123423,0,0,0,2828
not building,/content/CompositeTiles/Composite tiles20.TIF,34,68.70307167235495,69,2.961163429860686,159.26621160409556,144,65.15681361186094,0,0,0,293
building,/content/CompositeTiles/Composite tiles20.TIF,35,72.44796380090497,72,5.7664388595442135,253.4389140271493,255,8.158893029832337,0,0,0,442
building,/content/CompositeTiles/Composite tiles20.TIF,36,67.01612903225806,67,3.1108132713419376,167.0483870967742,162.5,29.036366196800042,0,0,0,124
building,/content/CompositeTiles/Composite tiles20.TIF,37,73.76436781609195,70,11.027483711805544,160.20689655172413,158,20.85259593036981,0,0,0,174
not building,/content/CompositeTiles/Composite tiles20.TIF,38,156.78537735849056,157,6.507519116090233,211.68396226415095,210,27.74035830049939,0,0,0,424
building,/content/CompositeTiles/Composite tiles20.TIF,39,71.52336449,72,4.584300300043807,147.57943925233644,143,27.774134872392718,0,0,0,107
building,/content/CompositeTiles/Composite tiles20.TIF,40,71.43089431,70,3.658337844647124,168.9918699186992,166,27.09678406,0,0,0,123
building,/content/CompositeTiles/Composite tiles20.TIF,41,71.65048544,70,4.198263020072736,172.5242718446602,171,24.340961784331668,0,0,0,103
building,/content/CompositeTiles/Composite tiles20.TIF,42,72.97530864,72,4.583856020410245,173.69135802469137,172.5,23.076171224938562,0,0,0,162
not building,/content/CompositeTiles/Composite tiles20.TIF,43,68.80909090909091,69,5.504536070857553,116.55454545454545,101,44.22393148174955,0,0,0,110
not building,/content/CompositeTiles/Composite tiles20.TIF,44,144.41333333333333,146,11.878002076668169,181.19555555555556,174,39.42133632976807,0,0,0,225
not building,/content/CompositeTiles/Composite tiles20.TIF,45,69.05309734513274,69,1.4624546462348282,175.38938053097345,174,46.781062961722526,0,0,0,113
not building,/content/CompositeTiles/Composite tiles20.TIF,46,118.73333333333333,131,35.224830148686756,191.4390804597701,199,61.277907283078186,0,0,0,435
not building,/content/CompositeTiles/Composite tiles20.TIF,47,109.36029411764706,110.5,31.712906259800704,248.9191176470588,255,16.166211653366826,0,0,0,272
building,/content/CompositeTiles/Composite tiles20.TIF,48,72.09114583333333,73,2.899268000214187,104.80208333333333,102,20.515552937378725,0,0,0,384
building,/content/CompositeTiles/Composite tiles20.TIF,49,74.34789915966387,73,7.190795339,107.58487394957983,105,16.476235183574172,0,0,0,1190
building,/content/CompositeTiles/Composite tiles20.TIF,50,72.26940639269407,73,2.915166624960456,95.50228310502283,91,15.863969235395873,0,0,0,219
building,/content/CompositeTiles/Composite tiles20.TIF,51,74.27007299270073,74,5.475231088193869,134.7007299270073,130,20.485481760770387,0,0,0,137
building,/content/CompositeTiles/Composite tiles20.TIF,52,63.48780487804878,63,3.4224648885192286,152.6747967479675,148,22.86350304087613,0,0,0,123
building,/content/CompositeTiles/Composite tiles20.TIF,53,73.20496894409938,73,4.818594950519516,138.08074534161491,136,22.49498913292533,0,0,0,161
building,/content/CompositeTiles/Composite tiles20.TIF,54,73.85,74,5.6592844070606665,124.73333333333333,121,19.94397709139835,0,0,0,180
building,/content/CompositeTiles/Composite tiles20.TIF,55,75.49358974358974,74,6.652064259206518,137.81410256410257,133,24.113461632186212,0,0,0,156
building,/content/CompositeTiles/Composite tiles20.TIF,56,71.95620437956204,70,5.523498062708082,134.79562043795622,129,22.683522006083145,0,0,0,137
not building,/content/CompositeTiles/Composite tiles20.TIF,57,91.98843930635839,73,29.897510565708696,129.42196531791907,122,29.921496181003043,0,0,0,173
not building,/content/CompositeTiles/Composite tiles20.TIF,58,111.46333333333334,118,28.014198582544214,231.14666666666668,250,28.113552287504014,0,0,0,300
building,/content/CompositeTiles/Composite tiles20.TIF,59,66.92307692307692,66,4.208566449301402,154.75641025641025,150,28.52649955492841,0,0,0,156
not building,/content/CompositeTiles/Composite tiles20.TIF,60,144.3515625,156,27.701418579354268,153.296875,136,62.12844047000033,0,0,0,128
building,/content/CompositeTiles/Composite tiles20.TIF,61,69.69827586206897,69,3.040587022458246,150.36206896551724,146.5,26.687978874561423,0,0,0,116
building,/content/CompositeTiles/Composite tiles20.TIF,62,71.82038834951456,67,15.372455882167449,162.46601941747574,159,19.70674102,0,0,0,206
building,/content/CompositeTiles/Composite tiles20.TIF,63,68.22772277227723,67,5.948427178956031,166.22772277227722,162,29.932227470552327,0,0,0,101
building,/content/CompositeTiles/Composite tiles20.TIF,64,71.64705882,73,5.154076848108074,133.96638655462183,127,28.892129943244026,0,0,0,119
building,/content/CompositeTiles/Composite tiles20.TIF,65,72.82926829268293,70,5.551982458608993,155.58536585365854,153,23.23087615609821,0,0,0,123
building,/content/CompositeTiles/Composite tiles20.TIF,66,73.25675675675676,73,4.606284810087576,156.11486486486487,151,29.497714902025848,0,0,0,148
building,/content/CompositeTiles/Composite tiles20.TIF,67,73.26950354609929,72,5.646664028180758,140.39716312056737,134,24.90944719033326,0,0,0,141
building,/content/CompositeTiles/Composite tiles20.TIF,68,74.43795620437956,75,5.8320300003591585,138.76642335766422,134,21.36791467875559,0,0,0,137
not building,/content/CompositeTiles/Composite tiles20.TIF,69,107.82445759368836,115,31.773670869723016,242.3044049967127,255,29.851683121697498,0,0,0,1521
building,/content/CompositeTiles/Composite tiles20.TIF,70,63.91304347826087,64,4.078448591211261,166.32065217391303,162,22.16245374719163,0,0,0,184
building,/content/CompositeTiles/Composite tiles20.TIF,71,69.31730769,69,3.7551616350465453,154.31730769230768,150.5,23.882430145915976,0,0,0,104
building,/content/CompositeTiles/Composite tiles20.TIF,72,68.83108108108108,68,3.0455739119064766,180,175.5,28.97459278449012,0,0,0,148
building,/content/CompositeTiles/Composite tiles20.TIF,73,70.15606936416185,69,4.070751537015428,181.90751445086704,180,22.686926824392508,0,0,0,173
not building,/content/CompositeTiles/Composite tiles20.TIF,74,139.2251655629139,144,23.86251242314552,125.01986754966887,121,43.57021739320411,0,0,0,151
building,/content/CompositeTiles/Composite tiles20.TIF,75,79.64492753623189,80,7.492799175708811,171.2318841,165,26.721941767256443,0,0,0,138
building,/content/CompositeTiles/Composite tiles20.TIF,76,68.37696335078535,68,5.120975569045565,134.36649214659687,128,26.437157092424282,0,0,0,191
building,/content/CompositeTiles/Composite tiles20.TIF,77,70.05685618729098,69,5.243895461846032,160.82608695652175,149,37.48118620682514,0,0,0,299
not building,/content/CompositeTiles/Composite tiles20.TIF,78,135.5109489051095,142,22.191310454399055,106.41605839416059,97,39.82839876228258,0,0,0,137
building,/content/CompositeTiles/Composite tiles20.TIF,79,70.2406015,69,5.529348051,179.45112781954887,176,27.627616717605964,0,0,0,133
not building,/content/CompositeTiles/Composite tiles20.TIF,80,121.97297297297297,132,23.252418050935816,116.53153153153153,110,18.513603384188176,0,0,0,111
not building,/content/CompositeTiles/Composite tiles20.TIF,81,135.02808988764045,136,17.14067039951265,125.41292134831461,111,45.783206177267864,0,0,0,356
building,/content/CompositeTiles/Composite tiles20.TIF,82,70.44311377245509,70,3.9161951325741096,150.37724550898204,129,43.30806189092406,0,0,0,167
building,/content/CompositeTiles/Composite tiles20.TIF,83,71.59130434782608,71,8.824763233354405,180.2,177,30.63024932828728,0,0,0,115
building,/content/CompositeTiles/Composite tiles20.TIF,84,62.4537037,62,4.234742239869439,164.9351851851852,160,22.223724872035486,0,0,0,108
building,/content/CompositeTiles/Composite tiles20.TIF,85,72.67521367521367,72,5.883235722047903,159.87179487179486,153,32.68224078288392,0,0,0,117
building,/content/CompositeTiles/Composite tiles20.TIF,86,75.42477876106194,75,5.402073200407206,167.91150442477877,164,24.194476632211277,0,0,0,113
building,/content/CompositeTiles/Composite tiles20.TIF,87,68.06722689,67,4.780441758070283,193.64705882352942,194,27.90066058532271,0,0,0,119
building,/content/CompositeTiles/Composite tiles20.TIF,88,71.80916030534351,70,3.842539125175002,176.67175572519085,171,30.604705208299176,0,0,0,131
not building,/content/CompositeTiles/Composite tiles20.TIF,89,147.52857142857144,146,9.963344382912648,146.54761904761904,145.5,38.50479400019863,0,0,0,210
building,/content/CompositeTiles/Composite tiles20.TIF,90,79.68899521531101,70,21.52697036411286,168.95215311004785,154,45.67523810279364,0,0,0,209
not building,/content/CompositeTiles/Composite tiles20.TIF,91,125.90785907859079,122,16.906315044100683,253.89972899728997,255,5.096704385238972,0,0,0,369
building,/content/CompositeTiles/Composite tiles20.TIF,92,72.85223367697594,71,5.534846204014715,177.1237113402062,169,35.40989952208419,0,0,0,291
not building,/content/CompositeTiles/Composite tiles20.TIF,93,143.39716312056737,144,15.714674940977252,122.04373522458629,116,42.859402087259824,0,0,0,846
not building,/content/CompositeTiles/Composite tiles20.TIF,94,95.14624505928853,76,32.987636259354375,220.6106719367589,255,41.503138182493394,0,0,0,506
building,/content/CompositeTiles/Composite tiles20.TIF,95,73.41611200367225,74,3.779879476134992,98.65641496442507,98,7.258603170804953,0,0,0,4357
building,/content/CompositeTiles/Composite tiles20.TIF,96,61.049913941480206,60,4.5252309486802345,133.37177280550773,125,28.405767064753295,0,0,0,581
not building,/content/CompositeTiles/Composite tiles20.TIF,97,148.3089430894309,149,8.266034018508222,134.17073170731706,124,34.375191308753244,0,0,0,123
not building,/content/CompositeTiles/Composite tiles20.TIF,98,167.22442244224422,168,10.617679271633323,172.66666666666666,163,48.967805593047146,0,0,0,303
building,/content/CompositeTiles/Composite tiles20.TIF,99,63.82089552238806,63,4.481055889475918,131.30223880597015,125,17.95459848974759,0,0,0,268
not building,/content/CompositeTiles/Composite tiles20.TIF,100,157.3650472334683,162,17.86528365155548,154.3340081,142,56.908784569064025,0,0,0,1482
building,/content/CompositeTiles/Composite tiles20.TIF,101,64.34366925064599,64,4.935054170241162,130.89147286821705,125,28.511181081601453,0,0,0,387
building,/content/CompositeTiles/Composite tiles20.TIF,102,71.25899281,72,4.215999210776964,146.6043165467626,144,13.851534836928616,0,0,0,139
building,/content/CompositeTiles/Composite tiles20.TIF,103,73.42657679,74,3.278741506235191,103.26865671641791,104,4.706610843,0,0,0,2077
building,/content/CompositeTiles/Composite tiles20.TIF,104,64.08662900188324,60,12.75260876275742,118.24858757062147,113,25.477998574771163,0,0,0,531
building,/content/CompositeTiles/Composite tiles20.TIF,105,77.74149034038638,80,5.407102792843149,87.60901563937442,86,6.9612431906036045,0,0,0,1087
building,/content/CompositeTiles/Composite tiles20.TIF,106,69.31292517006803,66,12.145267391655429,180.70068027210885,186,31.540367173544315,0,0,0,147
not building,/content/CompositeTiles/Composite tiles20.TIF,107,103.91596638655462,110,28.57411999187017,73.52100840336135,63,26.852491156986982,0,0,0,119
building,/content/CompositeTiles/Composite tiles20.TIF,108,61.967871485943775,60,4.871745838774913,127.08032128514056,118,27.98510745475539,0,0,0,249
building,/content/CompositeTiles/Composite tiles20.TIF,109,73.73545454545454,74,3.763100422974177,93.925,94,4.279157999165044,0,0,0,2200
building,/content/CompositeTiles/Composite tiles20.TIF,110,64.85123966942149,64,4.627730209613758,172.43801652892563,171,19.951135580258974,0,0,0,121
not building,/content/CompositeTiles/Composite tiles20.TIF,111,97.79918032786885,86,31.3123581,167.1721311,157,49.81057439628375,0,0,0,244
not building,/content/CompositeTiles/Composite tiles20.TIF,112,81.05769231,83,5.9282465784639085,131.76923076923077,130,12.57533511499546,0,0,0,156
not building,/content/CompositeTiles/Composite tiles20.TIF,113,113.30218687872764,122,42.27169374380897,196.20510271703114,213,61.216857633511296,0,0,0,3018
building,/content/CompositeTiles/Composite tiles20.TIF,114,66.70048309178743,67,6.677502046652434,130.4830917874396,132,10.536385271782718,0,0,0,828
not building,/content/CompositeTiles/Composite tiles20.TIF,115,161.6892523364486,164,14.425742061344314,195.7967289719626,199.5,55.10583096300069,0,0,0,428
building,/content/CompositeTiles/Composite tiles20.TIF,116,69.52822580645162,70,6.682850711068652,153.44354838709677,151,17.959094389192256,0,0,0,248
not building,/content/CompositeTiles/Composite tiles20.TIF,117,114.29918032786885,109.5,20.449574110365983,252.53032786885245,255,11.557691281625171,0,0,0,1220
building,/content/CompositeTiles/Composite tiles20.TIF,118,72.96028880866426,74,4.000254133125287,86.03971119133574,84,9.372854878896263,0,0,0,277
not building,/content/CompositeTiles/Composite tiles20.TIF,119,126.9026994956986,150,43.28589115422373,185.74013645802432,191,63.14687046827327,0,0,0,3371
not building,/content/CompositeTiles/Composite tiles20.TIF,120,134.42802056555269,143,29.159288385807226,198.70115681233932,245,64.05584825228594,0,0,0,1556
not building,/content/CompositeTiles/Composite tiles20.TIF,121,76.39830508474576,78,10.998566802248984,171.40042372881356,186.5,33.96768528893676,0,0,0,472
not building,/content/CompositeTiles/Composite tiles20.TIF,122,149.510101,151,9.420448369,210.5050505050505,212,42.68711009698118,0,0,0,198
not building,/content/CompositeTiles/Composite tiles20.TIF,123,106.28104575163398,111.5,30.861054314721773,72.04901960784314,65,22.95849229195761,0,0,0,306
not building,/content/CompositeTiles/Composite tiles20.TIF,124,149.47976878612718,150,10.40097238416368,132.09248554913296,116,44.81319738978724,0,0,0,173
not building,/content/CompositeTiles/Composite tiles20.TIF,125,85.77289680895151,67,30.673862594015006,244.36179030252796,255,28.171144979857075,0,0,0,2413
not building,/content/CompositeTiles/Composite tiles20.TIF,126,150.6078431372549,149,9.855979435959714,170.26470588235293,157.5,45.020240866288056,0,0,0,102
building,/content/CompositeTiles/Composite tiles20.TIF,127,78.80666666666667,80,5.404561859104667,83.64,83,3.6887757680112068,0,0,0,600
not building,/content/CompositeTiles/Composite tiles20.TIF,128,116.19603524229075,119,11.925941891841019,255,255,0,0,0,0,454
not building,/content/CompositeTiles/Composite tiles20.TIF,129,63.83902439,63,4.436922579335239,106.43658536585366,78,69.19503808552567,0,0,0,410
building,/content/CompositeTiles/Composite tiles20.TIF,130,70.36363636363636,68,8.205017614,193.4909090909091,189,43.838355723120905,0,0,0,165
not building,/content/CompositeTiles/Composite tiles20.TIF,131,154.56147540983608,154,11.839790834448626,201.4344262295082,201,46.50462478410219,0,0,0,244
not building,/content/CompositeTiles/Composite tiles20.TIF,132,64.25,63,4.441012015216605,79.33771929824562,58,50.489229162912224,0,0,0,228
building,/content/CompositeTiles/Composite tiles20.TIF,133,78.21789883268482,79,3.8340059742750583,254.2373540856031,255,4.310209308512023,0,0,0,257
not building,/content/CompositeTiles/Composite tiles20.TIF,134,134.53896103896105,134,19.511834498597167,254.9090909090909,255,1.9519009594167167,0,0,0,462
not building,/content/CompositeTiles/Composite tiles20.TIF,135,162.00315457413248,163,11.574064998302871,190.37223974763407,193,55.83815265980663,0,0,0,317
building,/content/CompositeTiles/Composite tiles20.TIF,136,66.21939586645469,66,3.3139209602898037,139.30683624801273,131,25.108659905146805,0,0,0,629
building,/content/CompositeTiles/Composite tiles20.TIF,137,67.45231933107705,67,3.382165945387769,101.55385227951423,100,12.468724025699846,0,0,0,5023
building,/content/CompositeTiles/Composite tiles20.TIF,138,72.26367188,73,1.7652263360073643,147.6992188,147.5,7.238093629516576,0,0,0,512
building,/content/CompositeTiles/Composite tiles20.TIF,139,65.29450549,65,1.4574825984193038,125.41318681318681,126,10.384087666107627,0,0,0,455
building,/content/CompositeTiles/Composite tiles20.TIF,140,102.16,105,9.263998743915757,124.3709090909091,121.5,17.191981986615133,0,0,0,550
building,/content/CompositeTiles/Composite tiles20.TIF,141,87.85861423220973,83,16.41878351,135.91104868913857,139,18.3803589,0,0,0,1068
building,/content/CompositeTiles/Composite tiles20.TIF,142,70.11063829787234,71,2.2907059250652444,90.87234042553192,89,6.968674654286993,0,0,0,235
not building,/content/CompositeTiles/Composite tiles20.TIF,143,155.2550839964633,157,12.639142751873182,254.27939876215737,255,6.556137909567233,0,0,0,2262
not building,/content/CompositeTiles/Composite tiles20.TIF,144,111.03170409511229,125,35.04345743480651,242.4782034346103,255,32.60408372029474,0,0,0,757
building,/content/CompositeTiles/Composite tiles20.TIF,145,70.1547619,65,15.859497715894205,130.13690476190476,120.5,27.151893206647955,0,0,0,168
building,/content/CompositeTiles/Composite tiles20.TIF,146,68.86444444444444,69,5.350125878292981,187.64,187,16.80593017,0,0,0,450
not building,/content/CompositeTiles/Composite tiles20.TIF,147,132.6795434591747,144,32.40860768287617,200.97717295873574,223,57.53874448756576,0,0,0,1139
not building,/content/CompositeTiles/Composite tiles20.TIF,148,156.15109343936382,157,13.277248279143558,156.0675944333996,142.5,50.99981876920329,0,0,0,1006
not building,/content/CompositeTiles/Composite tiles20.TIF,149,76.22752150117279,67,24.774270860546885,227.2580140734949,255,35.86100409666126,0,0,0,1279
not building,/content/CompositeTiles/Composite tiles20.TIF,150,128.29905043778518,139,33.41125151863488,229.27660623998028,255,46.24577195141073,0,0,0,8109
not building,/content/CompositeTiles/Composite tiles20.TIF,151,147.67368421052632,147,12.277014985447748,165.4842105263158,155,66.55672106642254,0,0,0,190
building,/content/CompositeTiles/Composite tiles20.TIF,152,68.27056585829767,68,4.028019317573222,109.18259629101284,109,3.7035847116968617,0,0,0,2103
not building,/content/CompositeTiles/Composite tiles20.TIF,153,152.66037735849056,154,14.83910785290609,158.59748427672955,146,50.95501120511101,0,0,0,1749
not building,/content/CompositeTiles/Composite tiles20.TIF,154,148.2138211382114,155,20.95098354290707,223.37154471544716,255,45.83456646440226,0,0,0,1230
building,/content/CompositeTiles/Composite tiles20.TIF,155,73.22243346007605,71,9.351905042,188.77376425855513,198.5,62.13364227051187,0,0,0,526
building,/content/CompositeTiles/Composite tiles20.TIF,156,67.06243032329989,67,1.6882120990263647,97.86733556298773,98,1.901478897533542,0,0,0,897
building,/content/CompositeTiles/Composite tiles20.TIF,157,76.25846153846153,76,7.623907584953095,113.71076923076923,112,14.148967052016669,0,0,0,325
not building,/content/CompositeTiles/Composite tiles20.TIF,158,147.6865671641791,149,16.819979491847945,145.87064676616916,137,42.18949415428714,0,0,0,201
building,/content/CompositeTiles/Composite tiles20.TIF,159,72.76844783715013,70,8.810115738233543,143.36386768447838,131,36.54684215571862,0,0,0,393
building,/content/CompositeTiles/Composite tiles20.TIF,160,77.08177570093459,73,13.965255438541345,109.15420560747664,107,15.37109668026284,0,0,0,428
not building,/content/CompositeTiles/Composite tiles20.TIF,161,67.75675675675676,65,8.702506852,162.48648648648648,154,18.261299039503673,0,0,0,111
building,/content/CompositeTiles/Composite tiles20.TIF,162,68.74431818181819,67,5.306243277210549,176.51704545454547,174,15.8576675,0,0,0,176
building,/content/CompositeTiles/Composite tiles20.TIF,163,72.73949579831933,71,7.468097059851357,164.3361344537815,160,25.453624764048456,0,0,0,119
building,/content/CompositeTiles/Composite tiles20.TIF,164,68.93700787401575,67,5.398670048380118,130.45669291338584,120,32.52564243538983,0,0,0,127
building,/content/CompositeTiles/Composite tiles20.TIF,165,75.15315315315316,72,11.461017515476435,150.21621621621622,148,19.562514901887845,0,0,0,111
building,/content/CompositeTiles/Composite tiles20.TIF,166,72.43981481481481,71,7.8890505439010195,132.21296296296296,126,25.003166809028606,0,0,0,216
building,/content/CompositeTiles/Composite tiles20.TIF,167,67.33082706766918,68,3.120925745904217,152.51127819548873,150,19.555825830941686,0,0,0,133
building,/content/CompositeTiles/Composite tiles20.TIF,168,61.83913043478261,61,3.7469105105794984,160.9913043478261,154,32.13003353282433,0,0,0,230
building,/content/CompositeTiles/Composite tiles20.TIF,169,71.01639344262296,71,4.026517851585577,129.89344262295083,122,31.24671979559475,0,0,0,122
building,/content/CompositeTiles/Composite tiles20.TIF,170,68.67889908,68,4.874349138287672,139.90825688073394,134,23.84758225754432,0,0,0,109
building,/content/CompositeTiles/Composite tiles20.TIF,171,69.78504672897196,69,5.819766571069809,166.28971962616822,161,27.10381886593939,0,0,0,107
building,/content/CompositeTiles/Composite tiles20.TIF,172,72.97014925373135,71,5.0043865810257095,154.62686567164178,151.5,25.131496454779263,0,0,0,134
building,/content/CompositeTiles/Composite tiles20.TIF,173,71.225,70,4.154239802097771,163.74166666666667,160,23.07722392075981,0,0,0,120
building,/content/CompositeTiles/Composite tiles20.TIF,174,71.71641791044776,71,3.7548216570294155,167.02985074626866,161.5,27.192497949872912,0,0,0,134
building,/content/CompositeTiles/Composite tiles20.TIF,175,71.33027523,71,5.1918338240316295,132.0275229357798,120,36.75444396,0,0,0,109
building,/content/CompositeTiles/Composite tiles20.TIF,176,73.15862068965517,72,5.362289606282087,166.93103448275863,162,28.198961871919742,0,0,0,145
building,/content/CompositeTiles/Composite tiles20.TIF,177,70.46496815286625,68,8.332675809455361,124.68152866242038,116,29.87426693,0,0,0,157
building,/content/CompositeTiles/Composite tiles20.TIF,178,74.52592592592593,67,20.23888067086043,143.21481481481482,134,26.03882718676098,0,0,0,135
building,/content/CompositeTiles/Composite tiles20.TIF,179,68.78991596638656,68,2.3004345573395946,158.14285714285714,154,29.75397317,0,0,0,119
building,/content/CompositeTiles/Composite tiles20.TIF,180,73.02941176470588,72,3.606790660638002,181.05882352941177,179,19.889806005329525,0,0,0,102
building,/content/CompositeTiles/Composite tiles20.TIF,181,68.04166666666667,67,2.890777961418383,158.36666666666667,157,26.817262268090595,0,0,0,120
building,/content/CompositeTiles/Composite tiles20.TIF,182,71.1969697,70,3.7627347282854475,167.32575757575756,166,17.82129140821119,0,0,0,132
not building,/content/CompositeTiles/Composite tiles20.TIF,183,101.66666666666667,107,30.32208961753702,86.47126436781609,73.5,35.42170874090509,0,0,0,174
building,/content/CompositeTiles/Composite tiles20.TIF,184,72.40433213,70,8.822091323040834,137.29602888086643,126,37.47893394,0,0,0,277
building,/content/CompositeTiles/Composite tiles20.TIF,185,64.76068376068376,64,2.9544970001549027,150.0940170940171,142,30.358536417877684,0,0,0,117
not building,/content/CompositeTiles/Composite tiles20.TIF,186,141.7463768115942,151,25.063704803294918,184.79710144927537,187.5,43.14723015280672,0,0,0,138
building,/content/CompositeTiles/Composite tiles20.TIF,187,73.81196581,74,2.6696509709180125,154.95726495726495,142,35.695625234692415,0,0,0,117
building,/content/CompositeTiles/Composite tiles20.TIF,188,69.72549019607843,66,9.275898416130616,158.09803921568627,156,19.064138289058448,0,0,0,102
building,/content/CompositeTiles/Composite tiles20.TIF,189,71.57352941176471,70,4.8227895774083365,166.31617647058823,160,30.229441775965782,0,0,0,136
not building,/content/CompositeTiles/Composite tiles20.TIF,190,139.5878260869565,140,18.05447384192862,231.67391304347825,255,48.56385055100414,0,0,0,1150
building,/content/CompositeTiles/Composite tiles20.TIF,191,73.36974789915966,71,10.294704150673324,166.53781512605042,165,26.59904273123231,0,0,0,119
building,/content/CompositeTiles/Composite tiles20.TIF,192,73.44370860927152,73,5.430641250525819,151.87417218543047,151,22.37320554371854,0,0,0,151
not building,/content/CompositeTiles/Composite tiles20.TIF,193,102.2125,92,34.08580853889196,125.2,106.5,53.04571141949178,0,0,0,160
building,/content/CompositeTiles/Composite tiles20.TIF,194,73.33333333333333,73,5.143033506676157,171.43809523809523,167,29.676966797107884,0,0,0,105
building,/content/CompositeTiles/Composite tiles20.TIF,195,70.20967741935483,70,1.9230108849623453,144.1048387096774,133,41.886332082154986,0,0,0,124
not building,/content/CompositeTiles/Composite tiles20.TIF,196,96.13809523809523,76.5,32.02142105,215.22857142857143,221,42.329941478559014,0,0,0,420
not building,/content/CompositeTiles/Composite tiles20.TIF,197,134.7112027927642,136,14.078633891712498,254.97048556013965,255,0.9735073948154622,0,0,0,3151
building,/content/CompositeTiles/Composite tiles20.TIF,198,67.3375,66,3.106218561209111,167.7125,164,30.771412768184696,0,0,0,160
building,/content/CompositeTiles/Composite tiles20.TIF,199,73.47643979057591,71,5.736648043971865,176.7591623036649,170,31.904382789564846,0,0,0,191
building,/content/CompositeTiles/Composite tiles20.TIF,200,71.68786127,73,2.980810019745981,117.44508670520231,109,22.57738501265865,0,0,0,173
building,/content/CompositeTiles/Composite tiles20.TIF,201,69.56081081,68,8.474306438,158.99324324324326,152,30.511516793645985,0,0,0,148
building,/content/CompositeTiles/Composite tiles20.TIF,202,76.39696969696969,74,13.90149294028446,165.48181818181817,154,41.49787840174157,0,0,0,330
building,/content/CompositeTiles/Composite tiles20.TIF,203,71.11034483,70,3.0986476279940653,174.89655172413794,168,30.751669231493544,0,0,0,145
building,/content/CompositeTiles/Composite tiles20.TIF,204,60.280276816608996,60,4.175350959226676,132.03114186851212,123,22.410044686443296,0,0,0,289
building,/content/CompositeTiles/Composite tiles20.TIF,205,73.95189873417722,74,6.416372664283179,143.88354430379746,130,40.53810968465351,0,0,0,395
not building,/content/CompositeTiles/Composite tiles20.TIF,206,89.53488372093024,70.5,30.91161356017275,98.94573643410853,87,38.651455858240844,0,0,0,258
not building,/content/CompositeTiles/Composite tiles20.TIF,207,104.85148514851485,77,38.77023869781334,135.54455445544554,130,44.70254267747186,0,0,0,404
building,/content/CompositeTiles/Composite tiles20.TIF,208,70.59677419354838,70,3.359913965005243,163.78225806451613,158,26.690447875679617,0,0,0,124
building,/content/CompositeTiles/Composite tiles20.TIF,209,71.75757575757575,70,5.628823565285136,129.67424242424244,121,30.890200518326886,0,0,0,132
building,/content/CompositeTiles/Composite tiles20.TIF,210,69.96688741721854,70,3.586983862,178.60264900662253,176,35.69778954519772,0,0,0,151
not building,/content/CompositeTiles/Composite tiles20.TIF,211,147.5744680851064,149,16.16832295787841,179.9627659574468,172.5,45.04741824146884,0,0,0,188
building,/content/CompositeTiles/Composite tiles20.TIF,212,84.60550458715596,71,23.82178417,169.14678899082568,152,46.86665168484021,0,0,0,218
building,/content/CompositeTiles/Composite tiles20.TIF,213,70.28828828828829,71,1.9143243222044577,164.07207207207207,162,25.245715616075902,0,0,0,111
building,/content/CompositeTiles/Composite tiles20.TIF,214,67.15800636267232,66,8.917047731507488,197.0509014,218,60.42168499591278,0,0,0,943
building,/content/CompositeTiles/Composite tiles20.TIF,215,71.94166666666666,70,6.8255596026178615,179.45833333333334,174,26.726670772012653,0,0,0,120
building,/content/CompositeTiles/Composite tiles20.TIF,216,70.79130434782608,70,3.4173359880466085,172.2,168,30.366514738957193,0,0,0,115
not building,/content/CompositeTiles/Composite tiles20.TIF,217,128.36528925619834,131,22.739570166619504,246.59504132231405,255,22.294934573640727,0,0,0,605
not building,/content/CompositeTiles/Composite tiles20.TIF,218,143.30978260869566,149,19.47090114137219,128.58695652173913,117,41.191665517778524,0,0,0,184
building,/content/CompositeTiles/Composite tiles20.TIF,219,84.70270270270271,75,21.91778026613318,134.05405405405406,115,45.087470111352694,0,0,0,111
building,/content/CompositeTiles/Composite tiles20.TIF,220,73.04411764705883,73,7.479581008625453,157.7892156862745,151,28.106409871334336,0,0,0,204
not building,/content/CompositeTiles/Composite tiles20.TIF,221,90.33753594337536,78,26.86749713234735,236.02554744525548,255,44.988384918138536,0,0,0,9042
building,/content/CompositeTiles/Composite tiles20.TIF,222,70.27604166666667,70,4.672821345996145,187.68229166666666,185,39.291221705128955,0,0,0,192
not building,/content/CompositeTiles/Composite tiles20.TIF,223,149.92432432432432,150,6.955822193048082,198.4162162162162,197,43.96699937830223,0,0,0,185
building,/content/CompositeTiles/Composite tiles20.TIF,224,83.82969432314411,78,14.501371427179123,207.7292576419214,204,39.62318219894984,0,0,0,229
not building,/content/CompositeTiles/Composite tiles20.TIF,225,148.26122448979592,148,5.3586784971034245,217.32244897959183,220,34.65241556091841,0,0,0,245
not building,/content/CompositeTiles/Composite tiles20.TIF,226,90.09350649,81,19.593706501265913,214.8987012987013,255,50.60509315136995,0,0,0,385
not building,/content/CompositeTiles/Composite tiles20.TIF,227,75.04600811907984,69,16.091435106734597,222.7997293640054,255,47.76006167,0,0,0,739
not building,/content/CompositeTiles/Composite tiles20.TIF,228,88.56047700170357,75,24.82554473365539,225.34071550255535,255,42.11167632168825,0,0,0,587
building,/content/CompositeTiles/Composite tiles20.TIF,229,65.16995073891626,64,7.831550658194011,122.60837438423646,122,5.122809883376091,0,0,0,406
not building,/content/CompositeTiles/Composite tiles20.TIF,230,68.12637362637362,66,7.883106644331145,230.4835164835165,255,45.134644954625834,0,0,0,546
building,/content/CompositeTiles/Composite tiles20.TIF,231,69.69166666666666,68,3.8768454386982665,189.94166666666666,185,30.937651234198253,0,0,0,120
building,/content/CompositeTiles/Composite tiles20.TIF,232,70.38562091503267,69,3.9920250287480408,185.11111111111111,181,31.789453497463477,0,0,0,153
building,/content/CompositeTiles/Composite tiles20.TIF,233,72.59763313609467,70,8.295803121310259,196.9526627218935,192,36.63651792368694,0,0,0,169
not building,/content/CompositeTiles/Composite tiles20.TIF,234,141.8085938,145,18.722440276242327,162.203125,145,58.68578397051858,0,0,0,256
not building,/content/CompositeTiles/Composite tiles20.TIF,235,57.8125,57.5,2.4465643427740322,209.625,207,9.187003954862906,0,0,0,48
building,/content/CompositeTiles/Composite tiles20.TIF,236,72.95348837209302,71,4.605120953248768,164.87209302325581,163.5,19.18199040987066,0,0,0,86
not building,/content/CompositeTiles/Composite tiles20.TIF,237,85.85897435897436,84.5,11.90639168894693,129.46153846153845,119,27.394877074753015,0,0,0,78
building,/content/CompositeTiles/Composite tiles20.TIF,238,71.38775510204081,68,8.127344437975689,170.81632653061226,167,24.36472313498346,0,0,0,98
building,/content/CompositeTiles/Composite tiles20.TIF,239,73.11340206185567,72,3.7905914144544717,169.5463917525773,166,22.808942277214275,0,0,0,97
building,/content/CompositeTiles/Composite tiles20.TIF,240,67.65555555555555,66,6.218540577465121,174.83333333333334,173.5,18.50960711510527,0,0,0,90
building,/content/CompositeTiles/Composite tiles20.TIF,241,72.30487805,71,3.413349061317373,160.1219512195122,161,21.262236215310686,0,0,0,82
not building,/content/CompositeTiles/Composite tiles20.TIF,242,59.4,59,0.8,219.6,215.5,8.163332653,0,0,0,10
not building,/content/CompositeTiles/Composite tiles20.TIF,243,126.33333333333333,129,13.720977843248285,255,255,0,0,0,0,93
building,/content/CompositeTiles/Composite tiles20.TIF,244,74.20634921,73,8.315521403,152.20634920634922,151,13.862314713329381,0,0,0,63
building,/content/CompositeTiles/Composite tiles20.TIF,245,67.72043010752688,67,3.4590246353431398,185.5483870967742,183,25.494893492084582,0,0,0,93
building,/content/CompositeTiles/Composite tiles20.TIF,246,62.88636363636363,63,5.048473707652591,183.5,175,29.559262507714905,0,0,0,88
not building,/content/CompositeTiles/Composite tiles20.TIF,247,135.86315789473684,143,19.541378783610508,253.9157894736842,255,7.679998845798618,0,0,0,95
not building,/content/CompositeTiles/Composite tiles20.TIF,248,124.57894736842105,127,17.726922104895124,138.68421052631578,135,38.16315753,0,0,0,19
not building,/content/CompositeTiles/Composite tiles20.TIF,249,121.76785714285714,124,18.716866983923286,115.53571428571429,107.5,25.453714495779455,0,0,0,56
not building,/content/CompositeTiles/Composite tiles20.TIF,250,149.23076923076923,148,10.073986653782688,130.98717948717947,122,28.064711663629403,0,0,0,78
not building,/content/CompositeTiles/Composite tiles20.TIF,251,87.27290640394088,90,8.237449323411454,254.81970443349755,255,2.588341788314104,0,0,0,1015
not building,/content/CompositeTiles/Composite tiles20.TIF,252,71.33474203,61,23.62557780545271,254.06682514527205,255,7.52894444,0,0,0,11358
not building,/content/CompositeTiles/Composite tiles20.TIF,253,146.49382716049382,146,13.49908406292915,115.28395061728395,102,32.940363085356125,0,0,0,81
building,/content/CompositeTiles/Composite tiles20.TIF,254,63.691029900332225,63,4.7545277531267125,132.9435215946844,130,30.934398483327282,0,0,0,301
building,/content/CompositeTiles/Composite tiles20.TIF,255,72.75754885,75,7.784840373453657,104.77309058614564,92,23.856169159505207,0,0,0,2252
not building,/content/CompositeTiles/Composite tiles20.TIF,256,57.71830985915493,57,3.185279073680474,180.3661971830986,174,23.24289346889043,0,0,0,71
not building,/content/CompositeTiles/Composite tiles20.TIF,257,74.51470588235294,69,14.711432776084711,213.19117647058823,202,20.60429520679749,0,0,0,68
not building,/content/CompositeTiles/Composite tiles20.TIF,258,81.65853658536585,72.5,21.614256537371247,216.7439024390244,203,22.973373227584503,0,0,0,82
building,/content/CompositeTiles/Composite tiles20.TIF,259,68.80916030534351,67,4.958013798047605,164.18320610687022,160,32.92202249700643,0,0,0,131
not building,/content/CompositeTiles/Composite tiles20.TIF,260,107.19540229885058,114,26.859292396795315,164.2528735632184,160,23.05277223751166,0,0,0,87
not building,/content/CompositeTiles/Composite tiles20.TIF,261,64.85185185185185,64,5.475221650874079,136.42592592592592,138,53.416116950491514,0,0,0,54
not building,/content/CompositeTiles/Composite tiles20.TIF,262,71.13899139,70,5.6975096492132336,216.85731857318572,255,50.40997296039506,0,0,0,813
not building,/content/CompositeTiles/Composite tiles20.TIF,263,133.39285714285714,139.5,26.01076602062292,180.25,175.5,28.58086897609258,0,0,0,56
not building,/content/CompositeTiles/Composite tiles20.TIF,264,125.24,128,7.643454716,197,192,40.26412795529043,0,0,0,25
building,/content/CompositeTiles/Composite tiles20.TIF,265,61.10344827586207,59.5,4.0882069890424635,216.74137931034483,216,7.673421088468379,0,0,0,58
building,/content/CompositeTiles/Composite tiles20.TIF,266,71.67777777777778,71,2.5552898412586207,122.42222222222222,117.5,24.563739209465187,0,0,0,90
not building,/content/CompositeTiles/Composite tiles20.TIF,267,60.904761904761905,60,3.6240566838934187,196.1904761904762,196,6.644862301909488,0,0,0,21
not building,/content/CompositeTiles/Composite tiles20.TIF,268,147.96845425867508,147,9.768565522843707,144.2460567823344,128,61.54485444825353,0,0,0,317
not building,/content/CompositeTiles/Composite tiles20.TIF,269,131.27358490566039,138,24.79064530615573,242.9929245283019,255,24.08627274701008,0,0,0,424
not building,/content/CompositeTiles/Composite tiles20.TIF,270,129.23881932021467,143,33.27799687848768,240.55992844364937,255,29.46289447727055,0,0,0,1118
building,/content/CompositeTiles/Composite tiles20.TIF,271,63.28125,62.5,4.503940694,178.20833333333334,171.5,28.935602589581958,0,0,0,96
not building,/content/CompositeTiles/Composite tiles20.TIF,272,80.32053941908714,66,22.87132400954722,213.53578838174275,255,58.883806442012954,0,0,0,1928
building,/content/CompositeTiles/Composite tiles20.TIF,273,68.31325301,68,3.715573577292483,158.56626506024097,148,33.406295046006335,0,0,0,83
not building,/content/CompositeTiles/Composite tiles20.TIF,274,143.1891891891892,147,10.864864864864865,182.3783783783784,170,49.90929683820297,0,0,0,37
building,/content/CompositeTiles/Composite tiles20.TIF,275,72.60824742,72,5.037092724383754,129.75257731958763,115,38.00407762382658,0,0,0,97
building,/content/CompositeTiles/Composite tiles20.TIF,276,73.90217391304348,74,3.355915551253571,159.18478260869566,155.5,23.264513631665682,0,0,0,92
building,/content/CompositeTiles/Composite tiles20.TIF,277,66.20547945205479,66,2.715917723158706,90.66438356164383,90,5.861631088,0,0,0,1606
building,/content/CompositeTiles/Composite tiles20.TIF,278,71.80519481,74,5.204990015931543,143.75324675324674,136,34.752989535669954,0,0,0,77
building,/content/CompositeTiles/Composite tiles20.TIF,279,65.80208333333333,65,3.7042199799312976,126.11458333333333,113,31.520122472156135,0,0,0,96
building,/content/CompositeTiles/Composite tiles20.TIF,280,71.8,70,5.268775948927796,174.62,173.5,14.829551577846177,0,0,0,50
not building,/content/CompositeTiles/Composite tiles20.TIF,281,125.51591465547394,141,35.48862454,220.59566281916753,255,47.88334236211364,0,0,0,2859
not building,/content/CompositeTiles/Composite tiles20.TIF,282,73.86111111111111,67.5,14.512739188913722,125.02777777777777,123.5,16.861339921566653,0,0,0,36
building,/content/CompositeTiles/Composite tiles20.TIF,283,63.484848484848484,63,1.0765042223231278,227.78787878787878,222,14.333173168430523,0,0,0,33
not building,/content/CompositeTiles/Composite tiles20.TIF,284,80.75806451612904,68,21.793521887338496,186.1451612903226,163.5,42.8251685,0,0,0,62
not building,/content/CompositeTiles/Composite tiles20.TIF,285,147.6949152542373,148,8.213783862009105,182.5084745762712,176,36.15052001940059,0,0,0,59
building,/content/CompositeTiles/Composite tiles20.TIF,286,78.06666666666666,71.5,15.309982219308928,169.6888888888889,165.5,26.745153016510173,0,0,0,90
not building,/content/CompositeTiles/Composite tiles20.TIF,287,69.97297297297297,69,2.7211532380987817,110.8108108108108,90.5,48.35920652884353,0,0,0,74
not building,/content/CompositeTiles/Composite tiles20.TIF,288,100.67650397275823,100,27.59412338595922,233.19750283768445,255,44.75142131816302,0,0,0,881
not building,/content/CompositeTiles/Composite tiles20.TIF,289,123.91666666666667,131,20.48152961952685,248.54166666666666,255,13.444265092926756,0,0,0,24
not building,/content/CompositeTiles/Composite tiles20.TIF,290,139.54794520547946,139,8.024006951557395,170.83561643835617,161,50.468222389889526,0,0,0,73
not building,/content/CompositeTiles/Composite tiles20.TIF,291,132.66666666666666,136,14.510532573119276,246.38888888888889,255,14.915088888210148,0,0,0,18
building,/content/CompositeTiles/Composite tiles20.TIF,292,71.34042553191489,69.5,8.921111932757874,188.12765957446808,185.5,29.794771082928467,0,0,0,94
not building,/content/CompositeTiles/Composite tiles20.TIF,293,69.09090909,69,0.8656276883082242,140.33333333333334,132,33.31181123380666,0,0,0,33
not building,/content/CompositeTiles/Composite tiles20.TIF,294,139.3913043478261,140,16.440686003621966,119.57971014492753,115,31.20080164201538,0,0,0,69
not building,/content/CompositeTiles/Composite tiles20.TIF,295,147.58904109589042,147,4.989950493724159,193.67123287671234,193,30.046108308854446,0,0,0,73
not building,/content/CompositeTiles/Composite tiles20.TIF,296,97.95180722891567,142,70.39114532458908,81.04819277108433,8,97.76870956,0,0,0,83
building,/content/CompositeTiles/Composite tiles20.TIF,297,88.16470588235295,75,24.97897801,121.50588235294117,112,30.304580717389033,0,0,0,85
not building,/content/CompositeTiles/Composite tiles20.TIF,298,70.85931034482759,63,20.02758957917707,248.11862068965516,255,19.464762100132237,0,0,0,1450
building,/content/CompositeTiles/Composite tiles20.TIF,299,68.16666666666667,67,3.1841621957571333,206.69444444444446,205,17.590747953974184,0,0,0,36
not building,/content/CompositeTiles/Composite tiles20.TIF,300,146.17021276595744,148,15.268266561221605,155.91489361702128,135,51.98724466604674,0,0,0,47
building,/content/CompositeTiles/Composite tiles20.TIF,301,67.61904761904762,64,10.652413947199683,200.23809523809524,186,23.51069617146885,0,0,0,21
building,/content/CompositeTiles/Composite tiles21.TIF,0,66.46430999320191,66,4.094721135709626,123.61930659415364,121,20.477455423476812,0,0,0,1471
building,/content/CompositeTiles/Composite tiles21.TIF,1,75.79046242774567,75,4.422194589620941,127.40895953757226,127,8.794479387864019,0,0,0,692
not building,/content/CompositeTiles/Composite tiles21.TIF,2,152.7451488,160,23.69515303267261,197.0666235446313,208,59.41182241611469,0,0,0,1546
building,/content/CompositeTiles/Composite tiles21.TIF,3,64.65986394557824,64,3.383627242298201,120.85374149659864,117,20.480512629468752,0,0,0,294
building,/content/CompositeTiles/Composite tiles21.TIF,4,93.43543956043956,95,7.014600712687427,132.0164835164835,131,10.438582950188692,0,0,0,728
building,/content/CompositeTiles/Composite tiles21.TIF,5,78.70142857142856,76,9.415534168249266,128.59857142857143,127,14.295863466223297,0,0,0,700
building,/content/CompositeTiles/Composite tiles21.TIF,6,67.57077625570776,66,8.230595823912456,122.31506849315069,119,18.444444570048507,0,0,0,219
building,/content/CompositeTiles/Composite tiles21.TIF,7,64.89473684210526,65,4.634397638539587,129.9248120300752,121,34.70880455570995,0,0,0,266
building,/content/CompositeTiles/Composite tiles21.TIF,8,68.01243093922652,67,4.645274454057359,146.29696132596686,141,27.326882351518858,0,0,0,724
building,/content/CompositeTiles/Composite tiles21.TIF,9,64.77924850555081,64,9.567301081827477,122.13108454312554,116,25.533460883693117,0,0,0,2342
building,/content/CompositeTiles/Composite tiles21.TIF,10,65.43291139240506,65,4.006631260228453,128.57974683544305,123,22.267887872801378,0,0,0,395
building,/content/CompositeTiles/Composite tiles21.TIF,11,68.10684474123539,65,8.743722951123942,126.60267111853088,123,21.022423663908466,0,0,0,599
building,/content/CompositeTiles/Composite tiles21.TIF,12,56.76949541284404,55,7.606934048416052,120.98165137614679,117,16.098667476554176,0,0,0,872
building,/content/CompositeTiles/Composite tiles21.TIF,13,64.44467641,63,6.642415098438624,125.7411273,115,32.12436362955419,0,0,0,479
building,/content/CompositeTiles/Composite tiles21.TIF,14,71.33333333333333,71,4.749268949591669,127.5,123.5,23.722937798210783,0,0,0,144
not building,/content/CompositeTiles/Composite tiles21.TIF,15,69.49295774647888,76,8.123818639033296,160.92018779342723,156,19.664754008109927,0,0,0,213
building,/content/CompositeTiles/Composite tiles21.TIF,16,70.58307210031347,71,3.9636074055900057,120.35109717868339,119,9.430936405899665,0,0,0,319
building,/content/CompositeTiles/Composite tiles21.TIF,17,64.65359477124183,61,13.823500054048772,124.73856209150327,122,17.042726484837875,0,0,0,153
building,/content/CompositeTiles/Composite tiles21.TIF,18,67.14932126696833,67,3.4563027863724813,131.60180995475113,128,17.501513738799943,0,0,0,442
building,/content/CompositeTiles/Composite tiles21.TIF,19,66.36857142857143,66,2.893072655111707,95.96857142857142,91,23.44590456383218,0,0,0,350
building,/content/CompositeTiles/Composite tiles21.TIF,20,65.07526882,64,3.3254850374327236,122.12903225806451,117,21.869714811702416,0,0,0,186
building,/content/CompositeTiles/Composite tiles21.TIF,21,64.19922630560929,63,6.081089642401365,120.13539651837525,112,33.340356127366725,0,0,0,517
building,/content/CompositeTiles/Composite tiles21.TIF,22,66.03626943005182,64,8.789049390671106,112.69430051813471,109,18.373071606620936,0,0,0,193
building,/content/CompositeTiles/Composite tiles21.TIF,23,79.1,73.5,18.35637945420247,128.2138888888889,127,22.189620355995498,0,0,0,360
building,/content/CompositeTiles/Composite tiles21.TIF,24,62.32570659,61,5.434199440450925,141.6971736204576,127,41.63212705085748,0,0,0,743
building,/content/CompositeTiles/Composite tiles21.TIF,25,67.40959409594096,65,11.558855498086642,154.7047970479705,148,31.838869220254875,0,0,0,271
building,/content/CompositeTiles/Composite tiles21.TIF,26,70.41964285714286,68,12.085734206121712,123.08928571428571,119,20.309899755075712,0,0,0,112
building,/content/CompositeTiles/Composite tiles21.TIF,27,65.05517241,63,5.827141382737459,159.66206896551725,157,19.219322421460944,0,0,0,145
building,/content/CompositeTiles/Composite tiles21.TIF,28,66.45794392523365,67,2.235149846873161,120.50467289719626,116,23.074999147143373,0,0,0,107
building,/content/CompositeTiles/Composite tiles21.TIF,29,66.00920245398773,65,4.82483745,122.2239263803681,118,21.917626977243646,0,0,0,326
not building,/content/CompositeTiles/Composite tiles21.TIF,30,163.1494768310912,163,10.097658589685919,153.24813153961136,141,55.68860693130878,0,0,0,669
building,/content/CompositeTiles/Composite tiles21.TIF,31,62.56083650190114,63,3.226421705062088,171.80038022813687,170,21.67474919594544,0,0,0,526
building,/content/CompositeTiles/Composite tiles21.TIF,32,63.84946237,62,5.281901681594583,125.14695340501792,116,25.678950761735482,0,0,0,279
building,/content/CompositeTiles/Composite tiles21.TIF,33,64.12265512265512,63,5.265610929663262,132.92207792207793,122,33.37602876489563,0,0,0,693
not building,/content/CompositeTiles/Composite tiles21.TIF,34,136.65700483091788,146,25.08754212299251,142.78743961352657,122,59.41155271375997,0,0,0,207
building,/content/CompositeTiles/Composite tiles21.TIF,35,69.67449896,68,7.099923056113265,121.96406357982032,112,27.553630952194375,0,0,0,1447
building,/content/CompositeTiles/Composite tiles21.TIF,36,61.20540540540541,56,12.231592810156997,139.33513513513515,131,23.06644006807663,0,0,0,185
building,/content/CompositeTiles/Composite tiles21.TIF,37,62.92733188720174,62,4.232931943439458,175.9414317,167,33.74143801270288,0,0,0,922
not building,/content/CompositeTiles/Composite tiles21.TIF,38,61.133720930232556,59.5,6.862403648073815,171.5,165,31.77198927240127,0,0,0,172
building,/content/CompositeTiles/Composite tiles21.TIF,39,69.63091482649843,67,11.360707234991175,207.26498422712933,204,37.03539706,0,0,0,317
building,/content/CompositeTiles/Composite tiles21.TIF,40,63.29195804195804,62,4.823500710390186,135.8374125874126,120,38.19539109627762,0,0,0,572
building,/content/CompositeTiles/Composite tiles21.TIF,41,68.48858447488584,67,9.004494429,122.32420091324201,118,23.285010144314327,0,0,0,219
building,/content/CompositeTiles/Composite tiles21.TIF,42,60.24309392265194,58,6.827513346302661,157.22651933701658,161,30.46614938010268,0,0,0,181
not building,/content/CompositeTiles/Composite tiles21.TIF,43,66.96543209876543,66,4.6272184667699205,133.20246913580246,132,20.65503839713979,0,0,0,405
not building,/content/CompositeTiles/Composite tiles21.TIF,44,64.92073170731707,62.5,12.468489432681775,184.89634146341464,180,36.4517086,0,0,0,328
building,/content/CompositeTiles/Composite tiles21.TIF,45,79.9483871,68,29.119341438048355,171.40322580645162,150,59.10631746089179,0,0,0,620
building,/content/CompositeTiles/Composite tiles21.TIF,46,85.53066666666666,87,6.802234404141693,134.168,132,11.097196763146988,0,0,0,375
not building,/content/CompositeTiles/Composite tiles21.TIF,47,78.55972696245733,67,25.19757230334568,223.0364050056883,255,40.78748211680502,0,0,0,879
building,/content/CompositeTiles/Composite tiles21.TIF,48,75.91534391534391,67,22.86087963037107,192.14814814814815,187,55.56234173720513,0,0,0,756
building,/content/CompositeTiles/Composite tiles21.TIF,49,97.61837455830388,78,33.20419661693855,183.96113074204948,164,64.11051006,0,0,0,283
building,/content/CompositeTiles/Composite tiles21.TIF,50,66.46021505376343,66,5.529882453881989,169.94623655913978,163,33.69673912668697,0,0,0,465
building,/content/CompositeTiles/Composite tiles21.TIF,51,69.21985815602837,68,6.119486604,169.9964539007092,167,24.40417622482705,0,0,0,282
building,/content/CompositeTiles/Composite tiles21.TIF,52,86.57593123209169,67,32.061779449941696,181.56255969436486,198,67.98748165813964,0,0,0,1047
not building,/content/CompositeTiles/Composite tiles21.TIF,53,119.15183246073299,121,28.38392333649333,238.65968586387436,255,36.42742764344021,0,0,0,191
building,/content/CompositeTiles/Composite tiles21.TIF,54,64.34048896839595,63,5.613180927,159.45855694692904,130,55.371108638523395,0,0,0,1677
building,/content/CompositeTiles/Composite tiles21.TIF,55,71.47914317925591,67,15.744341484516845,167.20969560315672,151,52.994086124480894,0,0,0,887
not building,/content/CompositeTiles/Composite tiles21.TIF,56,144.8684210526316,149.5,22.12822011769362,214.6578947368421,246,49.08492978919266,0,0,0,114
building,/content/CompositeTiles/Composite tiles21.TIF,57,64.28179190751445,62,7.350833637797169,89.36416184971098,90,11.435938131386639,0,0,0,692
building,/content/CompositeTiles/Composite tiles21.TIF,58,71.52637749,71,2.4653891413617584,147.8276670574443,147,8.261669217655177,0,0,0,853
not building,/content/CompositeTiles/Composite tiles21.TIF,59,156.9579831932773,158,6.563597089039769,254.94702228717574,255,1.304179256722316,0,0,0,2737
building,/content/CompositeTiles/Composite tiles21.TIF,60,69.71713147410358,69,5.1753770132934775,144.73306772908367,144,10.977179431815866,0,0,0,251
building,/content/CompositeTiles/Composite tiles21.TIF,61,58.79496402877698,58,2.7130864247838398,97.35611510791367,95,8.678043202731638,0,0,0,556
building,/content/CompositeTiles/Composite tiles21.TIF,62,62.238734419942475,62,5.624009884474396,121.26941514860978,116,17.085574879916106,0,0,0,1043
building,/content/CompositeTiles/Composite tiles21.TIF,63,75.55591054313099,75,5.932062543832992,114.83865814696486,113,12.944876030763162,0,0,0,626
building,/content/CompositeTiles/Composite tiles21.TIF,64,76.59715639810426,71,12.894827629388978,141.93175355450236,145,16.649469093507538,0,0,0,1055
building,/content/CompositeTiles/Composite tiles21.TIF,65,72.86738351,74,4.314167648212651,132.55436081242533,132,8.065056311834661,0,0,0,837
building,/content/CompositeTiles/Composite tiles21.TIF,66,60.690661478599225,59,6.407348525454847,107.32101167315174,107,8.480010034353915,0,0,0,514
building,/content/CompositeTiles/Composite tiles21.TIF,67,68,66,10.09367886061254,151.68325791855204,150,20.48990790700511,0,0,0,221
building,/content/CompositeTiles/Composite tiles21.TIF,68,59.40735068912711,59,4.371641299546692,162.9831546707504,162,29.51010974019019,0,0,0,653
not building,/content/CompositeTiles/Composite tiles21.TIF,69,120.29384703852789,121,6.488758987155714,255,255,0,0,0,0,1739
building,/content/CompositeTiles/Composite tiles21.TIF,70,59.167164179104475,59,3.262010553882719,151.2,148,19.37374743,0,0,0,335
building,/content/CompositeTiles/Composite tiles21.TIF,71,76.31828442437923,75,5.53097616,111.46952595936794,109,10.486187690525513,0,0,0,443
not building,/content/CompositeTiles/Composite tiles21.TIF,72,61.18323505,60,4.324032718791316,255,255,0,0,0,0,2374
building,/content/CompositeTiles/Composite tiles21.TIF,73,59.86588235294118,58,5.302020767731232,136.79764705882354,136,12.616944502585199,0,0,0,425
building,/content/CompositeTiles/Composite tiles21.TIF,74,59.65561224489796,59,2.818718252,175.5280612244898,171,20.395933676271447,0,0,0,392
not building,/content/CompositeTiles/Composite tiles21.TIF,75,73.90502572220024,71,13.706708027237491,255,255,0,0,0,0,5054
building,/content/CompositeTiles/Composite tiles21.TIF,76,75.74766355140187,70,15.621153557475889,120.5233644859813,116,21.91075602989841,0,0,0,107
building,/content/CompositeTiles/Composite tiles21.TIF,77,75.59231348907309,75,5.327442539082495,121.98342125094197,121,14.041000230257977,0,0,0,1327
not building,/content/CompositeTiles/Composite tiles21.TIF,78,116.72472783825816,118,14.804179395352682,253.41057542768274,255,11.689051122914488,0,0,0,643
building,/content/CompositeTiles/Composite tiles21.TIF,79,62.031496062992126,60,8.428426785,160.4251968503937,158,15.909448331764757,0,0,0,127
building,/content/CompositeTiles/Composite tiles21.TIF,80,58.26046511627907,58,3.1322879322698913,137.8093023255814,134,15.904538096763137,0,0,0,215
not building,/content/CompositeTiles/Composite tiles21.TIF,81,104.83076923076923,104,11.207235617114275,254.99615384615385,255,0.061897988228581086,0,0,0,260
not building,/content/CompositeTiles/Composite tiles21.TIF,82,108.4652605459057,106,12.640305738014334,255,255,0,0,0,0,806
not building,/content/CompositeTiles/Composite tiles21.TIF,83,159.80927835051546,159,10.213177080475996,202.86082474226805,208.5,48.13411473561818,0,0,0,194
building,/content/CompositeTiles/Composite tiles21.TIF,84,64.50530035335689,64,4.614748996642613,94.38515901,94,9.777564581,0,0,0,283
not building,/content/CompositeTiles/Composite tiles21.TIF,85,158.8671096345515,158,10.190329006810822,214.90697674418604,244,47.67774561,0,0,0,301
not building,/content/CompositeTiles/Composite tiles21.TIF,86,165.80064605445315,166,9.235719444492203,168.79972311952008,158,56.49626456214352,0,0,0,2167
not building,/content/CompositeTiles/Composite tiles21.TIF,87,75.578125,64,25.027362955061307,211.265625,189.5,36.17437896300882,0,0,0,128
not building,/content/CompositeTiles/Composite tiles21.TIF,88,112.01986754966887,112.5,13.101979122869158,254.7086092715232,255,3.857716793723497,0,0,0,302
building,/content/CompositeTiles/Composite tiles21.TIF,89,62.07714285714286,62,4.620734988801533,107.95428571428572,105.5,14.093085292483845,0,0,0,350
building,/content/CompositeTiles/Composite tiles21.TIF,90,68.21437125748503,68,8.260187145,97.77125748502993,95,13.297035380705633,0,0,0,835
building,/content/CompositeTiles/Composite tiles21.TIF,91,65.82068965517242,66,4.743662146365242,94.70689655172414,92,12.053485145870145,0,0,0,580
building,/content/CompositeTiles/Composite tiles21.TIF,92,64.58151476251605,65,4.438073951756361,121.00898587933247,113,29.200316022936097,0,0,0,779
building,/content/CompositeTiles/Composite tiles21.TIF,93,67.51007644,67,8.282939753,97.37526059763725,92,14.936589604667454,0,0,0,1439
building,/content/CompositeTiles/Composite tiles21.TIF,94,67.63949483352468,67,2.190890591009928,154.12629161882893,151,31.801373146597037,0,0,0,871
building,/content/CompositeTiles/Composite tiles21.TIF,95,64.22355105795768,64,4.6696456719814305,136.1674333026679,126,35.43123128091653,0,0,0,1087
building,/content/CompositeTiles/Composite tiles21.TIF,96,62.928,61,6.346244243645213,108.304,105,16.080161193221915,0,0,0,250
building,/content/CompositeTiles/Composite tiles21.TIF,97,65.26041666666667,64,4.632864465934895,134.81597222222223,128,28.93174718001174,0,0,0,288
building,/content/CompositeTiles/Composite tiles21.TIF,98,68.51136363636364,67,6.011972243923618,123.15530303030303,117.5,26.700402375795477,0,0,0,264
building,/content/CompositeTiles/Composite tiles21.TIF,99,65.55972696245733,66,4.379678786574806,124.67235494880546,110,36.395277141525966,0,0,0,293
not building,/content/CompositeTiles/Composite tiles21.TIF,100,140.15873015873015,141,18.47667456955953,84.06746031746032,76,27.92363830323146,0,0,0,252
not building,/content/CompositeTiles/Composite tiles21.TIF,101,150.25662778366913,155,16.260860505716646,228.37221633085895,255,46.15360439202185,0,0,0,943
building,/content/CompositeTiles/Composite tiles21.TIF,102,67.63170731707316,67,3.829088857066693,164.50731707317073,166,10.727952780036091,0,0,0,410
building,/content/CompositeTiles/Composite tiles21.TIF,103,67.96062992125984,66,7.546602275356229,156.4015748031496,150,28.58534943365927,0,0,0,127
not building,/content/CompositeTiles/Composite tiles21.TIF,104,158.81178396072013,160,10.527444855273425,213.90343698854338,255,51.89415929441874,0,0,0,611
not building,/content/CompositeTiles/Composite tiles21.TIF,105,59.23835920177384,58,4.9739624453306295,253.9567627494457,255,7.348719192989691,0,0,0,902
building,/content/CompositeTiles/Composite tiles21.TIF,106,65.17277070063695,65,5.741987084431899,103.75026539278132,104,32.04888615792345,0,0,0,3768
not building,/content/CompositeTiles/Composite tiles21.TIF,107,153.64064602960968,155,14.037301417173788,194.83176312247645,193,51.01800767230157,0,0,0,743
not building,/content/CompositeTiles/Composite tiles21.TIF,108,125.61627906976744,127,10.305979980767502,164.49418604651163,157,45.13616312904652,0,0,0,172
building,/content/CompositeTiles/Composite tiles21.TIF,109,63.96326530612245,63,5.464605737689424,186.50204081632654,178,36.95050462109329,0,0,0,980
building,/content/CompositeTiles/Composite tiles21.TIF,110,84.09795479009688,79,16.839522623565074,144.03336921420882,139,30.43120257137577,0,0,0,929
building,/content/CompositeTiles/Composite tiles21.TIF,111,64.18238993710692,61,9.501752246596723,132.62264150943398,118,39.920047859624006,0,0,0,477
not building,/content/CompositeTiles/Composite tiles21.TIF,112,153.63483146067415,155,10.827883284939334,203.76404494382024,223.5,53.197432241806325,0,0,0,178
building,/content/CompositeTiles/Composite tiles21.TIF,113,58.97125,58,2.848319405807572,74.9525,72,13.652206552422212,0,0,0,800
building,/content/CompositeTiles/Composite tiles21.TIF,114,61.675257731958766,58,9.129238526,184.68213058419244,170,53.69393014384611,0,0,0,582
building,/content/CompositeTiles/Composite tiles21.TIF,115,65.09794988610479,65,4.0047773734254495,203.1389521640091,199,34.839708576032315,0,0,0,439
not building,/content/CompositeTiles/Composite tiles21.TIF,116,159.11258278145695,161,16.044698757842173,181.97748344370862,182,65.80370787,0,0,0,755
not building,/content/CompositeTiles/Composite tiles21.TIF,117,114.81308411214954,117,17.573413883903754,254.84579439252337,255,2.2505567483073454,0,0,0,214
building,/content/CompositeTiles/Composite tiles21.TIF,118,64.65727699530517,62,10.801665064799032,157.20657276995306,158,37.85820535454949,0,0,0,213
building,/content/CompositeTiles/Composite tiles21.TIF,119,62.910843373493975,62,4.545804687024792,175.93734939759037,169,29.55184829334064,0,0,0,415
building,/content/CompositeTiles/Composite tiles21.TIF,120,62.51937984496124,61,6.074601815123931,161.28682170542635,161,24.60484410567023,0,0,0,129
building,/content/CompositeTiles/Composite tiles21.TIF,121,63.71951219512195,63,4.361903786203357,176.24878048780488,172,28.162188124792518,0,0,0,410
building,/content/CompositeTiles/Composite tiles21.TIF,122,72.45081967213115,68.5,12.064785812652737,132.12295081967213,122,34.54779959514692,0,0,0,122
building,/content/CompositeTiles/Composite tiles21.TIF,123,66.97496318114875,66,6.6308706308184195,187.84683357879234,176,43.40028556899246,0,0,0,679
not building,/content/CompositeTiles/Composite tiles21.TIF,124,83.13506493506493,69,28.090483512336032,199.31428571428572,255,65.40020595361692,0,0,0,770
not building,/content/CompositeTiles/Composite tiles21.TIF,125,95.49897330595482,89,30.457758457913503,246.23408624229978,255,22.74532305958666,0,0,0,487
not building,/content/CompositeTiles/Composite tiles21.TIF,126,133.24786324786325,145,28.674806829625577,215.9777777777778,233,45.71271702301047,0,0,0,585
building,/content/CompositeTiles/Composite tiles21.TIF,127,65.55631399317406,65,2.550728209688716,116.43686006825939,118,10.29265981724476,0,0,0,293
not building,/content/CompositeTiles/Composite tiles21.TIF,128,114.6015037593985,122,20.555788694830643,184.6654135338346,180.5,48.381054119989166,0,0,0,266
not building,/content/CompositeTiles/Composite tiles21.TIF,129,147.02147239263803,153.5,22.531971129606795,162.99079754601226,154,33.639872467197605,0,0,0,326
building,/content/CompositeTiles/Composite tiles21.TIF,130,64.64846416382252,63,6.853611142734517,148.7269624573379,130,33.42804186492988,0,0,0,293
building,/content/CompositeTiles/Composite tiles21.TIF,131,96.84761904761905,71.5,35.27815483577309,176.9047619047619,177.5,25.676383000549933,0,0,0,210
building,/content/CompositeTiles/Composite tiles21.TIF,132,61.24521309450278,60,4.815025022527059,78.35453983940704,75,14.888436138697438,0,0,0,1619
building,/content/CompositeTiles/Composite tiles21.TIF,133,60.133446767136604,58,9.343518933906271,153.19543023821097,161,38.93038447927968,0,0,0,4114
building,/content/CompositeTiles/Composite tiles21.TIF,134,60.79842931937173,60,4.372534176491409,112.43979057591623,111,14.50492922023028,0,0,0,382
building,/content/CompositeTiles/Composite tiles21.TIF,135,67.44067796610169,66,6.610908259455598,127.44067796610169,125,20.042839306095495,0,0,0,177
building,/content/CompositeTiles/Composite tiles21.TIF,136,66.55555555555556,66,2.0223874097582972,132.52287581699346,129,21.301472828676733,0,0,0,153
building,/content/CompositeTiles/Composite tiles21.TIF,137,71.58974358974359,69,9.778883447138295,137.0854700854701,132,28.577551601707423,0,0,0,117
building,/content/CompositeTiles/Composite tiles21.TIF,138,69.16666666666667,67,7.195826188,137.67948717948718,133,24.32129677176141,0,0,0,156
building,/content/CompositeTiles/Composite tiles21.TIF,139,58.65163934426229,58,4.426412286248417,107.18032786885246,109,9.968132058,0,0,0,732
building,/content/CompositeTiles/Composite tiles21.TIF,140,64.24,64,1.5615377036754508,129.904,126,17.106922107731716,0,0,0,125
not building,/content/CompositeTiles/Composite tiles21.TIF,141,85.528,72,28.530285943186758,245.152,255,21.188319801248987,0,0,0,125
building,/content/CompositeTiles/Composite tiles21.TIF,142,64.13178294573643,64,2.4443570355470845,122.27131782945736,118,18.26962232268946,0,0,0,129
building,/content/CompositeTiles/Composite tiles21.TIF,143,69.05357142857143,68,6.119114207,137.95535714285714,130.5,20.202717459034858,0,0,0,112
not building,/content/CompositeTiles/Composite tiles21.TIF,144,119.65092838196287,118,11.166269567818246,254.99310344827586,255,0.2993453022649753,0,0,0,1885
building,/content/CompositeTiles/Composite tiles21.TIF,145,68.04878048780488,67,3.459060586171666,168.4390243902439,167,24.81775732661963,0,0,0,123
building,/content/CompositeTiles/Composite tiles21.TIF,146,73.76793248945148,68,18.64301956298448,159.0042194092827,160,25.745016787129526,0,0,0,237
not building,/content/CompositeTiles/Composite tiles21.TIF,147,111.45323741007195,112,13.026935582486587,255,255,0,0,0,0,139
not building,/content/CompositeTiles/Composite tiles21.TIF,148,151.67701863354037,156,19.79604154058764,230.6583850931677,242,27.685928347230416,0,0,0,161
building,/content/CompositeTiles/Composite tiles21.TIF,149,69.71287129,68,11.301744922372105,188.24752475247524,183,30.68924600907984,0,0,0,101
not building,/content/CompositeTiles/Composite tiles21.TIF,150,129.99115044247787,128,19.741020396299213,146.9646017699115,135,46.87734498272084,0,0,0,113
building,/content/CompositeTiles/Composite tiles21.TIF,151,68.55752212,69,2.3496866787826387,168.46902654867256,165,24.375408613397475,0,0,0,113
not building,/content/CompositeTiles/Composite tiles21.TIF,152,98.68009206,91,36.87473064546566,166.69850402761796,140,65.92399822572858,0,0,0,869
not building,/content/CompositeTiles/Composite tiles21.TIF,153,92.453125,93,25.75226306044529,219.2,255,48.90495245882568,0,0,0,640
building,/content/CompositeTiles/Composite tiles21.TIF,154,66.03546099,65,6.088097927219131,139.45390070921985,129,32.36365658096096,0,0,0,423
not building,/content/CompositeTiles/Composite tiles21.TIF,155,96.40414508,86.5,29.671733961631453,197.81088082901553,243,60.85345504090832,0,0,0,386
building,/content/CompositeTiles/Composite tiles21.TIF,156,65.23931623931624,65,3.440953884468002,115.86324786324786,113,17.010758779011272,0,0,0,234
building,/content/CompositeTiles/Composite tiles21.TIF,157,98,106,16.57503264904999,117.1219512195122,114,19.154564025892387,0,0,0,205
building,/content/CompositeTiles/Composite tiles21.TIF,158,60.88990302338848,60,5.024512150673064,118.05704506560183,112,26.060860528922525,0,0,0,1753
building,/content/CompositeTiles/Composite tiles21.TIF,159,63.13559322033898,63,2.913775738602628,140.27118644067798,136,18.756992376155033,0,0,0,118
building,/content/CompositeTiles/Composite tiles21.TIF,160,63.11518325,64,4.034839096804419,89.23036649,82,22.80464083,0,0,0,191
building,/content/CompositeTiles/Composite tiles21.TIF,161,66.33802816901408,66,4.868535546281211,143.15140845070422,130,39.53169923612113,0,0,0,284
building,/content/CompositeTiles/Composite tiles21.TIF,162,68.85714285714286,68,3.7059246553350764,135.34285714285716,131,25.607524404409904,0,0,0,175
building,/content/CompositeTiles/Composite tiles21.TIF,163,67.20231213872832,66,6.575448763842816,127.34682080924856,118,33.58185502622767,0,0,0,173
building,/content/CompositeTiles/Composite tiles21.TIF,164,72.75652173913043,68,17.562109066345737,121,115,26.460799554123042,0,0,0,115
building,/content/CompositeTiles/Composite tiles21.TIF,165,71.94017094017094,68,14.804302099543232,120.94017094017094,113,31.624476779777893,0,0,0,117
building,/content/CompositeTiles/Composite tiles21.TIF,166,67.21019108280255,66,4.012769183992137,144.61146496815286,139,25.000292910775446,0,0,0,157
building,/content/CompositeTiles/Composite tiles21.TIF,167,66.54807692307692,66.5,2.2008731121128497,141.17307692307693,139,26.82831537605669,0,0,0,104
building,/content/CompositeTiles/Composite tiles21.TIF,168,64.19897959183673,63,3.9674953518473646,133.04591836734693,121,32.32066587377105,0,0,0,196
building,/content/CompositeTiles/Composite tiles21.TIF,169,79.11206896551724,80.5,7.030440649019213,118.01724137931035,104.5,32.948492393593696,0,0,0,116
building,/content/CompositeTiles/Composite tiles21.TIF,170,72,70,8.307827634225447,171.98,171.5,19.893707547865482,0,0,0,100
building,/content/CompositeTiles/Composite tiles21.TIF,171,65.75384615384615,66,2.8448645728522512,139.40769230769232,133.5,29.28131358808527,0,0,0,130
not building,/content/CompositeTiles/Composite tiles21.TIF,172,62.05223880597015,61,4.264834509767996,181.89800995024876,176,35.609784641427645,0,0,0,402
not building,/content/CompositeTiles/Composite tiles21.TIF,173,144.17460317460316,145,13.083217185863603,77.12169312169313,58,45.98620687260654,0,0,0,189
building,/content/CompositeTiles/Composite tiles21.TIF,174,66.91279069767442,65,8.455661327836888,157.6860465116279,157,18.08652436,0,0,0,172
building,/content/CompositeTiles/Composite tiles21.TIF,175,66.53465346534654,66,5.4328745494455095,152.08415841584159,141,40.69389287548002,0,0,0,404
building,/content/CompositeTiles/Composite tiles21.TIF,176,67.85813148788927,66,8.490822114288026,156.19031141868513,155,22.570039613131218,0,0,0,289
building,/content/CompositeTiles/Composite tiles21.TIF,177,73.75897435897436,76,6.518483304349727,124.21538461538462,120,19.593687346347807,0,0,0,195
building,/content/CompositeTiles/Composite tiles21.TIF,178,66.09401709401709,65,5.371629980674436,148.74358974358975,146,20.494799776601177,0,0,0,117
building,/content/CompositeTiles/Composite tiles21.TIF,179,69.15954875100725,73,8.395847624309347,140.6494762288477,135,19.507442373228784,0,0,0,1241
building,/content/CompositeTiles/Composite tiles21.TIF,180,66.54938271604938,66,4.5134264298290105,166.6172839506173,162.5,29.87693602435368,0,0,0,162
not building,/content/CompositeTiles/Composite tiles21.TIF,181,130.71300448430495,132,14.130340140907357,249.1659192825112,255,19.528851943615052,0,0,0,223
building,/content/CompositeTiles/Composite tiles21.TIF,182,64.61181434599156,63,6.751242086011226,139.48945147679325,130,27.828227149450264,0,0,0,237
not building,/content/CompositeTiles/Composite tiles21.TIF,183,148.1006711409396,150,9.691721345396708,230.9798657718121,255,36.74005728599175,0,0,0,149
not building,/content/CompositeTiles/Composite tiles21.TIF,184,130.5984251968504,140,25.61718783,237.11811023622047,255,32.344750738965374,0,0,0,127
building,/content/CompositeTiles/Composite tiles21.TIF,185,67.32081911262799,67,3.3227127180769336,115.23720136518772,108,23.706828159470433,0,0,0,586
building,/content/CompositeTiles/Composite tiles21.TIF,186,68.64705882,68,3.279906319870741,140.42156862745097,133,30.455829885425814,0,0,0,102
not building,/content/CompositeTiles/Composite tiles21.TIF,187,122.98913043478261,124.5,19.16631701552253,249.69021739130434,255,20.383729443840682,0,0,0,184
not building,/content/CompositeTiles/Composite tiles21.TIF,188,61.70517928286853,61,4.5796115229269585,162.76494023904382,158,27.63673946801112,0,0,0,251
not building,/content/CompositeTiles/Composite tiles21.TIF,189,157.31816048803378,158,14.38404697496384,171.36101986547786,161,58.088508289233395,0,0,0,6393
not building,/content/CompositeTiles/Composite tiles21.TIF,190,97.40358126721763,73,36.641828878184576,199.3030303030303,233,62.48278367102471,0,0,0,726
building,/content/CompositeTiles/Composite tiles21.TIF,191,66.02683616,65,6.260865144928964,131.430791,119,39.039195296917676,0,0,0,708
building,/content/CompositeTiles/Composite tiles21.TIF,192,72.7107438,68,16.79479357367325,126.16528925619835,115,36.76086382572983,0,0,0,242
building,/content/CompositeTiles/Composite tiles21.TIF,193,68.33333333333333,66.5,10.720351016917586,162.36111111111111,158.5,20.08890348450797,0,0,0,108
building,/content/CompositeTiles/Composite tiles21.TIF,194,72.26037428803906,69,11.292424940988811,147.73393002441009,141,29.168487224458012,0,0,0,1229
building,/content/CompositeTiles/Composite tiles21.TIF,195,66.43373493975903,67,2.5906509598181153,137.19277108433735,130,30.12389057017941,0,0,0,249
not building,/content/CompositeTiles/Composite tiles21.TIF,196,119.7977839,126,24.026199816815097,249.46537396121883,255,19.030214871244848,0,0,0,361
not building,/content/CompositeTiles/Composite tiles21.TIF,197,96.74852379298368,79,34.84927069066805,198.0850989927058,208,56.554357290118354,0,0,0,2879
not building,/content/CompositeTiles/Composite tiles21.TIF,198,139.5021645021645,150,27.852016871310756,209.7077922077922,224,48.531186740771595,0,0,0,462
not building,/content/CompositeTiles/Composite tiles21.TIF,199,99.93390287769785,100,33.98309648925127,230.15580035971223,255,36.596541999482085,0,0,0,4448
not building,/content/CompositeTiles/Composite tiles21.TIF,200,159.25321888412017,162,16.938218978717153,169.71115879828326,159,64.78272238889328,0,0,0,2330
not building,/content/CompositeTiles/Composite tiles21.TIF,201,64.60330578512396,61,14.32992553823253,231.28099173553719,255,45.14278964427985,0,0,0,121
not building,/content/CompositeTiles/Composite tiles21.TIF,202,149.07894736842104,148,16.54931213752705,83.73245614035088,64,45.257192886904306,0,0,0,228
building,/content/CompositeTiles/Composite tiles21.TIF,203,64.65,64,3.1359474910569958,138.33,127,35.26283832402982,0,0,0,300
not building,/content/CompositeTiles/Composite tiles21.TIF,204,137.0463917525773,137,18.535919778422027,230.3402062,255,42.65937650835041,0,0,0,194
building,/content/CompositeTiles/Composite tiles21.TIF,205,66.90322580645162,63,8.985130508,132.8,130,18.908062796322564,0,0,0,155
not building,/content/CompositeTiles/Composite tiles21.TIF,206,159.09822263797943,160,13.040294701277883,183.3648269410664,188,66.88519489441988,0,0,0,1069
building,/content/CompositeTiles/Composite tiles21.TIF,207,64.90945674044265,64,3.480594537813878,124.5271629778672,118,27.589761438202018,0,0,0,497
not building,/content/CompositeTiles/Composite tiles21.TIF,208,64.92537313432835,62,6.787419074772949,193.71641791044777,191,19.765646339756664,0,0,0,67
building,/content/CompositeTiles/Composite tiles21.TIF,209,67.04705882352941,67,4.124263591601582,179.76470588235293,193,24.746073751000694,0,0,0,85
not building,/content/CompositeTiles/Composite tiles21.TIF,210,94,91,18.015866023353652,152.23809523809524,152,30.90986090447168,0,0,0,21
not building,/content/CompositeTiles/Composite tiles21.TIF,211,134.5,136,10.187410531304476,103.6,96.5,25.758623151610152,0,0,0,30
not building,/content/CompositeTiles/Composite tiles21.TIF,212,78.48611111111111,69,21.453433457112766,155.34722222222223,144,42.61851440467779,0,0,0,72
not building,/content/CompositeTiles/Composite tiles21.TIF,213,155.03389830508473,157,18.692848357552993,147.42372881355934,141,20.93266313912182,0,0,0,59
not building,/content/CompositeTiles/Composite tiles21.TIF,214,148.4320987654321,154,22.256051068763984,199.03703703703704,201,49.95811688877697,0,0,0,81
not building,/content/CompositeTiles/Composite tiles21.TIF,215,118.03152328655685,135,34.927295358574945,254.94996949359364,255,1.6861194940730448,0,0,0,14751
not building,/content/CompositeTiles/Composite tiles21.TIF,216,143.5397373107747,146,11.640474523231763,254.9262021371327,255,1.8057390950888743,0,0,0,8984
not building,/content/CompositeTiles/Composite tiles21.TIF,217,109.86458333333333,106,21.949098212145046,119.375,112,33.077324181378394,0,0,0,96
not building,/content/CompositeTiles/Composite tiles21.TIF,218,156.6758811333794,156,19.515715642787523,252.4526606772633,255,15.103799053811189,0,0,0,1447
not building,/content/CompositeTiles/Composite tiles21.TIF,219,61.38962181,60,6.014962108123606,254.95778364116094,255,1.4228854498239765,0,0,0,1137
not building,/content/CompositeTiles/Composite tiles21.TIF,220,118.38576555023923,133,40.49239902401626,181.69961124401914,178,64.89419931790535,0,0,0,6688
not building,/content/CompositeTiles/Composite tiles21.TIF,221,114.33802816901408,116,21.579165527060518,240.54929577464787,255,30.983770732430894,0,0,0,71
not building,/content/CompositeTiles/Composite tiles21.TIF,222,77.23529411764706,78,4.646686507795647,193,188,16.694486585485077,0,0,0,34
not building,/content/CompositeTiles/Composite tiles21.TIF,223,141.41935483870967,141,3.5266194499913417,188.09677419354838,179,55.38624194,0,0,0,31
not building,/content/CompositeTiles/Composite tiles21.TIF,224,69.44117647058823,65,12.579608093751869,157.64705882352942,156,30.404510455775526,0,0,0,68
not building,/content/CompositeTiles/Composite tiles21.TIF,225,166.92307692307693,165.5,9.429589586154512,175.26923076923077,165.5,40.62261372144991,0,0,0,26
not building,/content/CompositeTiles/Composite tiles21.TIF,226,70.95652173913044,71,4.085800021384404,219.34782608695653,255,50.264611715662106,0,0,0,46
building,/content/CompositeTiles/Composite tiles21.TIF,227,64.79661016949153,63,8.526687239995972,187.3050847457627,183,23.655188442433836,0,0,0,59
not building,/content/CompositeTiles/Composite tiles21.TIF,228,62.07462686567164,60,3.6622863458065673,227.7910447761194,255,46.80143425325953,0,0,0,67
not building,/content/CompositeTiles/Composite tiles21.TIF,229,96.84782608695652,99,10.842684152087442,199.7826086956522,209,18.477851657872975,0,0,0,46
not building,/content/CompositeTiles/Composite tiles21.TIF,230,140.75510204081633,140.5,15.160408443484007,158.53061224489795,156,24.68669148,0,0,0,98
building,/content/CompositeTiles/Composite tiles21.TIF,231,65.29213483146067,65,1.7494926853170267,173.17977528089887,171,17.605899035504482,0,0,0,89
building,/content/CompositeTiles/Composite tiles21.TIF,232,67.85555555555555,66,5.905856060087236,156.3111111111111,153.5,20.61695334990354,0,0,0,90
building,/content/CompositeTiles/Composite tiles21.TIF,233,56.604166666666664,56,4.470922646,158.77083333333334,156,23.346341240236242,0,0,0,96
not building,/content/CompositeTiles/Composite tiles21.TIF,234,149.32075471698113,157,25.37698674063128,189.11320754716982,187,24.331562216600897,0,0,0,53
building,/content/CompositeTiles/Composite tiles21.TIF,235,68.42857142857143,66,6.6891627248246595,188.75,184,11.434987038533475,0,0,0,28
not building,/content/CompositeTiles/Composite tiles21.TIF,236,149.8125,149,12.771479048384856,111.70833333333333,97,40.82684897493587,0,0,0,96
not building,/content/CompositeTiles/Composite tiles21.TIF,237,160.19230769230768,162,8.190140558431455,194.6153846153846,195,25.92010939417342,0,0,0,26
not building,/content/CompositeTiles/Composite tiles21.TIF,238,121.80952380952381,115.5,14.662453012530717,149.6547619047619,144,18.182601605210046,0,0,0,84
building,/content/CompositeTiles/Composite tiles21.TIF,239,65.17441860465117,61,15.253815276052512,152.80232558139534,146.5,26.836204184958564,0,0,0,86
building,/content/CompositeTiles/Composite tiles21.TIF,240,67.73076923076923,67,5.797154644511959,171.0897435897436,167.5,25.19828336513498,0,0,0,78
not building,/content/CompositeTiles/Composite tiles21.TIF,241,54.35156971375808,52,6.100905116650308,254.97945521698983,255,0.7881819131026921,0,0,0,4332
building,/content/CompositeTiles/Composite tiles21.TIF,242,70.48387096774194,69,9.073905518556757,141.21505376344086,133,28.71994903040285,0,0,0,93
not building,/content/CompositeTiles/Composite tiles21.TIF,243,120,132,39.38915302902674,177.59139784946237,169,47.842536649928796,0,0,0,93
building,/content/CompositeTiles/Composite tiles21.TIF,244,61.16216216216216,59,8.447016148412484,183.63513513513513,183.5,20.22480035268736,0,0,0,74
not building,/content/CompositeTiles/Composite tiles21.TIF,245,120.71428571428571,122,10.682810911908524,134.9591836734694,126,33.387006628005885,0,0,0,49
building,/content/CompositeTiles/Composite tiles21.TIF,246,66.01148545,64,13.63308087403902,168.8675344563553,147,60.492244978153174,0,0,0,5224
not building,/content/CompositeTiles/Composite tiles21.TIF,247,167.93478260869566,166,8.087570102950101,186.2608695652174,179.5,46.79392137345112,0,0,0,46
not building,/content/CompositeTiles/Composite tiles21.TIF,248,69.61290322580645,70.5,12.171297328882163,183.3548387096774,181,33.30460433836853,0,0,0,62
not building,/content/CompositeTiles/Composite tiles21.TIF,249,149.1951219512195,149,6.255610212558753,193.02439024390245,215,60.019707253322544,0,0,0,41
not building,/content/CompositeTiles/Composite tiles21.TIF,250,70.17841358455455,61,19.65747726363862,254.77785531518958,255,3.438586638535596,0,0,0,4299
not building,/content/CompositeTiles/Composite tiles21.TIF,251,145.4731182795699,147,13.366296402655612,128.96774193548387,121,40.682207046446756,0,0,0,93
not building,/content/CompositeTiles/Composite tiles21.TIF,252,63.80327868852459,64,1.7538685309828814,175.65573770491804,179,15.190468588269464,0,0,0,61
not building,/content/CompositeTiles/Composite tiles21.TIF,253,64.30263157894737,61.5,11.591761748897936,237.27631578947367,255,29.859142426174817,0,0,0,76
not building,/content/CompositeTiles/Composite tiles21.TIF,254,153.73684210526315,155.5,13.212203709820935,163.92105263157896,163,29.052929536992313,0,0,0,38
not building,/content/CompositeTiles/Composite tiles21.TIF,255,154.06741573033707,157,18.276157337619292,145.41573033707866,137,43.18104270609626,0,0,0,89
not building,/content/CompositeTiles/Composite tiles21.TIF,256,63.77275013,63,4.704986126,254.43162393162393,255,7.041318508790289,0,0,0,3978
not building,/content/CompositeTiles/Composite tiles21.TIF,257,60.30487804878049,60,2.0992973527758765,220.5,217,16.668394219409933,0,0,0,82
not building,/content/CompositeTiles/Composite tiles21.TIF,258,154.54599659284497,155,16.52575338248128,182.24574105621807,178,56.710708269758456,0,0,0,2348
building,/content/CompositeTiles/Composite tiles22.TIF,0,66.65246637,66,14.222773714128632,116.64910313901345,118,31.71162045,0,0,0,892
building,/content/CompositeTiles/Composite tiles22.TIF,1,63.522624434389144,62,5.088420390614376,126.88914027149322,122.5,21.36822014798006,0,0,0,442
building,/content/CompositeTiles/Composite tiles22.TIF,2,63.36491228070175,61,8.383787429257255,122.51929824561404,118,20.138916141818303,0,0,0,285
not building,/content/CompositeTiles/Composite tiles22.TIF,3,136.53703703703704,150,31.76867369371733,168.33796296296296,152,53.62409149293881,0,0,0,432
building,/content/CompositeTiles/Composite tiles22.TIF,4,66.76034858,66,5.214283705609539,145.50980392156862,141,22.68908473677354,0,0,0,459
building,/content/CompositeTiles/Composite tiles22.TIF,5,69.45443037974684,69,5.405325490927862,141.97721518987342,138,20.77747045048511,0,0,0,790
not building,/content/CompositeTiles/Composite tiles22.TIF,6,155.96504237288136,158,18.86554360710088,135.89300847457628,127,48.50437026,0,0,0,944
building,/content/CompositeTiles/Composite tiles22.TIF,7,61.69876543209877,62,4.839969743481606,186.57037037037037,180,32.41182700022409,0,0,0,405
building,/content/CompositeTiles/Composite tiles22.TIF,8,67.65932203,67,5.554433827,103.78474576271186,100,23.138626547284204,0,0,0,590
building,/content/CompositeTiles/Composite tiles22.TIF,9,69.00662251655629,68,4.573891772178149,166.72185430463577,162,28.34979214107837,0,0,0,151
building,/content/CompositeTiles/Composite tiles22.TIF,10,69.07092199,67,4.463636195537487,164.9078014184397,163,21.428389967159898,0,0,0,141
not building,/content/CompositeTiles/Composite tiles22.TIF,11,151.82194848824187,157,27.28512078287733,118.09070548712207,101,47.12131602842102,0,0,0,893
not building,/content/CompositeTiles/Composite tiles22.TIF,12,149.0076863950807,153,26.875691337815116,118.08608762490393,100,49.781431256181456,0,0,0,1301
not building,/content/CompositeTiles/Composite tiles22.TIF,13,106.51639344262296,105,26.265427506033685,98.18852459016394,89.5,37.108023958241986,0,0,0,122
building,/content/CompositeTiles/Composite tiles22.TIF,14,64.03209877,63,7.002747735146343,195.9111111111111,189,35.65073372056759,0,0,0,405
building,/content/CompositeTiles/Composite tiles22.TIF,15,61.825825825825824,61,4.925236201984533,195.1141141141141,190,37.97785286583867,0,0,0,333
not building,/content/CompositeTiles/Composite tiles22.TIF,16,131.71122994652407,132,11.360030884455716,98.77540106951872,84,34.149605336302784,0,0,0,187
building,/content/CompositeTiles/Composite tiles22.TIF,17,69.25,68.5,4.082186201785327,150.0406976744186,144,21.635284906874293,0,0,0,172
building,/content/CompositeTiles/Composite tiles22.TIF,18,63.16858237547893,61,8.135486424895014,123.31800766283524,119,21.280970702443426,0,0,0,522
not building,/content/CompositeTiles/Composite tiles22.TIF,19,151.8917089678511,153,13.833984819874516,114.40439932318105,105,38.36017632720263,0,0,0,591
not building,/content/CompositeTiles/Composite tiles22.TIF,20,153.92831541218638,160,17.11615036319072,213.08602150537635,255,58.38004076257911,0,0,0,279
not building,/content/CompositeTiles/Composite tiles22.TIF,21,135.86627906976744,139,20.919547498691912,255,255,0,0,0,0,172
building,/content/CompositeTiles/Composite tiles22.TIF,22,62.770212765957446,61,8.553111040163628,101.00851063829788,88,30.01318738372747,0,0,0,235
not building,/content/CompositeTiles/Composite tiles22.TIF,23,90.61744966442953,87,25.355088264061294,154.19463087248323,148,56.81415338508306,0,0,0,149
building,/content/CompositeTiles/Composite tiles22.TIF,24,64.404,63,5.414866942,95.496,94,21.01508943592675,0,0,0,250
building,/content/CompositeTiles/Composite tiles22.TIF,25,67.20454545454545,66,6.622892616641934,149.02727272727273,143.5,23.88836121739816,0,0,0,220
not building,/content/CompositeTiles/Composite tiles22.TIF,26,141.73824451410658,152,27.71369767686259,186.21003134796237,180,53.28379475,0,0,0,638
not building,/content/CompositeTiles/Composite tiles22.TIF,27,145.29945054945054,150,21.13836935619121,110.72802197802197,90,51.45407837870304,0,0,0,364
building,/content/CompositeTiles/Composite tiles22.TIF,28,67.68224299,67,4.313851047132179,169.79439252336448,166,26.062734637418707,0,0,0,107
not building,/content/CompositeTiles/Composite tiles22.TIF,29,132.0441176470588,138,17.662495291088625,201.80882352941177,249.5,65.34375707603593,0,0,0,408
not building,/content/CompositeTiles/Composite tiles22.TIF,30,82.72911694510739,67,32.428358886619634,208.1873508353222,207,44.775408593337296,0,0,0,838
not building,/content/CompositeTiles/Composite tiles22.TIF,31,121.9074074074074,136.5,32.346084838656665,242.63888888888889,255,21.642062240569665,0,0,0,216
not building,/content/CompositeTiles/Composite tiles22.TIF,32,91.68939393939394,94,24.061201189113433,194.3939393939394,191,42.246706447879426,0,0,0,132
not building,/content/CompositeTiles/Composite tiles22.TIF,33,148.30034129692834,151,16.310403092206954,194.82423208191128,204,53.97074317897473,0,0,0,586
not building,/content/CompositeTiles/Composite tiles22.TIF,34,134.68041237113403,139,16.044319883286896,201.46391752577318,237,63.70972539908007,0,0,0,291
building,/content/CompositeTiles/Composite tiles22.TIF,35,69.62416107,68,7.463986474723852,161.93288590604027,158,29.159055698966643,0,0,0,149
building,/content/CompositeTiles/Composite tiles22.TIF,36,64.66356877,63,7.383809519884664,104.3271375464684,101,23.801237971607296,0,0,0,538
building,/content/CompositeTiles/Composite tiles22.TIF,37,65.28865979381443,65,3.1436143628420177,92.19931271477664,84,25.815792062273683,0,0,0,291
not building,/content/CompositeTiles/Composite tiles22.TIF,38,152.38363780778397,156,19.83677842662397,149.4392374900715,140,54.72395962,0,0,0,1259
building,/content/CompositeTiles/Composite tiles22.TIF,39,59.998168498168496,60,2.55954658,135.08424908424908,134,16.265996608924606,0,0,0,546
building,/content/CompositeTiles/Composite tiles22.TIF,40,66.31690141,66,3.023079575042686,127.66549295774648,125,18.37512305515813,0,0,0,284
building,/content/CompositeTiles/Composite tiles22.TIF,41,67.3961039,66.5,3.4648866310211326,128.7922077922078,126,20.377819404859835,0,0,0,154
building,/content/CompositeTiles/Composite tiles22.TIF,42,66.98239436619718,67,3.8341093186045847,123.09859154929578,117.5,22.26119274076793,0,0,0,284
building,/content/CompositeTiles/Composite tiles22.TIF,43,69.97663551,68,10.303089813656458,118.89953271028037,116,19.978883706908245,0,0,0,428
not building,/content/CompositeTiles/Composite tiles22.TIF,44,150.9777777777778,153,18.805777940585635,185.65333333333334,186,38.949480669765606,0,0,0,225
not building,/content/CompositeTiles/Composite tiles22.TIF,45,129.79207920792078,128,30.51547792033737,122.25742574257426,116,26.972539561615285,0,0,0,101
building,/content/CompositeTiles/Composite tiles22.TIF,46,64.57142857142857,63,5.360094425,175.3357142857143,174,22.27670490967309,0,0,0,140
building,/content/CompositeTiles/Composite tiles22.TIF,47,68.65163934426229,68,3.7838035683288225,118.40983606557377,115.5,21.836108649590752,0,0,0,244
not building,/content/CompositeTiles/Composite tiles22.TIF,48,107.29745596868885,121,27.07700068564915,254.52641878669277,255,5.756200323575137,0,0,0,511
not building,/content/CompositeTiles/Composite tiles22.TIF,49,71.83870967741936,69,12.083304328550117,109.75806451612904,98,27.19860378524614,0,0,0,124
building,/content/CompositeTiles/Composite tiles22.TIF,50,67.39837398373983,68,2.881789861045665,174.5121951219512,172,30.19782091251563,0,0,0,123
not building,/content/CompositeTiles/Composite tiles22.TIF,51,163.93037974683546,163,15.206920374683122,107.78438818565401,81,65.98608350392425,0,0,0,2370
building,/content/CompositeTiles/Composite tiles22.TIF,52,71.20670391061452,69,7.137653698,170.0223463687151,167,22.49915089825833,0,0,0,179
building,/content/CompositeTiles/Composite tiles22.TIF,53,68.81592039800995,68,6.673698674918862,185.50248756218906,182,22.817276420834514,0,0,0,201
building,/content/CompositeTiles/Composite tiles22.TIF,54,69.39622641509433,69,6.695083024,182.33962264150944,187.5,26.41143505651279,0,0,0,106
building,/content/CompositeTiles/Composite tiles22.TIF,55,71.664,69,7.884104514781625,180.64,176,27.36929666615494,0,0,0,125
not building,/content/CompositeTiles/Composite tiles22.TIF,56,154.11418685121106,160,18.46630072323834,218.13148788927336,255,55.733548116690535,0,0,0,578
not building,/content/CompositeTiles/Composite tiles22.TIF,57,156.40201005025125,161,14.818133532494356,197.30653266331657,213,61.88375800695206,0,0,0,199
building,/content/CompositeTiles/Composite tiles22.TIF,58,71.09345794392523,69,8.165957041141228,181.98130841121494,180,27.049964606334477,0,0,0,107
building,/content/CompositeTiles/Composite tiles22.TIF,59,64.46774193548387,64,2.269842554831785,189.68548387096774,187.5,22.276259218411624,0,0,0,124
not building,/content/CompositeTiles/Composite tiles22.TIF,60,158.2,158,14.452881138232483,112.07010309278351,97,60.241055570748685,0,0,0,485
building,/content/CompositeTiles/Composite tiles22.TIF,61,65.91129032258064,65,6.812005645601946,191.15322580645162,190.5,24.319129717967584,0,0,0,124
building,/content/CompositeTiles/Composite tiles22.TIF,62,73.80165289256199,64,20.53725493446368,173.12396694214877,167,30.579680567367166,0,0,0,121
not building,/content/CompositeTiles/Composite tiles22.TIF,63,145.5820895522388,148,18.996581981426424,134.12686567164178,112,56.254674318791494,0,0,0,134
building,/content/CompositeTiles/Composite tiles22.TIF,64,74.78048780487805,72,10.933306007326937,190.1951219512195,181,33.79635534700785,0,0,0,164
building,/content/CompositeTiles/Composite tiles22.TIF,65,69.87418086500655,68,9.831471210550344,121.30275229357798,116,24.764131468030577,0,0,0,763
building,/content/CompositeTiles/Composite tiles22.TIF,66,66.88095238095238,66,6.233558874016324,128.83809523809524,119,33.580358150483434,0,0,0,210
building,/content/CompositeTiles/Composite tiles22.TIF,67,65.03896103896103,66,6.492636305329849,169.23376623376623,164,29.69669014041805,0,0,0,154
not building,/content/CompositeTiles/Composite tiles22.TIF,68,125.7156862745098,136,26.43800645497578,139.54901960784315,124.5,53.422406155385666,0,0,0,102
building,/content/CompositeTiles/Composite tiles22.TIF,69,56.31730769230769,55,3.3462505512109058,171.85576923076923,164.5,32.11889519,0,0,0,104
not building,/content/CompositeTiles/Composite tiles22.TIF,70,85.29357798165138,69,28.019751471402248,253.88990825688074,255,8.772705219732234,0,0,0,218
building,/content/CompositeTiles/Composite tiles22.TIF,71,69.00606061,69,3.8415542462172696,201.3272727272727,193,28.29116226419397,0,0,0,165
not building,/content/CompositeTiles/Composite tiles22.TIF,72,123.6829268292683,130,30.90855041885087,162.5060975609756,146,54.006943653753915,0,0,0,164
building,/content/CompositeTiles/Composite tiles22.TIF,73,70.30833333333334,69.5,5.328845768289998,196.075,193,28.052083255972274,0,0,0,120
building,/content/CompositeTiles/Composite tiles22.TIF,74,60.81944444444444,61,4.703209273372364,147.27083333333334,131.5,37.61523382849324,0,0,0,144
building,/content/CompositeTiles/Composite tiles22.TIF,75,64.38129496402878,65,4.113315251,79.66187050359713,77,14.120781133158633,0,0,0,278
building,/content/CompositeTiles/Composite tiles22.TIF,76,61.57216494845361,60,3.9789974976360654,104.24484536082474,97,26.756141008694016,0,0,0,388
building,/content/CompositeTiles/Composite tiles22.TIF,77,65.35344827586206,65,3.394352079621097,115.58189655172414,111,22.283676951348426,0,0,0,232
building,/content/CompositeTiles/Composite tiles22.TIF,78,65.52857142857142,66,4.362900177540586,128.4607142857143,123.5,25.890950422406476,0,0,0,280
building,/content/CompositeTiles/Composite tiles22.TIF,79,64.25520833333333,64,3.318583087192066,166.54166666666666,163.5,25.960674051769576,0,0,0,192
not building,/content/CompositeTiles/Composite tiles22.TIF,80,159.0491525423729,157,12.172877226021038,160.83050847457628,152.5,64.67322096440647,0,0,0,590
building,/content/CompositeTiles/Composite tiles22.TIF,81,67.99074074074075,67,4.334391687786765,132.64814814814815,125.5,24.680669754559087,0,0,0,108
not building,/content/CompositeTiles/Composite tiles22.TIF,82,145.7048076923077,150,18.620717782412378,249.09326923076924,255,15.26452501480196,0,0,0,1040
not building,/content/CompositeTiles/Composite tiles22.TIF,83,138.31,135,16.765855182483236,152.47,141,35.0335425,0,0,0,100
building,/content/CompositeTiles/Composite tiles22.TIF,84,67.85227272727273,67,2.810450355076052,147.8125,143,20.345427856378222,0,0,0,176
building,/content/CompositeTiles/Composite tiles22.TIF,85,71.50632911392405,70,9.0789413,158.29113924050634,151.5,29.241531024842295,0,0,0,158
not building,/content/CompositeTiles/Composite tiles22.TIF,86,162.27807486631016,170,18.94934707536464,156.22994652406416,141,63.56289202233587,0,0,0,187
not building,/content/CompositeTiles/Composite tiles22.TIF,87,140.76404494382024,143,16.868530507016455,133.01498127340824,121,36.62032857171033,0,0,0,267
building,/content/CompositeTiles/Composite tiles22.TIF,88,64.30075187969925,64,5.6368617120692885,222.90225563909775,225,11.333538399654946,0,0,0,133
building,/content/CompositeTiles/Composite tiles22.TIF,89,69.66190476190476,67.5,11.940925073459649,191.18571428571428,197,17.824776381801385,0,0,0,210
building,/content/CompositeTiles/Composite tiles22.TIF,90,68.475,67,7.542062604707902,147.75833333333333,141,24.761527898917887,0,0,0,120
not building,/content/CompositeTiles/Composite tiles22.TIF,91,66.02083333333333,65,2.5643624667958136,156.86805555555554,151,22.925073163513982,0,0,0,144
building,/content/CompositeTiles/Composite tiles22.TIF,92,62.812865497076025,60,6.316233469340641,189.06432748538012,190,38.04985129553139,0,0,0,171
building,/content/CompositeTiles/Composite tiles22.TIF,93,66.25322580645161,63,15.134943734690172,112.30967741935484,107,30.22134851967322,0,0,0,620
not building,/content/CompositeTiles/Composite tiles22.TIF,94,91.12077295,87,24.208831849124227,154.07729468599032,151,52.37991849249395,0,0,0,207
building,/content/CompositeTiles/Composite tiles22.TIF,95,65.23100303951368,65,4.810526631,121.48176291793312,124,42.00152481591264,0,0,0,658
building,/content/CompositeTiles/Composite tiles22.TIF,96,64.17886178861788,62,5.681280802,157.1219512195122,147,35.66319078097959,0,0,0,123
building,/content/CompositeTiles/Composite tiles22.TIF,97,74.5,70,12.249566800195542,151.91509433962264,149,45.430979772665125,0,0,0,212
building,/content/CompositeTiles/Composite tiles22.TIF,98,74.41666666666667,72,9.968770680925953,142.2,136,26.105746493827755,0,0,0,120
not building,/content/CompositeTiles/Composite tiles22.TIF,99,83.55367231638418,73,21.725267139365727,169.58757062146893,150,46.552375743010785,0,0,0,177
building,/content/CompositeTiles/Composite tiles22.TIF,100,63.87,63,6.509462343389044,166.46,165,28.65010296665616,0,0,0,100
not building,/content/CompositeTiles/Composite tiles22.TIF,101,146.1043956043956,148,14.72290144069803,222.58241758241758,248.5,38.86976449578121,0,0,0,182
building,/content/CompositeTiles/Composite tiles22.TIF,102,62.89133247089263,61,6.957910045125675,125.76584734799482,106,41.22711240644743,0,0,0,773
not building,/content/CompositeTiles/Composite tiles22.TIF,103,89.01449275362319,74,29.08935563425445,231.15096618357487,255,36.99471383486422,0,0,0,828
building,/content/CompositeTiles/Composite tiles22.TIF,104,69.88579387,68,7.861672752313911,161.79387186629526,155,32.08843744402617,0,0,0,359
not building,/content/CompositeTiles/Composite tiles22.TIF,105,160.65384615384616,160,5.752205648486953,195.3,195,43.07268454422308,0,0,0,130
building,/content/CompositeTiles/Composite tiles22.TIF,106,60.76119402985075,60,4.018945998,118.74626865671642,116,25.81382441354238,0,0,0,134
building,/content/CompositeTiles/Composite tiles22.TIF,107,72.34761904761905,70,9.266330195036582,149.1952380952381,151,22.92627887465711,0,0,0,210
building,/content/CompositeTiles/Composite tiles22.TIF,108,71.64166666666667,69,7.547401134754194,165.11666666666667,163,21.194804132669454,0,0,0,120
building,/content/CompositeTiles/Composite tiles22.TIF,109,68.69852941176471,68,3.094872070294327,154.40441176470588,154,18.633610791378235,0,0,0,136
building,/content/CompositeTiles/Composite tiles22.TIF,110,62.38265306122449,62,4.791734497223149,126.54591836734694,124,11.48303689802917,0,0,0,196
building,/content/CompositeTiles/Composite tiles22.TIF,111,70.53696498054475,69,6.549392947983843,116.15175097276264,111,23.710566830516022,0,0,0,257
building,/content/CompositeTiles/Composite tiles22.TIF,112,70.53333333333333,68,9.378868514014608,156.84761904761905,153,24.448889721555457,0,0,0,105
building,/content/CompositeTiles/Composite tiles22.TIF,113,70.48554913294798,69,5.065589382956232,162.21387283236993,162,21.838223728980513,0,0,0,173
not building,/content/CompositeTiles/Composite tiles22.TIF,114,69.78594249201278,68,5.365746927,218.629393,255,55.19518111069461,0,0,0,626
building,/content/CompositeTiles/Composite tiles22.TIF,115,75.608,72,12.450796601021159,154.968,149,29.13964612002006,0,0,0,125
not building,/content/CompositeTiles/Composite tiles22.TIF,116,168.91164658634537,170,12.007704391707556,123.52208835341365,109,52.71123610486703,0,0,0,249
building,/content/CompositeTiles/Composite tiles22.TIF,117,66.66055045871559,67,2.799804001941704,179.25688073394497,176,24.93051027483708,0,0,0,109
building,/content/CompositeTiles/Composite tiles22.TIF,118,68.1025641,67,6.370853255503207,168.72649572649573,167,25.426153817997672,0,0,0,117
building,/content/CompositeTiles/Composite tiles22.TIF,119,70.12162162162163,69,4.630838762104937,151.6216216216216,149.5,21.704528548957366,0,0,0,148
building,/content/CompositeTiles/Composite tiles22.TIF,120,66.6300813,64,9.875513241,148.14634146341464,148,23.471980502908806,0,0,0,492
building,/content/CompositeTiles/Composite tiles22.TIF,121,69.62135922330097,68,6.120340914507424,168.06796116504853,166,23.75247034098691,0,0,0,103
not building,/content/CompositeTiles/Composite tiles22.TIF,122,106.51087744742567,113.5,35.955592492682506,231.55873821609862,255,37.93720234012484,0,0,0,2758
not building,/content/CompositeTiles/Composite tiles22.TIF,123,154.65420560747663,152,13.168287311722839,110.81308411214954,100,33.56125126,0,0,0,107
not building,/content/CompositeTiles/Composite tiles22.TIF,124,81.77011494252874,67,31.287008649020795,198.72477650063857,236,63.93037989070988,0,0,0,1566
building,/content/CompositeTiles/Composite tiles22.TIF,125,70.60368664,70,4.966207025000773,171.0737327,169,27.684930792386893,0,0,0,217
building,/content/CompositeTiles/Composite tiles22.TIF,126,72.63551402,70,9.303192621895123,196.82242990654206,197,20.34736341234097,0,0,0,107
not building,/content/CompositeTiles/Composite tiles22.TIF,127,114.7910447761194,116,9.339831749951285,254.27985074626866,255,5.069668066656982,0,0,0,268
building,/content/CompositeTiles/Composite tiles22.TIF,128,73.88024564994882,66,19.42275962220374,195.98259979529172,182,53.97479134288718,0,0,0,977
building,/content/CompositeTiles/Composite tiles22.TIF,129,69.44217687,69,4.274794424305956,140.5578231292517,132,21.122618773075043,0,0,0,147
building,/content/CompositeTiles/Composite tiles22.TIF,130,79.29,73.5,19.697357690817313,129.57,120.5,34.29351396401366,0,0,0,100
building,/content/CompositeTiles/Composite tiles22.TIF,131,255,255,0,255,255,0,255,255,0,16717
building,/content/CompositeTiles/Composite tiles22.TIF,132,64.78481012658227,64,7.648949989012364,86.79535864978902,82,16.330393461572413,0,0,0,474
building,/content/CompositeTiles/Composite tiles22.TIF,133,59.30653266331658,58,5.446543095961813,137.19095477386935,131,18.291023104902724,0,0,0,398
building,/content/CompositeTiles/Composite tiles22.TIF,134,68.76452599,68,5.388533669905908,122.17125382262996,117,25.48288445127397,0,0,0,327
building,/content/CompositeTiles/Composite tiles22.TIF,135,63.26359832635983,61,8.302944304472788,123.97071129707113,119,20.667804382366803,0,0,0,239
building,/content/CompositeTiles/Composite tiles22.TIF,136,82.45038167938931,75,20.863501766510606,119.69465648854961,113,27.73591193996588,0,0,0,131
building,/content/CompositeTiles/Composite tiles22.TIF,137,64.16666666666667,63,5.944518616953065,126.52777777777777,121,29.886080369021848,0,0,0,252
building,/content/CompositeTiles/Composite tiles22.TIF,138,67.37254901960785,67,3.957919756212432,126.3921568627451,119,30.140246320976207,0,0,0,102
building,/content/CompositeTiles/Composite tiles22.TIF,139,66.45794392523365,65,7.938761378272726,137.98598130841123,130,29.29410628930963,0,0,0,214
building,/content/CompositeTiles/Composite tiles22.TIF,140,72.64,67,18.616723664490483,156.304,154,22.081023164699594,0,0,0,125
building,/content/CompositeTiles/Composite tiles22.TIF,141,71.6025641,68,11.606629122153608,146.46794871794873,141,29.05794826429945,0,0,0,156
building,/content/CompositeTiles/Composite tiles22.TIF,142,66.08033241,66,5.151088516895646,150.77285318559558,151,26.06859553222549,0,0,0,361
building,/content/CompositeTiles/Composite tiles22.TIF,143,62.23266219239374,62,5.864198267825259,184.9821029082774,177,35.49086459081097,0,0,0,447
building,/content/CompositeTiles/Composite tiles22.TIF,144,69.93442622950819,68,7.786850733314372,121.17213114754098,115,23.41524395680239,0,0,0,122
building,/content/CompositeTiles/Composite tiles22.TIF,145,71.73722627737226,68,8.937961420271314,126.9051094890511,119,27.710674960019237,0,0,0,137
building,/content/CompositeTiles/Composite tiles22.TIF,146,74.83490566037736,66,22.59353949424243,119.39622641509433,116,21.490093920303213,0,0,0,212
building,/content/CompositeTiles/Composite tiles22.TIF,147,67.45535714285714,67,2.1039435457914624,162.79464285714286,160,26.638498721928066,0,0,0,112
building,/content/CompositeTiles/Composite tiles22.TIF,148,65.41176470588235,64,6.505862598173847,162.60504201680672,159,28.639520936147235,0,0,0,119
building,/content/CompositeTiles/Composite tiles22.TIF,149,66.40760869565217,66,2.947391392535771,143.6141304347826,138,29.984742792473856,0,0,0,184
building,/content/CompositeTiles/Composite tiles22.TIF,150,66.09722222222223,55,24.71920627671158,137.25347222222223,133,23.411216486721003,0,0,0,288
building,/content/CompositeTiles/Composite tiles22.TIF,151,72.05357142857143,69,10.33098605938386,169.10714285714286,166,25.793256712496287,0,0,0,112
building,/content/CompositeTiles/Composite tiles22.TIF,152,76.83653846153847,71,17.579550279166742,166.83653846153845,160.5,26.30044989996993,0,0,0,104
building,/content/CompositeTiles/Composite tiles22.TIF,153,67.50561797752809,65,6.516398666778753,148.7078651685393,145,37.029809506284366,0,0,0,178
building,/content/CompositeTiles/Composite tiles22.TIF,154,80.36875,76,14.326383822776075,181.39375,179,29.097701128053053,0,0,0,160
building,/content/CompositeTiles/Composite tiles22.TIF,155,65.84393063583815,65,6.968461622372032,129.78612716763007,114,35.25817961140138,0,0,0,173
building,/content/CompositeTiles/Composite tiles22.TIF,156,66.37974683544304,66,5.163905394490635,157.14556962025316,153.5,25.854222765384286,0,0,0,158
building,/content/CompositeTiles/Composite tiles22.TIF,157,69.14851485148515,68,6.150563265864615,127.15841584158416,119,29.54933202684989,0,0,0,101
building,/content/CompositeTiles/Composite tiles22.TIF,158,64.35672514619883,63,7.323454177380922,176,176,27.628487713469468,0,0,0,171
building,/content/CompositeTiles/Composite tiles22.TIF,159,66.00920245398773,63,13.133455195651687,132.23006134969324,123.5,30.942939044042873,0,0,0,326
not building,/content/CompositeTiles/Composite tiles22.TIF,160,77.19758065,78,9.385841805868383,111.86290322580645,98,38.34969291154741,0,0,0,248
building,/content/CompositeTiles/Composite tiles22.TIF,161,65.08396946564885,64,3.6130344353643684,147.96946564885496,141,29.769839476600485,0,0,0,131
building,/content/CompositeTiles/Composite tiles22.TIF,162,63.38709677419355,63,4.770050512715832,161.3548387096774,158,28.167755973575332,0,0,0,124
building,/content/CompositeTiles/Composite tiles22.TIF,163,70.23943662,68,6.467611155,167.48591549295776,163,22.03254184650992,0,0,0,142
building,/content/CompositeTiles/Composite tiles22.TIF,164,70.97604790419162,69,8.395858756623902,156.2874251497006,154,26.79599170052225,0,0,0,167
building,/content/CompositeTiles/Composite tiles22.TIF,165,59.429577464788736,58.5,3.401320968169021,155.57746478873239,151,27.22398588849933,0,0,0,142
building,/content/CompositeTiles/Composite tiles22.TIF,166,74.75396825396825,69,13.118317804914556,161.82539682539684,157,25.77622854833234,0,0,0,126
building,/content/CompositeTiles/Composite tiles22.TIF,167,64.79245283018868,63,8.840000193302393,167.06603773584905,159,30.06730465,0,0,0,106
building,/content/CompositeTiles/Composite tiles22.TIF,168,65.88073394495413,65,7.262729755265719,123.92660550458716,118,25.52088780127906,0,0,0,109
building,/content/CompositeTiles/Composite tiles22.TIF,169,60.6,58.5,6.622122016393235,162.3875,156,28.21900678177742,0,0,0,160
building,/content/CompositeTiles/Composite tiles22.TIF,170,69.07954545454545,66,10.451969791415452,178.6193181818182,183,24.022183677301967,0,0,0,176
building,/content/CompositeTiles/Composite tiles22.TIF,171,75.7,70,13.765225336747255,173.6642857142857,171,28.38249226806798,0,0,0,140
not building,/content/CompositeTiles/Composite tiles22.TIF,172,159.19379844961242,160,12.351491464018991,126.06976744186046,114,53.52000075991466,0,0,0,129
building,/content/CompositeTiles/Composite tiles22.TIF,173,60.193939393939395,59,5.139150937651401,174.5090909090909,171,27.396442631672517,0,0,0,165
building,/content/CompositeTiles/Composite tiles22.TIF,174,61.87619047619047,61,5.051534869239981,173.11428571428573,170,26.897446961769894,0,0,0,105
building,/content/CompositeTiles/Composite tiles22.TIF,175,69.58552631578948,69,2.813136662319559,163.01973684210526,161,25.793070875603505,0,0,0,152
building,/content/CompositeTiles/Composite tiles22.TIF,176,66.67231638418079,64,9.988409766454964,172.27118644067798,161,37.60206322104366,0,0,0,177
building,/content/CompositeTiles/Composite tiles22.TIF,177,58.66417910447761,58,3.1193762049839537,193.23880597014926,191,23.86566230759714,0,0,0,134
building,/content/CompositeTiles/Composite tiles22.TIF,178,58.053941908713696,57,2.6040972784497805,173.91286307053943,172,20.255747621844016,0,0,0,241
building,/content/CompositeTiles/Composite tiles22.TIF,179,70.51428571428572,69,9.255232019127947,164.93333333333334,161,25.749439815142594,0,0,0,105
building,/content/CompositeTiles/Composite tiles22.TIF,180,62.90846286701209,62,9.227703701,208.29188255613127,205,38.09894562541843,0,0,0,579
not building,/content/CompositeTiles/Composite tiles22.TIF,181,166.14074074074074,170,11.523671587593538,146.97037037037038,133,54.46520339945778,0,0,0,270
building,/content/CompositeTiles/Composite tiles22.TIF,182,69.62176165803109,69,3.471115901439218,167.50777202072538,165,27.72087355743689,0,0,0,193
building,/content/CompositeTiles/Composite tiles22.TIF,183,66.20261437908496,65,4.559496986824877,165.75816993464053,157,35.522620270740546,0,0,0,153
building,/content/CompositeTiles/Composite tiles22.TIF,184,75.15384615384616,71,13.388549377653646,185.13076923076923,185.5,28.18520846705521,0,0,0,130
not building,/content/CompositeTiles/Composite tiles22.TIF,185,138.21487603305786,139,12.999813483449172,210.74380165289256,209,35.63439904733614,0,0,0,121
not building,/content/CompositeTiles/Composite tiles22.TIF,186,164.8379821958457,163,14.77231288512209,96.70148367952523,71,60.52893878991368,0,0,0,1685
building,/content/CompositeTiles/Composite tiles22.TIF,187,73.98907103825137,73,8.97780449,161.76502732240436,151,36.00416613529071,0,0,0,183
building,/content/CompositeTiles/Composite tiles22.TIF,188,65.91,66,5.1460567427885975,185.39,182,28.466785909196002,0,0,0,100
building,/content/CompositeTiles/Composite tiles22.TIF,189,68.7,66,6.925315877272314,161.19166666666666,156,30.70729984692384,0,0,0,120
building,/content/CompositeTiles/Composite tiles22.TIF,190,60.2734375,59,5.949940708409938,180.3125,186,26.936484899667217,0,0,0,128
building,/content/CompositeTiles/Composite tiles22.TIF,191,73.58433734939759,69,11.939183055417724,157.7710843373494,150,34.658688752650875,0,0,0,166
building,/content/CompositeTiles/Composite tiles22.TIF,192,69.56,68,7.3652155433496995,159.76,155,28.86004851000774,0,0,0,125
not building,/content/CompositeTiles/Composite tiles22.TIF,193,128.67189952904238,132,14.430607352911139,254.02747252747253,255,7.668875220269575,0,0,0,1274
building,/content/CompositeTiles/Composite tiles22.TIF,194,68.95258620689656,68,6.698069217510996,159.86206896551724,154,54.597886872037414,0,0,0,232
building,/content/CompositeTiles/Composite tiles22.TIF,195,66.37956204379562,65,8.854156009485667,181.5912408759124,171,31.60905228018499,0,0,0,137
not building,/content/CompositeTiles/Composite tiles22.TIF,196,156.0982905982906,160,18.082283357942384,224.03418803418805,255,43.856493174574275,0,0,0,234
building,/content/CompositeTiles/Composite tiles22.TIF,197,75.11363636363636,70.5,13.742021226257808,125.74242424242425,115,33.52624960094503,0,0,0,132
building,/content/CompositeTiles/Composite tiles22.TIF,198,68.43589743589743,68,4.785366967654793,137.15384615384616,114,47.41810130489144,0,0,0,156
not building,/content/CompositeTiles/Composite tiles22.TIF,199,150.24852071005918,152,14.291463527727453,95.02958579881657,87,23.40394596666737,0,0,0,169
building,/content/CompositeTiles/Composite tiles22.TIF,200,62.69536424,61,8.313658044269285,111.93267108167771,115,32.62528734128676,0,0,0,906
building,/content/CompositeTiles/Composite tiles22.TIF,201,72.80952380952381,69,9.929484941,194.66071428571428,188,39.565923041886215,0,0,0,168
building,/content/CompositeTiles/Composite tiles22.TIF,202,68.64545454545454,68,4.082304081223035,189.6909090909091,187,19.459863334354008,0,0,0,110
building,/content/CompositeTiles/Composite tiles22.TIF,203,65.83870967741936,65.5,1.7887962107111963,137.51612903225808,138,21.42936027486127,0,0,0,62
building,/content/CompositeTiles/Composite tiles22.TIF,204,66.14583333333333,66,1.5136818156035596,186.89583333333334,183,19.68738977041452,0,0,0,48
building,/content/CompositeTiles/Composite tiles22.TIF,205,66.36045729657027,65,3.720098892416707,83.78749159381304,82,12.024824338242887,0,0,0,1487
not building,/content/CompositeTiles/Composite tiles22.TIF,206,148.96491228070175,148,8.893058425,165.3859649122807,167,25.940386710021027,0,0,0,57
not building,/content/CompositeTiles/Composite tiles22.TIF,207,164.25757575757575,164,4.933836807009347,186.28787878787878,183,53.40178329547454,0,0,0,66
not building,/content/CompositeTiles/Composite tiles22.TIF,208,152.06521739130434,150,11.82278966181517,157.05434782608697,161,31.596079878761923,0,0,0,92
building,/content/CompositeTiles/Composite tiles22.TIF,209,60.4173141,62,8.215270283,97.97558268590456,94,27.72001009818732,0,0,0,901
not building,/content/CompositeTiles/Composite tiles22.TIF,210,170.27659574468086,169,7.118158163815151,204.25531914893617,203,34.55028286678329,0,0,0,47
not building,/content/CompositeTiles/Composite tiles22.TIF,211,131.375,140,18.293469918707785,167.83333333333334,163.5,24.93770015235745,0,0,0,24
building,/content/CompositeTiles/Composite tiles22.TIF,212,69.10344827586206,66,8.202935391000821,122.97701149425288,118,19.52067987527513,0,0,0,87
building,/content/CompositeTiles/Composite tiles22.TIF,213,68.37931034482759,66,6.8535440606333315,127.98850574712644,123,24.473534498936942,0,0,0,87
building,/content/CompositeTiles/Composite tiles22.TIF,214,61.24691358024691,61,2.225169513296009,132.20987654320987,121,34.58848593454211,0,0,0,81
building,/content/CompositeTiles/Composite tiles22.TIF,215,67.22727272727273,67,3.0515542713631003,122.04545454545455,118,22.54687495525564,0,0,0,88
building,/content/CompositeTiles/Composite tiles22.TIF,216,65.33333333333333,66,2.9363620727393656,122.12222222222222,119,17.587134045961477,0,0,0,90
building,/content/CompositeTiles/Composite tiles22.TIF,217,61.39361702,62,4.4464140108018455,123.98936170212765,120,20.670409871926264,0,0,0,94
not building,/content/CompositeTiles/Composite tiles22.TIF,218,94.70578805264934,82,33.06336163791414,221.71928788390144,255,54.218611837859825,0,0,0,11852
building,/content/CompositeTiles/Composite tiles22.TIF,219,57.40625,57,2.0745387288503436,178.6875,175.5,23.995360879761737,0,0,0,96
building,/content/CompositeTiles/Composite tiles22.TIF,220,59.857142857142854,57.5,6.120112933020532,194.42857142857142,192,22.423566320516734,0,0,0,84
building,/content/CompositeTiles/Composite tiles22.TIF,221,76.18181818181819,74,8.637320521,187.6818181818182,182,28.496229995684377,0,0,0,44
not building,/content/CompositeTiles/Composite tiles22.TIF,222,138.15625,142.5,16.00802411097322,196.6875,193.5,27.892021148529196,0,0,0,32
building,/content/CompositeTiles/Composite tiles22.TIF,223,65.32258065,65,5.543884144242797,129.7311827956989,122,31.964745292458485,0,0,0,93
building,/content/CompositeTiles/Composite tiles22.TIF,224,69.55263157894737,69,2.551546160984423,186.43421052631578,183,21.74816116020882,0,0,0,76
not building,/content/CompositeTiles/Composite tiles22.TIF,225,128.75,138.5,27.97833983638057,196.3,200.5,46.909060958411864,0,0,0,40
not building,/content/CompositeTiles/Composite tiles22.TIF,226,156.05474095796677,155,15.94917803728023,134.7761485826002,113,67.6787719,0,0,0,1023
building,/content/CompositeTiles/Composite tiles22.TIF,227,60.22653429602888,59,3.378117612312277,116.0658844765343,101.5,39.29397431360813,0,0,0,1108
not building,/content/CompositeTiles/Composite tiles22.TIF,228,114.37300757773713,121,39.27693589,209.61177162268095,255,59.20008862981539,0,0,0,15308
not building,/content/CompositeTiles/Composite tiles22.TIF,229,116.45600188479209,121,35.96510104192754,215.1529037578042,255,54.18360510078483,0,0,0,8489
building,/content/CompositeTiles/Composite tiles22.TIF,230,66,66,1.7265955158842785,189.66037735849056,185,21.021052696317902,0,0,0,53
not building,/content/CompositeTiles/Composite tiles22.TIF,231,115.58333333333333,125,29.188920082037217,125.875,107,45.546965230042126,0,0,0,24
not building,/content/CompositeTiles/Composite tiles22.TIF,232,142.4090909090909,141,12.790831556268202,164.45454545454547,163,29.422822423058655,0,0,0,22
building,/content/CompositeTiles/Composite tiles22.TIF,233,79.96774193548387,70,21.81518244763782,145.41935483870967,140,18.997069712149898,0,0,0,31
building,/content/CompositeTiles/Composite tiles22.TIF,234,69.89795918367346,67,7.797814706853175,147.0204081632653,140,31.883070676328686,0,0,0,98
not building,/content/CompositeTiles/Composite tiles22.TIF,235,121.83333333333333,135,28.268062072475598,194.61111111111111,190,18.162503770402264,0,0,0,72
not building,/content/CompositeTiles/Composite tiles22.TIF,236,129.04054054054055,135.5,26.110699468509896,103.54054054054055,93.5,35.21984590616151,0,0,0,74
building,/content/CompositeTiles/Composite tiles22.TIF,237,74.98734177,69,11.934943558473634,194.22784810126583,191,22.892677159328276,0,0,0,79
not building,/content/CompositeTiles/Composite tiles22.TIF,238,110.76470588235294,113,12.649712443905388,255,255,0,0,0,0,85
building,/content/CompositeTiles/Composite tiles22.TIF,239,68.15555555555555,68,3.2452053902166744,143.96666666666667,135,25.400546800763514,0,0,0,90
not building,/content/CompositeTiles/Composite tiles22.TIF,240,142.6,143,12.019983361053376,169.44,168,31.06133287545787,0,0,0,25
not building,/content/CompositeTiles/Composite tiles22.TIF,241,139.02898550724638,145,24.20083302823809,177.07246376811594,169,50.08668394316598,0,0,0,69
not building,/content/CompositeTiles/Composite tiles22.TIF,242,158.2325581395349,158,9.206512379837882,135.82558139534885,117.5,49.17084404127864,0,0,0,86
building,/content/CompositeTiles/Composite tiles22.TIF,243,69.79617834394904,71,3.698405326009385,133.5031847133758,120,31.75134767265124,0,0,0,157
building,/content/CompositeTiles/Composite tiles22.TIF,244,72.67073170731707,72,10.195712726493905,118.6829268292683,115,19.251783603642426,0,0,0,82
not building,/content/CompositeTiles/Composite tiles22.TIF,245,104.63812154696133,110,32.77266775862968,230.56714832129197,255,42.880796438180184,0,0,0,4706
not building,/content/CompositeTiles/Composite tiles22.TIF,246,152.8409090909091,150,11.194445014093093,175.86363636363637,166,49.46513506275768,0,0,0,44
building,/content/CompositeTiles/Composite tiles22.TIF,247,72.07070707070707,68,13.620581963903177,133.7171717171717,123,35.448651269819855,0,0,0,99
not building,/content/CompositeTiles/Composite tiles22.TIF,248,114.51648351648352,98,46.29583861805108,87.21978021978022,75,33.90996553506151,0,0,0,91
building,/content/CompositeTiles/Composite tiles22.TIF,249,63.66279069767442,63,3.1791854489763938,134.56976744186048,118.5,42.741391271844364,0,0,0,86
not building,/content/CompositeTiles/Composite tiles22.TIF,250,71.28,68,7.470046853936058,200.24,197,15.459055598580399,0,0,0,25
not building,/content/CompositeTiles/Composite tiles22.TIF,251,117.46575342465754,116,23.586670365969404,254.53424657534248,255,2.740273917819175,0,0,0,73
building,/content/CompositeTiles/Composite tiles22.TIF,252,74.45454545454545,69,13.963352269837292,197.16883116883116,186,25.561437370617785,0,0,0,77
not building,/content/CompositeTiles/Composite tiles22.TIF,253,88.03225806451613,90,16.637470091037784,143.5483870967742,140,21.109298837207817,0,0,0,31
building,/content/CompositeTiles/Composite tiles22.TIF,254,73.35353535353535,69,12.789921167109332,206.62626262626262,204,29.47061054732388,0,0,0,99
not building,/content/CompositeTiles/Composite tiles22.TIF,255,94.58493572022427,72,38.459330832327325,225.3303886274558,255,52.538671294071264,0,0,0,244167
building,/content/CompositeTiles/Composite tiles22.TIF,256,67.66304347826087,66,8.232065055930144,121.40217391304348,112.5,31.703812616222308,0,0,0,92
building,/content/CompositeTiles/Composite tiles22.TIF,257,64.64044943820225,64,2.5801628335133238,122.69662921348315,119,18.546876228930884,0,0,0,89
building,/content/CompositeTiles/Composite tiles22.TIF,258,61.84931506849315,62,3.0995856235500496,133.0958904109589,122,32.83756802,0,0,0,73
building,/content/CompositeTiles/Composite tiles22.TIF,259,63.51190476190476,64,3.0491764993622517,116.51190476190476,111,22.24511398873654,0,0,0,84
building,/content/CompositeTiles/Composite tiles22.TIF,260,70.91489361702128,70,5.005655470646209,157.10638297872342,151.5,20.549094345165646,0,0,0,94
building,/content/CompositeTiles/Composite tiles22.TIF,261,64.31645569620254,64,2.5584029027098403,163.86075949367088,164,22.18263328994855,0,0,0,79
building,/content/CompositeTiles/Composite tiles22.TIF,262,65.47252747252747,56,22.75639780072035,171.72527472527472,169,21.35007318311874,0,0,0,91
not building,/content/CompositeTiles/Composite tiles22.TIF,263,62.56578947368421,62,3.7322757496557175,181.3684210526316,179,11.829759646603092,0,0,0,76
building,/content/CompositeTiles/Composite tiles22.TIF,264,72.5,67,18.58584605202001,127.60204081632654,115.5,33.697859132603405,0,0,0,98
building,/content/CompositeTiles/Composite tiles22.TIF,265,66.61538461538461,65,5.940367702576549,124.02564102564102,116,32.14150378583315,0,0,0,78
not building,/content/CompositeTiles/Composite tiles22.TIF,266,136.67857142857142,141,16.284056411019918,197.52380952380952,194.5,42.414753775879454,0,0,0,84
building,/content/CompositeTiles/Composite tiles22.TIF,267,73.43529411764706,71,7.180770168,181.36470588235295,181,23.499109899950795,0,0,0,85
building,/content/CompositeTiles/Composite tiles22.TIF,268,75.82022471910112,70,14.699661234155688,177.17977528089887,162,38.79405775119991,0,0,0,89
building,/content/CompositeTiles/Composite tiles22.TIF,269,61.18181818181818,59,7.826868559116706,154.62626262626262,151,20.84022230759589,0,0,0,99
building,/content/CompositeTiles/Composite tiles22.TIF,270,59.02325581395349,58,3.158512838847401,180.13953488372093,178,24.210396954901405,0,0,0,86
building,/content/CompositeTiles/Composite tiles22.TIF,271,63.08,63,4.545356605005449,201.65333333333334,200,13.541534460893107,0,0,0,75
not building,/content/CompositeTiles/Composite tiles22.TIF,272,81.21276596,74,15.526142908851353,203.25531914893617,195,19.525725622069896,0,0,0,47
not building,/content/CompositeTiles/Composite tiles22.TIF,273,98.57894736842105,88.5,29.027783042555125,169.27631578947367,165,35.14428855455094,0,0,0,76
building,/content/CompositeTiles/Composite tiles22.TIF,274,68.03614457831326,66,6.537096705,163.55421686746988,162,19.034688063845657,0,0,0,83
not building,/content/CompositeTiles/Composite tiles23.TIF,0,151.8755458515284,149,12.539013886407927,58.427947598253276,53,19.21074357523444,0,0,0,458
not building,/content/CompositeTiles/Composite tiles23.TIF,1,3.907246376811594,0,18.593128844915974,0.4391304347826087,0,1.9626747049573756,0,0,0,690
building,/content/CompositeTiles/Composite tiles23.TIF,2,66.53043478,66,1.7461597074745376,150.2521739130435,146,23.222494146937297,0,0,0,115
building,/content/CompositeTiles/Composite tiles23.TIF,3,65.63050847457627,65,3.5217125185749483,191.69830508474575,192,5.822268517217693,0,0,0,295
not building,/content/CompositeTiles/Composite tiles23.TIF,4,1.9880952380952381,0,17.156377439543363,0.13,0,1.1198448021723284,0,0,0,2100
building,/content/CompositeTiles/Composite tiles23.TIF,5,66.01923076923077,63,10.532289274274705,154.07692307692307,151,21.956115455999033,0,0,0,156
not building,/content/CompositeTiles/Composite tiles23.TIF,6,110.26027397260275,111,6.520835725202407,186.23287671232876,179.5,57.018026601049165,0,0,0,146
not building,/content/CompositeTiles/Composite tiles23.TIF,7,120.24731182795699,123,7.1326236919327455,255,255,0,0,0,0,372
building,/content/CompositeTiles/Composite tiles23.TIF,8,64.01578947368421,60,12.043550934569646,170.90526315789472,165,24.480098763221193,0,0,0,190
not building,/content/CompositeTiles/Composite tiles23.TIF,9,147.3102983465133,153,18.727710306926927,252.66705607476635,255,14.637647814220713,0,0,0,11128
not building,/content/CompositeTiles/Composite tiles23.TIF,10,165.9390243902439,163,8.895528557453924,137.5609756097561,118.5,59.89616982765922,0,0,0,164
building,/content/CompositeTiles/Composite tiles23.TIF,11,75.01923076923077,71,16.51833524930052,176.00480769230768,172.5,20.598146293592745,0,0,0,208
not building,/content/CompositeTiles/Composite tiles23.TIF,12,154.0256064690027,158,16.112036713527914,235.9588948787062,255,38.487426558440816,0,0,0,1484
not building,/content/CompositeTiles/Composite tiles23.TIF,13,120.11111111111111,123,7.244033849590359,255,255,0,0,0,0,387
not building,/content/CompositeTiles/Composite tiles23.TIF,14,152.97165991902833,159,22.42637993,205,243,57.02197885793244,0,0,0,247
building,/content/CompositeTiles/Composite tiles23.TIF,15,82.07017544,70,23.221556568044818,140.05263157894737,136.5,33.57796429,0,0,0,228
not building,/content/CompositeTiles/Composite tiles23.TIF,16,164.51508620689654,165,15.617318414994523,137.06465517241378,120,67.51870846011846,0,0,0,1856
building,/content/CompositeTiles/Composite tiles23.TIF,17,62.80769230769231,59,9.887258950100938,192.69871794871796,187,22.55091671108274,0,0,0,156
not building,/content/CompositeTiles/Composite tiles23.TIF,18,0.7525641025641026,0,8.705380363403535,0.074358974,0,0.7842088774332397,0,0,0,1560
not building,/content/CompositeTiles/Composite tiles23.TIF,19,135.39823008849558,138,15.944338925464052,79.25663717,74,29.377548094662252,0,0,0,113
building,/content/CompositeTiles/Composite tiles23.TIF,20,64.16431924882629,61,7.6352434700169844,119.3849765258216,116,23.45652575694669,0,0,0,213
not building,/content/CompositeTiles/Composite tiles23.TIF,21,166.8181818181818,166,7.508672671601565,142.29752066115702,118,68.10949432343024,0,0,0,121
building,/content/CompositeTiles/Composite tiles23.TIF,22,69.21259842519684,68,5.149160808103981,115.5984251968504,112,18.797830266199487,0,0,0,127
not building,/content/CompositeTiles/Composite tiles23.TIF,23,153.3539845116163,158,18.93759162893296,252.5273544841369,255,10.941830099967024,0,0,0,4003
not building,/content/CompositeTiles/Composite tiles23.TIF,24,104.95641646489103,100,16.45547338,251.82082324455206,255,13.409976131781745,0,0,0,413
building,/content/CompositeTiles/Composite tiles23.TIF,25,69.11923076923077,67,8.533937644251704,127.38076923076923,118,35.97292271471771,0,0,0,260
building,/content/CompositeTiles/Composite tiles23.TIF,26,67.04255319148936,66,3.745962063220283,112.85106382978724,106,27.826345027539467,0,0,0,235
building,/content/CompositeTiles/Composite tiles23.TIF,27,71.70731707317073,68,13.671364475539441,127.0569105691057,123,18.71493504416858,0,0,0,123
not building,/content/CompositeTiles/Composite tiles23.TIF,28,160.94915254237287,159,13.346012835444505,102.64406779661017,93,42.99675302,0,0,0,118
not building,/content/CompositeTiles/Composite tiles23.TIF,29,113.91984231274638,125,39.16685071564607,246.19053876478318,255,26.645069952953296,0,0,0,761
building,/content/CompositeTiles/Composite tiles23.TIF,30,70.81761006289308,69,6.820110242669314,127.52830188679245,116,35.00634467573933,0,0,0,159
not building,/content/CompositeTiles/Composite tiles23.TIF,31,160.00727272727272,156,11.297624119424475,118.0909090909091,87,74.54245226770209,0,0,0,275
not building,/content/CompositeTiles/Composite tiles23.TIF,32,146.2210401891253,148,13.867392297428257,142.3049645390071,129,56.18242533258685,0,0,0,846
not building,/content/CompositeTiles/Composite tiles23.TIF,33,150.93984962406014,152,18.09322533394491,185.74436090225564,179,40.16145126173477,0,0,0,133
not building,/content/CompositeTiles/Composite tiles23.TIF,34,164.8388625592417,163,16.76675620727299,137.24012638230647,126,63.587924733112374,0,0,0,633
building,/content/CompositeTiles/Composite tiles23.TIF,35,70.67605633802818,68,7.980212585,116.17370892018779,110,26.497636777428134,0,0,0,213
not building,/content/CompositeTiles/Composite tiles23.TIF,36,141.72327044025158,143,18.245672167016295,83.18238993710692,71,38.26370849772526,0,0,0,159
not building,/content/CompositeTiles/Composite tiles23.TIF,37,161.59785932721712,159,17.15281367077273,126.97247706422019,115.5,64.88608583860153,0,0,0,654
building,/content/CompositeTiles/Composite tiles23.TIF,38,71.28125,66,13.073910984762746,127.78125,114,39.31851851783711,0,0,0,160
not building,/content/CompositeTiles/Composite tiles23.TIF,39,147.99521531100478,146,14.356199203676812,170.1866028708134,163,51.333310043659374,0,0,0,209
not building,/content/CompositeTiles/Composite tiles23.TIF,40,135.41690962099125,134,13.990144586515123,148.49271137026238,145,47.55091583788528,0,0,0,343
not building,/content/CompositeTiles/Composite tiles23.TIF,41,137.9291338582677,140,17.38366556235067,136.40944881889763,139,48.68901060033472,0,0,0,254
not building,/content/CompositeTiles/Composite tiles23.TIF,42,117.57575757575758,117,42.56163466830427,143.07272727272726,142,35.16671353775942,0,0,0,165
not building,/content/CompositeTiles/Composite tiles23.TIF,43,144.9064748201439,143.5,16.068823241882473,248.24820143884892,255,20.95780911622749,0,0,0,278
not building,/content/CompositeTiles/Composite tiles23.TIF,44,145.46192893401016,146,13.464177791044586,148.12690355329948,138,55.00391436975894,0,0,0,591
not building,/content/CompositeTiles/Composite tiles23.TIF,45,96.77455048409405,93,27.903465574183866,221.8174273858921,255,58.78885843501797,0,0,0,723
not building,/content/CompositeTiles/Composite tiles23.TIF,46,164.00408163265305,162,10.49450700213335,126.2530612244898,105,68.81422225460705,0,0,0,245
not building,/content/CompositeTiles/Composite tiles23.TIF,47,124.36,126,15.05092688175715,220.29,212,26.363723181675237,0,0,0,100
not building,/content/CompositeTiles/Composite tiles23.TIF,48,133.97744360902254,142.5,24.36408245277497,112.28571428571429,98,45.174360854638934,0,0,0,266
building,/content/CompositeTiles/Composite tiles23.TIF,49,79.16666666666667,72.5,17.102902071264378,132.66666666666666,126,29.859237667329587,0,0,0,108
not building,/content/CompositeTiles/Composite tiles23.TIF,50,95.96396396396396,101,15.744541698506142,70.98198198198199,49,60.36957977,0,0,0,111
building,/content/CompositeTiles/Composite tiles23.TIF,51,74.99090909090908,70,12.025348571432879,142.15454545454546,136,32.32257481970158,0,0,0,110
not building,/content/CompositeTiles/Composite tiles23.TIF,52,128.98136645962734,133,24.96593257695646,119.06211180124224,103,54.632105483658265,0,0,0,161
not building,/content/CompositeTiles/Composite tiles23.TIF,53,106.34615384615384,108.5,18.247639062655388,131.9903846153846,107,65.19445693643506,0,0,0,104
not building,/content/CompositeTiles/Composite tiles23.TIF,54,166.1244635193133,164,11.598318391864202,114.54077253218884,96,61.64072363059687,0,0,0,233
not building,/content/CompositeTiles/Composite tiles23.TIF,55,145.08179419525067,147,18.465718388947494,131.04749340369392,113,71.15802669303206,0,0,0,379
building,/content/CompositeTiles/Composite tiles23.TIF,56,79.74025974025975,75,11.98527516212105,143.9935064935065,138.5,25.85184983038071,0,0,0,154
building,/content/CompositeTiles/Composite tiles23.TIF,57,73.86547085201794,71,7.872288949122596,138.6726457399103,136,28.63745103042936,0,0,0,223
building,/content/CompositeTiles/Composite tiles23.TIF,58,72.26190476190476,70,5.1396043505136255,128.6904761904762,124,28.560007637974802,0,0,0,126
not building,/content/CompositeTiles/Composite tiles23.TIF,59,135.6273291925466,142,21.330530965071656,81.73291925465838,74,34.231720018910934,0,0,0,161
not building,/content/CompositeTiles/Composite tiles23.TIF,60,72.24537037037037,71,7.079572652137971,154.7037037037037,148,66.83994969456117,0,0,0,864
not building,/content/CompositeTiles/Composite tiles23.TIF,61,143.0430769230769,149,21.143713153492214,73.44615384615385,63,36.14791440700738,0,0,0,325
not building,/content/CompositeTiles/Composite tiles23.TIF,62,133.10803324099723,135,16.984414128213942,121.75207756232687,99,67.42479777062366,0,0,0,722
building,/content/CompositeTiles/Composite tiles23.TIF,63,70.75609756,69,6.442164792210306,140.09146341463415,138,27.687677549811216,0,0,0,164
not building,/content/CompositeTiles/Composite tiles23.TIF,64,150.60526315789474,149,12.623855460402494,108.3201754385965,90,58.158043416231855,0,0,0,228
not building,/content/CompositeTiles/Composite tiles23.TIF,65,129.6415929,131,14.721901243510183,255,255,0,0,0,0,226
not building,/content/CompositeTiles/Composite tiles23.TIF,66,165.77237851662403,162,14.240601664778204,96.07416879795396,78,60.263293767564285,0,0,0,391
building,/content/CompositeTiles/Composite tiles23.TIF,67,84.01263157894736,75,22.257910442926097,99.42105263157895,91,23.720734411000638,0,0,0,475
not building,/content/CompositeTiles/Composite tiles23.TIF,68,149.33482142857142,147,7.837036723849735,161.29910714285714,157.5,21.416882507630827,0,0,0,224
not building,/content/CompositeTiles/Composite tiles23.TIF,69,154.5726872246696,150,15.468534305866704,113.89427312775331,99,44.13822214846905,0,0,0,227
not building,/content/CompositeTiles/Composite tiles23.TIF,70,160.33333333333334,161,13.285248489824152,198.96275605214151,195,45.94011272727643,0,0,0,537
not building,/content/CompositeTiles/Composite tiles23.TIF,71,168.23357664233578,169,14.063427456722655,105.45498783454988,88,60.58313379502287,0,0,0,411
not building,/content/CompositeTiles/Composite tiles23.TIF,72,173.6997084548105,172,14.033079408998509,116.66763848396502,99,58.060692854745504,0,0,0,343
not building,/content/CompositeTiles/Composite tiles23.TIF,73,178.35772357723576,181,14.34597480800392,126.91869918699187,112,45.82071699160718,0,0,0,123
building,/content/CompositeTiles/Composite tiles23.TIF,74,88.41142857142857,76,26.22805228244393,111.57714285714286,106,20.9817211,0,0,0,175
not building,/content/CompositeTiles/Composite tiles23.TIF,75,162.54280821917808,160,13.680486164714548,150.05650684931507,141.5,67.66123735088424,0,0,0,584
not building,/content/CompositeTiles/Composite tiles23.TIF,76,130.6124031007752,128,12.86501781469398,169.05426356589146,164,65.33483348351115,0,0,0,129
not building,/content/CompositeTiles/Composite tiles23.TIF,77,158.57647058823528,158.5,16.343645263050377,82,67.5,42.66256107698012,0,0,0,170
not building,/content/CompositeTiles/Composite tiles23.TIF,78,161.39310344827587,159,10.151471136277626,160.3655172413793,149,65.21876330321993,0,0,0,145
not building,/content/CompositeTiles/Composite tiles23.TIF,79,161.3909090909091,160,7.128808971726756,118.93636363636364,104.5,55.626069309064604,0,0,0,110
not building,/content/CompositeTiles/Composite tiles23.TIF,80,163.41018518518518,161,16.180100030677917,110.8462962962963,87,66.72797517883907,0,0,0,1080
not building,/content/CompositeTiles/Composite tiles23.TIF,81,157.6293501048218,155,17.213255404836808,248.11027253668763,255,19.831723927332103,0,0,0,2385
building,/content/CompositeTiles/Composite tiles23.TIF,82,79.47368421052632,68,23.23646957,167.09649122807016,159,31.499643355888466,0,0,0,114
not building,/content/CompositeTiles/Composite tiles23.TIF,83,158.344,152,16.554445445257297,130.016,121,54.25229713108929,0,0,0,125
not building,/content/CompositeTiles/Composite tiles23.TIF,84,159.8970189701897,159,16.45311040691002,154.4471544715447,138,72.95113298336143,0,0,0,369
not building,/content/CompositeTiles/Composite tiles23.TIF,85,76.34899329,71,11.172789437680589,254.8523489932886,255,1.7962520223699436,0,0,0,149
not building,/content/CompositeTiles/Composite tiles23.TIF,86,99.23737754333082,73,41.99379350986042,240.19216277317258,247,17.288369371295342,0,0,0,1327
not building,/content/CompositeTiles/Composite tiles23.TIF,87,154.23699421965318,154,13.62276300499058,152.83815028901734,146,60.56103156779488,0,0,0,173
not building,/content/CompositeTiles/Composite tiles23.TIF,88,165.78676470588235,164.5,8.641051209399247,199.02941176470588,203,45.60104184446928,0,0,0,136
building,/content/CompositeTiles/Composite tiles23.TIF,89,124.28688524590164,120,32.08453984173194,157.59016393442624,153,23.017724495630144,0,0,0,122
not building,/content/CompositeTiles/Composite tiles23.TIF,90,169.06666666666666,168,12.119800850243895,147.07863247863247,142,51.579701548235995,0,0,0,585
not building,/content/CompositeTiles/Composite tiles23.TIF,91,159.19101123595505,158,15.267558618469852,193.61797752808988,203,59.88625403318224,0,0,0,267
not building,/content/CompositeTiles/Composite tiles23.TIF,92,165.55211623499684,164,16.58496092476373,115,92,68.58043495135838,0,0,0,1583
not building,/content/CompositeTiles/Composite tiles23.TIF,93,161.5462962962963,159,10.846901127066507,148.47222222222223,134.5,64.60656690812723,0,0,0,108
not building,/content/CompositeTiles/Composite tiles23.TIF,94,164.38597014925372,162,13.717424811596217,137.45432835820895,110,81.80343479311784,0,0,0,3350
not building,/content/CompositeTiles/Composite tiles23.TIF,95,169.16,167,10.494493794366644,157.56,153,31.749746455680555,0,0,0,100
not building,/content/CompositeTiles/Composite tiles23.TIF,96,126.15499254843517,142,35.48272350489506,249.8301043219076,255,20.61800870597229,0,0,0,1342
building,/content/CompositeTiles/Composite tiles23.TIF,97,82.63694267515923,68,29.91519922702993,178.05095541401275,160,43.201615353489714,0,0,0,157
not building,/content/CompositeTiles/Composite tiles23.TIF,98,143.61827956989248,144.5,12.351025783324046,70.92473118,60.5,29.372738644283267,0,0,0,186
building,/content/CompositeTiles/Composite tiles23.TIF,99,255,255,0,255,255,0,255,255,0,16853
building,/content/CompositeTiles/Composite tiles23.TIF,100,81.20538720538721,75,18.754884560661576,91.83838383838383,87,21.530359304916303,0,0,0,297
not building,/content/CompositeTiles/Composite tiles23.TIF,101,3.6642199824715163,0,21.42683634507891,2.7839614373356705,0,25.40472563461258,0,0,0,9128
building,/content/CompositeTiles/Composite tiles23.TIF,102,60.18300653594771,59,4.337762304508489,126.52287581699346,120,24.175579145571554,0,0,0,153
building,/content/CompositeTiles/Composite tiles23.TIF,103,72.46511627906976,71,5.608750792431008,125.02325581395348,115,28.752206552675876,0,0,0,129
not building,/content/CompositeTiles/Composite tiles23.TIF,104,120.77753435570604,124,8.743581090825371,254.9968133837881,255,0.18825767138317762,0,0,0,5021
not building,/content/CompositeTiles/Composite tiles23.TIF,105,147.3925925925926,146,11.477576396832665,150.35555555555555,143,30.043540420324206,0,0,0,135
building,/content/CompositeTiles/Composite tiles23.TIF,106,71.35099337748345,69,8.12990447,123.76158940397352,110,34.504190859629915,0,0,0,151
not building,/content/CompositeTiles/Composite tiles23.TIF,107,149.2409090909091,152.5,12.392488894154212,111.95,101,39.59628368695959,0,0,0,220
building,/content/CompositeTiles/Composite tiles23.TIF,108,64.5042735,64,2.948631238660689,132.47863247863248,128,22.135788514815108,0,0,0,117
building,/content/CompositeTiles/Composite tiles23.TIF,109,70.83969465648855,68,9.440708339556247,118.6030534351145,97,54.02157886477353,0,0,0,131
not building,/content/CompositeTiles/Composite tiles23.TIF,110,67.85116279069767,69,4.691029147412248,167.86976744186046,154,67.20507848640995,0,0,0,215
not building,/content/CompositeTiles/Composite tiles23.TIF,111,151.04285714285714,149,7.663337046866564,131.56428571428572,121,53.96827251983808,0,0,0,140
building,/content/CompositeTiles/Composite tiles23.TIF,112,67.99346405228758,67,4.330310758861955,189.2941176470588,183,55.486897982774856,0,0,0,153
not building,/content/CompositeTiles/Composite tiles23.TIF,113,109.15470439383483,121,23.233551121136138,253.33252818035427,255,14.036536098489217,0,0,0,8694
building,/content/CompositeTiles/Composite tiles23.TIF,114,69.92546583850931,69,4.411381095313309,145.50931677018633,141,25.621981540125148,0,0,0,161
not building,/content/CompositeTiles/Composite tiles23.TIF,115,144.28484848484848,143,13.693973928218941,109.55757575757576,85,60.115681563803506,0,0,0,165
building,/content/CompositeTiles/Composite tiles23.TIF,116,72.02409638554217,70,9.331867804121607,123.8855421686747,114.5,35.780524528707325,0,0,0,166
building,/content/CompositeTiles/Composite tiles23.TIF,117,72.48251748251748,70,6.590789448191595,126.47552447552448,112,37.60836690270613,0,0,0,143
building,/content/CompositeTiles/Composite tiles23.TIF,118,83.18421053,75,21.53681702421753,154.0482456140351,139,43.84774641,0,0,0,228
not building,/content/CompositeTiles/Composite tiles23.TIF,119,141.3,142,13.134306224540373,130.05,123,36.60720557485916,0,0,0,100
not building,/content/CompositeTiles/Composite tiles23.TIF,120,157.5036231884058,158,19.40724841960683,62.15942028985507,50,47.156883767064784,0,0,0,276
building,/content/CompositeTiles/Composite tiles23.TIF,121,69.44,68,5.472330399381968,137.89,125,37.46942620323935,0,0,0,100
building,/content/CompositeTiles/Composite tiles23.TIF,122,76.91860465,74,13.441272015766916,113.49418604651163,98,43.09123596928656,0,0,0,172
building,/content/CompositeTiles/Composite tiles23.TIF,123,86.74482759,78,18.181377099827603,153.4758620689655,148,33.309847929470095,0,0,0,145
building,/content/CompositeTiles/Composite tiles23.TIF,124,74.59166666666667,72,9.635434459443031,144.93333333333334,140,29.925667169765084,0,0,0,120
building,/content/CompositeTiles/Composite tiles23.TIF,125,66.78632478632478,67,4.566374798513231,147.4102564102564,133,34.06056793373302,0,0,0,117
not building,/content/CompositeTiles/Composite tiles23.TIF,126,135.87179487179486,140,23.907675964813233,97.42124542124542,85,38.32025052,0,0,0,273
building,/content/CompositeTiles/Composite tiles23.TIF,127,68.43975903614458,66,7.743982347122108,113.83132530120481,98,39.77294572314941,0,0,0,166
not building,/content/CompositeTiles/Composite tiles23.TIF,128,125.34202161474889,134,32.96494885097122,198.27399872854417,211,59.12838460142523,0,0,0,1573
building,/content/CompositeTiles/Composite tiles23.TIF,129,71.31547619047619,67,13.122653931343844,133.58333333333334,126,34.17608755134883,0,0,0,168
building,/content/CompositeTiles/Composite tiles23.TIF,130,70.29353233830845,67,10.488012961509678,147.02487562189054,108,63.250621911948116,0,0,0,201
not building,/content/CompositeTiles/Composite tiles23.TIF,131,122.78048780487805,125.5,19.457285543920463,254.97560975609755,255,0.31139378865374895,0,0,0,164
not building,/content/CompositeTiles/Composite tiles23.TIF,132,151.73293768545994,152,13.454392065445257,136.1454005934718,117,62.26615303804333,0,0,0,337
not building,/content/CompositeTiles/Composite tiles23.TIF,133,76.40740741,65,25.496926843516825,178.7111111111111,169,21.602423275133386,0,0,0,135
not building,/content/CompositeTiles/Composite tiles23.TIF,134,138.8574514038877,137,7.864276859578146,237.15658747300216,241,18.015630806759408,0,0,0,1852
not building,/content/CompositeTiles/Composite tiles23.TIF,135,142.09151329243355,143,18.537264452301685,170.37985685071575,167.5,77.23223671310815,0,0,0,1956
building,/content/CompositeTiles/Composite tiles23.TIF,136,74.25386996904025,71,11.433369046252194,156.23219814241486,160,36.70346341,0,0,0,323
building,/content/CompositeTiles/Composite tiles23.TIF,137,71.27142857142857,69,8.937755276788188,119.25,110.5,32.87402904595489,0,0,0,140
not building,/content/CompositeTiles/Composite tiles23.TIF,138,146.00751879699249,146,14.017441466694379,125.0375939849624,110,55.15165775939639,0,0,0,133
not building,/content/CompositeTiles/Composite tiles23.TIF,139,142.02255639097746,148,18.15325988886527,141.3233082706767,122,74.67529197238272,0,0,0,133
not building,/content/CompositeTiles/Composite tiles23.TIF,140,157.0353982300885,157,7.285491952023947,194.39823008849558,183,32.72317244043628,0,0,0,113
building,/content/CompositeTiles/Composite tiles23.TIF,141,68.24175824175825,68,6.311233068319681,137.27472527472528,131,27.079072627678283,0,0,0,91
building,/content/CompositeTiles/Composite tiles23.TIF,142,75.25842696629213,74,8.186763899340354,113.11235955056179,104,24.609963362014827,0,0,0,89
not building,/content/CompositeTiles/Composite tiles23.TIF,143,165.68965517241378,163,6.767587296232566,155.24137931034483,145,25.118553621348052,0,0,0,29
not building,/content/CompositeTiles/Composite tiles23.TIF,144,57.63414634146341,59,7.795421099910231,198.09756097560975,227,62.90558348092441,0,0,0,41
not building,/content/CompositeTiles/Composite tiles23.TIF,145,4.326064016883573,0,22.249842317900157,4.155821315511783,0,31.14430332616072,0,0,0,2843
not building,/content/CompositeTiles/Composite tiles23.TIF,146,146.07692307692307,146,5.560320113384985,211.55769230769232,207.5,37.49380126282336,0,0,0,52
building,/content/CompositeTiles/Composite tiles23.TIF,147,71.02061855670104,70,4.0050982495466485,111.17525773195877,108,19.98711456526215,0,0,0,97
building,/content/CompositeTiles/Composite tiles23.TIF,148,63.89714285714286,62,7.1506837121369315,109.35428571428571,106,15.32542878182985,0,0,0,175
building,/content/CompositeTiles/Composite tiles23.TIF,149,68.72164948453609,65,15.482442512251746,110.56701030927834,101,24.631263018080762,0,0,0,97
not building,/content/CompositeTiles/Composite tiles23.TIF,150,129.71428571428572,148,32.71785521525856,138.33333333333334,117,57.01601000443119,0,0,0,63
building,/content/CompositeTiles/Composite tiles23.TIF,151,72.29824561403508,67,13.937158350504674,198.21052631578948,190,24.480380144182675,0,0,0,57
not building,/content/CompositeTiles/Composite tiles23.TIF,152,134.11702127659575,132,14.830859419710205,135.03191489361703,118,46.95526438835151,0,0,0,94
building,/content/CompositeTiles/Composite tiles23.TIF,153,97.69512195,83,36.13716721,195.8902439,195.5,12.645259496957333,0,0,0,82
not building,/content/CompositeTiles/Composite tiles23.TIF,154,161.92931937172776,162,13.405388033643662,151.5434554973822,137,63.07235059872961,0,0,0,1910
not building,/content/CompositeTiles/Composite tiles23.TIF,155,135.16666666666666,135.5,8.907705777708546,133.58333333333334,127,24.497307108242644,0,0,0,48
building,/content/CompositeTiles/Composite tiles23.TIF,156,79.05882352941177,74,11.058510633871379,158.31372549019608,151,28.82842428758527,0,0,0,51
not building,/content/CompositeTiles/Composite tiles23.TIF,157,145.31840748520145,150,26.422694501290028,165.24355547068933,165,79.34390818270178,0,0,0,10474
not building,/content/CompositeTiles/Composite tiles23.TIF,158,135.79166666666666,136,13.308766430022313,168.91666666666666,176,68.99300488,0,0,0,48
not building,/content/CompositeTiles/Composite tiles23.TIF,159,157.76260597947345,159,17.01913386802093,126.48549754573851,113,64.94785530235644,0,0,0,2241
not building,/content/CompositeTiles/Composite tiles23.TIF,160,120.85665236051503,123,5.9752753052530885,255,255,0,0,0,0,1165
not building,/content/CompositeTiles/Composite tiles23.TIF,161,68,68,0,76.5,76.5,10.5,0,0,0,2
not building,/content/CompositeTiles/Composite tiles23.TIF,162,68,68,0,76.5,76.5,10.5,0,0,0,2
not building,/content/CompositeTiles/Composite tiles23.TIF,163,159.0926116838488,157,14.817092632246661,97.36804124,73,63.45843087744805,0,0,0,5820
not building,/content/CompositeTiles/Composite tiles23.TIF,164,160.92741935483872,161,12.241525521915616,187.59408602150538,186.5,57.20914532756874,0,0,0,744
not building,/content/CompositeTiles/Composite tiles23.TIF,165,161.93939393939394,161,7.555609571459268,103.57575757575758,85,52.52187440574399,0,0,0,33
not building,/content/CompositeTiles/Composite tiles23.TIF,166,160.25396825396825,156,15.293912321385601,122.87301587301587,98,68.91114409000477,0,0,0,63
not building,/content/CompositeTiles/Composite tiles23.TIF,167,160.57196594733716,160,14.546402314953415,118.56662047119383,101,66.41672393319698,0,0,0,5051
not building,/content/CompositeTiles/Composite tiles23.TIF,168,159.41176470588235,158,9.441619316,80.96078431372548,59,53.87456775107569,0,0,0,51
not building,/content/CompositeTiles/Composite tiles23.TIF,169,141.3264150943396,147,38.504656179815576,247.48301886792453,255,14.006895011656528,0,0,0,530
not building,/content/CompositeTiles/Composite tiles23.TIF,170,171.54929577464787,170,11.036161728664986,168.11267605633802,159,28.735093769909348,0,0,0,71
not building,/content/CompositeTiles/Composite tiles23.TIF,171,126.06224066390041,133,25.663645144763727,138.41078838174275,109,71.26097009383577,0,0,0,241
not building,/content/CompositeTiles/Composite tiles23.TIF,172,116.02415828775423,130,47.624825446358905,213.31141306127796,255,73.68107929273138,0,0,0,244264
not building,/content/CompositeTiles/Composite tiles23.TIF,173,146.87960049254343,156,32.735731797680245,193.7850595156656,233,69.64885179897806,0,0,0,7309
not building,/content/CompositeTiles/Composite tiles23.TIF,174,69.09411764705882,69,3.404576606350944,127.15294117647059,98,70.77063297264962,0,0,0,85
not building,/content/CompositeTiles/Composite tiles23.TIF,175,143.85454545454544,148,16.029992550123808,129.21818181818182,105,58.49372644188308,0,0,0,55
not building,/content/CompositeTiles/Composite tiles23.TIF,176,158.625,158,8.849729280228482,168.27083333333334,154,47.92778403639051,0,0,0,48
building,/content/CompositeTiles/Composite tiles23.TIF,177,69.13333333333334,68,3.642953624617134,142.7111111111111,124.5,45.63581547776907,0,0,0,90
building,/content/CompositeTiles/Composite tiles23.TIF,178,84.01851851851852,77.5,14.70637395289028,142.92592592592592,136,25.63334911995747,0,0,0,54
not building,/content/CompositeTiles/Composite tiles23.TIF,179,78.89230769,65,26.965004715184843,147.87692307692308,130,53.21668555351578,0,0,0,65
building,/content/CompositeTiles/Composite tiles23.TIF,180,73.25,69,8.166241485530538,158.05357142857142,151,28.774008387318393,0,0,0,56
building,/content/CompositeTiles/Composite tiles23.TIF,181,83.34545454545454,73,22.59059996130183,163.12727272727273,159,27.484246426869568,0,0,0,55
not building,/content/CompositeTiles/Composite tiles23.TIF,182,134.78787878787878,133,11.04606765559465,132.5909090909091,128,40.07832379937431,0,0,0,66
building,/content/CompositeTiles/Composite tiles23.TIF,183,82.96590909,73.5,22.434474720655608,129.73863636363637,113.5,37.441316,0,0,0,88
not building,/content/CompositeTiles/Composite tiles23.TIF,184,155.4,153,7.771743691090179,127.52,120,58.79123744232639,0,0,0,25
building,/content/CompositeTiles/Composite tiles23.TIF,185,99.46575342465754,94,19.55468776210572,198.67123287671234,200,29.70081627701688,0,0,0,73
not building,/content/CompositeTiles/Composite tiles23.TIF,186,167.21794871794873,167,7.034069902,205.1153846153846,201,29.706245898209545,0,0,0,78
building,/content/CompositeTiles/Composite tiles24.TIF,0,68.26153846153846,67,2.892662280501049,158.3948717948718,157,19.824175201492263,0,0,0,195
building,/content/CompositeTiles/Composite tiles24.TIF,1,69.38216560509554,69,2.530162079970155,144.61783439490446,137,23.380686414666755,0,0,0,157
building,/content/CompositeTiles/Composite tiles24.TIF,2,59.325,59,3.657934678354865,141.09722222222223,140,16.05750060306036,0,0,0,360
building,/content/CompositeTiles/Composite tiles24.TIF,3,72.53960396039604,69,11.204265269940382,162.6980198019802,160,23.07226907001589,0,0,0,202
building,/content/CompositeTiles/Composite tiles24.TIF,4,69.60240963855422,69.5,2.0851728947190336,145.71686746987953,144,19.100194405603137,0,0,0,166
building,/content/CompositeTiles/Composite tiles24.TIF,5,71.92592592592592,72,3.971434352,113.08754208754209,109,18.361660751172753,0,0,0,297
building,/content/CompositeTiles/Composite tiles24.TIF,6,67.25980392156863,67,3.007531715606134,106.82352941176471,99,25.941265394894494,0,0,0,204
building,/content/CompositeTiles/Composite tiles24.TIF,7,69.45454545454545,68,6.232725276,164.79144385026737,163,19.84416107905142,0,0,0,187
building,/content/CompositeTiles/Composite tiles24.TIF,8,69.36966825,68,4.994388261634157,143.51184834123222,141,21.792072168103775,0,0,0,211
not building,/content/CompositeTiles/Composite tiles24.TIF,9,163.14545454545456,162,8.199596845562107,122.88181818181818,103,58.94168640863795,0,0,0,110
building,/content/CompositeTiles/Composite tiles24.TIF,10,70.32142857142857,69,3.564242770998104,126.63571428571429,121,23.560017800831776,0,0,0,140
building,/content/CompositeTiles/Composite tiles24.TIF,11,71.08661417322834,70,5.758969207371461,162.06299212598427,159,21.598245784517825,0,0,0,127
building,/content/CompositeTiles/Composite tiles24.TIF,12,77.53153153153153,73,12.880476055650155,151.40540540540542,149,22.27444638532198,0,0,0,111
building,/content/CompositeTiles/Composite tiles24.TIF,13,69.77235772357723,68,9.118740649152459,150.52032520325204,147,22.068021079512032,0,0,0,123
building,/content/CompositeTiles/Composite tiles24.TIF,14,75.16107382550335,72,10.28980541561375,125.79194630872483,125,23.388827473268055,0,0,0,149
building,/content/CompositeTiles/Composite tiles24.TIF,15,73.38150289017341,70,10.845957881422857,136.1213873,129,25.10975340369794,0,0,0,173
building,/content/CompositeTiles/Composite tiles24.TIF,16,70.64885496183206,69,5.127271292083933,146.7709923664122,142,23.50623269158813,0,0,0,131
building,/content/CompositeTiles/Composite tiles24.TIF,17,74.63594470046083,73,6.864132258715935,151.53917050691246,148,20.232737655706902,0,0,0,217
building,/content/CompositeTiles/Composite tiles24.TIF,18,64.68309859,64,3.9918397719507226,137.40140845070422,133,21.14639111458965,0,0,0,142
building,/content/CompositeTiles/Composite tiles24.TIF,19,70.96111111111111,71,2.684034874936714,143.36111111111111,139,23.446099862566314,0,0,0,180
building,/content/CompositeTiles/Composite tiles24.TIF,20,71.77372262773723,70,7.406835175020836,126.62043795620438,113,31.538444015250416,0,0,0,137
building,/content/CompositeTiles/Composite tiles24.TIF,21,76.75221238938053,73,9.515270422406708,160.89380530973452,159,22.49891357528826,0,0,0,113
building,/content/CompositeTiles/Composite tiles24.TIF,22,72.56756756756756,72,4.0639518813690785,157.5045045045045,154,22.481974310514378,0,0,0,111
not building,/content/CompositeTiles/Composite tiles24.TIF,23,116.63030303030303,120,19.89220168274393,92.88787878787879,81,37.557182725656325,0,0,0,330
building,/content/CompositeTiles/Composite tiles24.TIF,24,70.62745098039215,68.5,11.226650338200818,158.13725490196077,158,21.903101766056803,0,0,0,102
building,/content/CompositeTiles/Composite tiles24.TIF,25,66.97122302158273,65,6.495092166030086,149.97122302158274,143,25.57875198637489,0,0,0,139
not building,/content/CompositeTiles/Composite tiles24.TIF,26,79.74695535,78,6.7994348895095555,254.7658999,255,1.200192066603849,0,0,0,739
building,/content/CompositeTiles/Composite tiles24.TIF,27,79,76.5,8.977584024968696,115.4776119402985,98,38.92371345239347,0,0,0,134
building,/content/CompositeTiles/Composite tiles24.TIF,28,68.81730769,68,2.574895154986237,115.375,108,21.04353888598954,0,0,0,104
building,/content/CompositeTiles/Composite tiles24.TIF,29,76.84684684684684,73,15.234620481941663,132.88288288288288,125,26.684252784066132,0,0,0,111
not building,/content/CompositeTiles/Composite tiles24.TIF,30,143.90419161676647,144,8.815632232,93.46706586826348,75,56.05288183536645,0,0,0,167
building,/content/CompositeTiles/Composite tiles24.TIF,31,69.12871287128714,68,9.306830629333577,155.2029702970297,152.5,20.994421491234117,0,0,0,202
building,/content/CompositeTiles/Composite tiles24.TIF,32,71.22222222222223,70,4.551488699614232,136.41358024691357,134,23.300941818968774,0,0,0,162
building,/content/CompositeTiles/Composite tiles24.TIF,33,74.85234899328859,69,13.748642807418806,142.61073825503357,131,30.029451183482426,0,0,0,149
not building,/content/CompositeTiles/Composite tiles24.TIF,34,126.07466340269278,135,30.388678509560908,191.11505507955937,183,56.57733937063605,0,0,0,817
building,/content/CompositeTiles/Composite tiles24.TIF,35,79.45652173913044,72,19.638441880554176,151.6159420289855,150,26.72439109100608,0,0,0,138
building,/content/CompositeTiles/Composite tiles24.TIF,36,77.05142857142857,71,15.634857967806083,136.56,125,35.92445406683308,0,0,0,175
building,/content/CompositeTiles/Composite tiles24.TIF,37,71.91719745,69,8.710460643950032,145.4203821656051,144,32.052927445332244,0,0,0,157
building,/content/CompositeTiles/Composite tiles24.TIF,38,69.56906077348066,69,3.0830016409099663,169.38674033149172,168,23.359185278780025,0,0,0,181
building,/content/CompositeTiles/Composite tiles24.TIF,39,71.39108910891089,70,6.870839500927462,140.74752475247524,140,25.344177740820438,0,0,0,202
building,/content/CompositeTiles/Composite tiles24.TIF,40,71.8502994,68,12.248245012996062,150.55089820359282,145,21.682427191018746,0,0,0,167
not building,/content/CompositeTiles/Composite tiles24.TIF,41,166.74377224199287,166,10.046785856923988,144.3238434163701,129,58.69310769218332,0,0,0,281
not building,/content/CompositeTiles/Composite tiles24.TIF,42,120.67372881355932,122,17.038077634691657,248.5593220338983,255,16.49347194,0,0,0,236
building,/content/CompositeTiles/Composite tiles24.TIF,43,70.77165354330708,69,5.116268597,176.41732283464566,176,25.806805226187763,0,0,0,254
building,/content/CompositeTiles/Composite tiles24.TIF,44,69.08658008658008,69,2.9441176206008586,180.78354978354977,177,26.848716583930628,0,0,0,231
building,/content/CompositeTiles/Composite tiles24.TIF,45,70.47297297297297,69,6.243316367888129,128.8783783783784,115,31.381244485814317,0,0,0,148
building,/content/CompositeTiles/Composite tiles24.TIF,46,71.93081761006289,71,4.236389473074033,111.78406708595388,106,22.63217681717711,0,0,0,477
building,/content/CompositeTiles/Composite tiles24.TIF,47,69.11382113821138,69,1.861912872624343,171.02439024390245,167,23.42206013678049,0,0,0,123
building,/content/CompositeTiles/Composite tiles24.TIF,48,60.41146711635751,59,4.575320927677732,140.32883642495784,138,16.539129181821316,0,0,0,593
not building,/content/CompositeTiles/Composite tiles24.TIF,49,142.60655737704917,141.5,13.52081417730455,131.64344262295083,107,65.13900582563127,0,0,0,244
not building,/content/CompositeTiles/Composite tiles24.TIF,50,98.70365358592693,98,12.28275908270557,255,255,0,0,0,0,739
not building,/content/CompositeTiles/Composite tiles24.TIF,51,98.68421053,97,26.485254351448877,157.95263157894738,151,49.85265519425116,0,0,0,190
not building,/content/CompositeTiles/Composite tiles24.TIF,52,147.68320610687022,148,12.540119754664895,130.51908396946564,114.5,58.373024087720694,0,0,0,262
not building,/content/CompositeTiles/Composite tiles24.TIF,53,118.64102564102564,119,7.132400536256987,247.46581196581195,255,23.53577259964242,0,0,0,234
building,/content/CompositeTiles/Composite tiles24.TIF,54,91.28571428571429,81,20.856979777575102,154.04761904761904,148.5,28.94111622962701,0,0,0,210
not building,/content/CompositeTiles/Composite tiles24.TIF,55,165.67255639097743,165,12.862938493903634,147.06315789473683,129,68.41345828298864,0,0,0,5320
building,/content/CompositeTiles/Composite tiles24.TIF,56,75.58895705521472,73,9.825302294073953,145.30674846625766,141,27.084809155198798,0,0,0,163
not building,/content/CompositeTiles/Composite tiles24.TIF,57,167.12221534653466,165,15.371218493129517,181.43904702970298,186.5,69.92061886991029,0,0,0,3232
building,/content/CompositeTiles/Composite tiles24.TIF,58,71.53669724770643,71,3.652450743169144,161.0045871559633,157.5,24.80927203603524,0,0,0,218
building,/content/CompositeTiles/Composite tiles24.TIF,59,69.79856115107914,68,5.109139583,159.6115107913669,158,20.37684918257962,0,0,0,139
building,/content/CompositeTiles/Composite tiles24.TIF,60,73.02857142857142,69,11.359793042092962,151.81142857142856,147,28.713439077781494,0,0,0,175
building,/content/CompositeTiles/Composite tiles24.TIF,61,72.06976744186046,71,3.8943131794599113,154.19379844961242,153,22.56294469187654,0,0,0,258
building,/content/CompositeTiles/Composite tiles24.TIF,62,71.98630136986301,71,6.495505613072025,158.68493150684932,154,25.635418944252958,0,0,0,146
building,/content/CompositeTiles/Composite tiles24.TIF,63,73.41803278688525,70,7.896710421076289,153.69672131147541,149,24.43052690770108,0,0,0,122
building,/content/CompositeTiles/Composite tiles24.TIF,64,74.12173913043478,73,4.987197219467074,156.2086956521739,153,26.597317828871038,0,0,0,115
building,/content/CompositeTiles/Composite tiles24.TIF,65,69.58666666666667,68,5.911781081497822,163.14,160,22.151607917560597,0,0,0,150
building,/content/CompositeTiles/Composite tiles24.TIF,66,72.37820512820512,71,6.210354204273521,153.46153846153845,151.5,20.73779672524908,0,0,0,156
building,/content/CompositeTiles/Composite tiles24.TIF,67,71.56204379562044,69,11.341971219826235,164.62773722627736,161,26.252287296738775,0,0,0,137
building,/content/CompositeTiles/Composite tiles24.TIF,68,72.4,70,9.899644587709346,156.88148148148147,153,22.34246972384137,0,0,0,135
building,/content/CompositeTiles/Composite tiles24.TIF,69,71.92405063291139,71,3.809621901896695,160.4493670886076,154.5,23.491864325183748,0,0,0,158
building,/content/CompositeTiles/Composite tiles24.TIF,70,70.72277227722772,68,10.750195772457456,157.7128712871287,157,21.558273151174717,0,0,0,101
building,/content/CompositeTiles/Composite tiles24.TIF,71,77.08275862068966,74,9.677206385341519,166.99310344827586,162,27.787741418244657,0,0,0,145
building,/content/CompositeTiles/Composite tiles24.TIF,72,71.01204819277109,70,5.058677325826791,156.65060240963857,155,21.782016311096218,0,0,0,166
building,/content/CompositeTiles/Composite tiles24.TIF,73,69.95575221238938,69,3.0465107867853565,159.08849557522123,156,27.610937143622916,0,0,0,113
building,/content/CompositeTiles/Composite tiles24.TIF,74,78.85585585585585,72,16.18354566816669,151.64864864864865,150,21.88324821016989,0,0,0,111
building,/content/CompositeTiles/Composite tiles24.TIF,75,71.77777777777777,71,3.828700904652118,142.11805555555554,136.5,26.204986942633273,0,0,0,144
building,/content/CompositeTiles/Composite tiles24.TIF,76,72.04316547,70,6.262679803817089,164.23741007194243,159,23.24086661598609,0,0,0,139
building,/content/CompositeTiles/Composite tiles24.TIF,77,69.00684932,68,4.332888838825988,160.2945205479452,156.5,27.264349698757776,0,0,0,146
building,/content/CompositeTiles/Composite tiles24.TIF,78,69.55029585798816,69,1.7266146464455008,175.2662721893491,173,21.681805661759707,0,0,0,169
building,/content/CompositeTiles/Composite tiles24.TIF,79,71.99408284023669,70,7.027837329619905,152.88757396449705,149,26.065559573688414,0,0,0,169
building,/content/CompositeTiles/Composite tiles24.TIF,80,69.84615384615384,68,6.4207734238911405,160.89423076923077,157.5,21.64748975908806,0,0,0,104
building,/content/CompositeTiles/Composite tiles24.TIF,81,70.88288288288288,70,2.776149185760538,139.78378378378378,136,22.342705605881495,0,0,0,111
building,/content/CompositeTiles/Composite tiles24.TIF,82,70.74015748031496,68,6.953402382978379,160.1496062992126,158,29.119379249504888,0,0,0,127
building,/content/CompositeTiles/Composite tiles24.TIF,83,71.42735042735043,71,5.351437604303747,154.5811965811966,151,23.216645707001533,0,0,0,117
building,/content/CompositeTiles/Composite tiles24.TIF,84,76.72064777327935,71,15.98072278700074,163.5587044534413,157,33.55404720971106,0,0,0,247
building,/content/CompositeTiles/Composite tiles24.TIF,85,72.32638888888889,70,7.425397352920949,161.10069444444446,153,32.55252592291713,0,0,0,288
building,/content/CompositeTiles/Composite tiles24.TIF,86,68.696,69,2.8627930417688248,166.832,163,26.50093915316965,0,0,0,125
building,/content/CompositeTiles/Composite tiles24.TIF,87,69.76642335766424,69,2.9700764907514206,161.46715328467153,160,26.44566143405252,0,0,0,137
not building,/content/CompositeTiles/Composite tiles24.TIF,88,133.6888888888889,133,6.737090994021707,230.51111111111112,230,9.073458784883947,0,0,0,540
building,/content/CompositeTiles/Composite tiles24.TIF,89,69.76447876447877,69,3.4184561557713873,105.96138996138995,103,17.46044773577254,0,0,0,518
building,/content/CompositeTiles/Composite tiles24.TIF,90,70.38,68,8.353179035552872,88.085,85,15.847327061684567,0,0,0,200
building,/content/CompositeTiles/Composite tiles24.TIF,91,69.99731182795699,69,4.388094018798718,104.23118279569893,100.5,20.84260771713695,0,0,0,372
building,/content/CompositeTiles/Composite tiles24.TIF,92,75.38645418326693,72,12.112933712540281,102.62151394422311,97,21.914270107885397,0,0,0,251
building,/content/CompositeTiles/Composite tiles24.TIF,93,77.89513108614233,77,6.653844505672105,159.8801498127341,157,24.76437007972787,0,0,0,267
building,/content/CompositeTiles/Composite tiles24.TIF,94,71.61650485436893,71,2.247656691,154.05825242718447,151.5,26.24412102182364,0,0,0,206
building,/content/CompositeTiles/Composite tiles24.TIF,95,80.48823529411764,75,15.410171673393524,120.51764705882353,115,21.08225446405572,0,0,0,170
building,/content/CompositeTiles/Composite tiles24.TIF,96,76.25441696113074,72,14.352414748479173,123.97173144876325,120,19.069685659086275,0,0,0,566
building,/content/CompositeTiles/Composite tiles24.TIF,97,71.06017191977077,71,4.172407792861076,120.69054441260745,118,14.55870231753722,0,0,0,349
building,/content/CompositeTiles/Composite tiles24.TIF,98,69.29559748427673,69,2.645878387559541,142.0691823899371,134,24.747052298096467,0,0,0,159
building,/content/CompositeTiles/Composite tiles24.TIF,99,73.84923076923077,73,4.913282564857243,157.92615384615385,155,22.553882673913133,0,0,0,325
building,/content/CompositeTiles/Composite tiles24.TIF,100,68.08582089552239,67,4.725694341861067,99.17910447761194,92,23.719237971408532,0,0,0,268
building,/content/CompositeTiles/Composite tiles24.TIF,101,65.8604119,64,8.207615641671731,159.66132723112128,161,27.25277373115737,0,0,0,437
building,/content/CompositeTiles/Composite tiles24.TIF,102,71.87647058823529,71,4.004707437616343,117.66470588235295,112,22.448881569847178,0,0,0,170
building,/content/CompositeTiles/Composite tiles24.TIF,103,73.24666666666667,72,5.873030639192077,124.02,120,21.56554968771567,0,0,0,150
building,/content/CompositeTiles/Composite tiles24.TIF,104,72.03623188405797,70,5.437936283066725,123.31884057971014,118.5,19.401548387053154,0,0,0,138
building,/content/CompositeTiles/Composite tiles24.TIF,105,76.04761904761905,75,7.881722016800223,126.3047619047619,123,18.73937733860303,0,0,0,105
building,/content/CompositeTiles/Composite tiles24.TIF,106,71.46762589928058,70,6.469966206169048,123.55395683453237,115,27.70325089665004,0,0,0,139
building,/content/CompositeTiles/Composite tiles24.TIF,107,73.97272727272727,70,8.804398787908742,123.94545454545455,122,13.803712520146272,0,0,0,110
not building,/content/CompositeTiles/Composite tiles24.TIF,108,128.20491803278688,129,6.8496003528148535,82.18852459016394,72,31.94163015826569,0,0,0,122
building,/content/CompositeTiles/Composite tiles24.TIF,109,64.69945355191257,63,5.802048792728114,137.34426229508196,133,20.028574051942694,0,0,0,183
not building,/content/CompositeTiles/Composite tiles24.TIF,110,154.94973262032084,156,14.226834531410109,149.24705882352941,136,51.38563366315972,0,0,0,935
building,/content/CompositeTiles/Composite tiles24.TIF,111,75.86915887850468,74,4.856990553464136,127.00934579439253,122,21.630497389774103,0,0,0,107
not building,/content/CompositeTiles/Composite tiles24.TIF,112,148.7403846153846,158,20.80726352110451,142.59615384615384,129.5,58.88458712253756,0,0,0,104
building,/content/CompositeTiles/Composite tiles24.TIF,113,70.73214285714286,70,4.153273542935618,119.875,114.5,21.296849616115257,0,0,0,112
not building,/content/CompositeTiles/Composite tiles24.TIF,114,116.71140939597315,116,13.999662173303438,82.52348993288591,76,24.515324311038636,0,0,0,149
building,/content/CompositeTiles/Composite tiles24.TIF,115,74.02325581395348,73,4.1230400394754065,129.88372093023256,126,20.835132786898708,0,0,0,129
building,/content/CompositeTiles/Composite tiles24.TIF,116,74.92035398230088,72,10.092616764201086,124.61946902654867,116,28.95749664780172,0,0,0,113
not building,/content/CompositeTiles/Composite tiles24.TIF,117,157.7063563115488,156,14.45672964791728,115.36257833482543,102,45.36828462234618,0,0,0,1117
building,/content/CompositeTiles/Composite tiles24.TIF,118,70.91139241,69,5.461464247991945,175.58227848101265,174.5,22.965084998443608,0,0,0,158
building,/content/CompositeTiles/Composite tiles24.TIF,119,84.33893557,69,31.32141090276469,95.63585434173669,89,30.447487101051536,0,0,0,357
building,/content/CompositeTiles/Composite tiles24.TIF,120,75.18029350104821,73,7.1688960637880585,147.64570230607967,130,38.12340999027553,0,0,0,477
not building,/content/CompositeTiles/Composite tiles24.TIF,121,109.29591836734694,111,21.978983088987288,94.10714285714286,83,29.99070859517688,0,0,0,196
building,/content/CompositeTiles/Composite tiles24.TIF,122,60.90306122,59,5.228043573699101,137.10714285714286,135,14.59080469448663,0,0,0,196
not building,/content/CompositeTiles/Composite tiles24.TIF,123,110.55844155844156,111,18.198753708215815,114.0021645021645,91.5,54.04665688880355,0,0,0,462
building,/content/CompositeTiles/Composite tiles24.TIF,124,76.55353075170842,73,11.97458318403136,148.78587699316628,130,40.47181511575571,0,0,0,439
not building,/content/CompositeTiles/Composite tiles24.TIF,125,156.54198473282443,160,18.935914236424725,178.35114503816794,174,54.55957226894107,0,0,0,131
not building,/content/CompositeTiles/Composite tiles24.TIF,126,148.3095238095238,153,19.681618322009058,190.07619047619048,188,56.98900399,0,0,0,210
not building,/content/CompositeTiles/Composite tiles24.TIF,127,148.99528301886792,146.5,15.735879456782543,115.02358490566037,102,42.699856506070574,0,0,0,212
not building,/content/CompositeTiles/Composite tiles24.TIF,128,144.41747572815535,145,11.816578999825609,220.9368932038835,255,42.20248115443613,0,0,0,206
not building,/content/CompositeTiles/Composite tiles24.TIF,129,157.6468195266272,157,12.20655126277455,253.22707100591717,255,7.620204826545574,0,0,0,2704
building,/content/CompositeTiles/Composite tiles24.TIF,130,70.975,69,6.5790861827460505,159.66,156.5,22.206854797561945,0,0,0,200
building,/content/CompositeTiles/Composite tiles24.TIF,131,71.49549549549549,70,7.659268511016804,159.03603603603602,157,22.01307061681044,0,0,0,111
building,/content/CompositeTiles/Composite tiles24.TIF,132,72.94074074074074,70,11.089376272720203,141.28148148148148,133,30.757751652129933,0,0,0,135
not building,/content/CompositeTiles/Composite tiles24.TIF,133,109.15172413793104,108,19.86482978896597,71.54482758620689,64,22.42381102382783,0,0,0,145
building,/content/CompositeTiles/Composite tiles24.TIF,134,76.00917431,75,5.849010600632606,123.80733944954129,119,21.779746952734342,0,0,0,109
building,/content/CompositeTiles/Composite tiles24.TIF,135,71.08962264150944,70.5,4.072049904364915,158.50471698113208,156,23.045790685418602,0,0,0,212
building,/content/CompositeTiles/Composite tiles24.TIF,136,70.59459459,70,2.5517292436588477,160.81981981981983,158,21.77741544332014,0,0,0,111
not building,/content/CompositeTiles/Composite tiles24.TIF,137,114.59514170040485,117,14.474816070802582,254.51417004048582,255,4.9563684975631945,0,0,0,247
building,/content/CompositeTiles/Composite tiles24.TIF,138,68.71052631578948,68,1.9899911143702105,165.00877192982455,164.5,24.912300778346246,0,0,0,114
building,/content/CompositeTiles/Composite tiles24.TIF,139,72.21775147928994,70,6.900984727589736,143.1810650887574,127,36.560257418872546,0,0,0,845
building,/content/CompositeTiles/Composite tiles24.TIF,140,69.57480315,69,3.0495118624208035,170.2755905511811,168,26.114127821838963,0,0,0,127
not building,/content/CompositeTiles/Composite tiles24.TIF,141,149.05347593582889,151,15.257761282760994,172.31550802139037,163,37.307107108226646,0,0,0,187
not building,/content/CompositeTiles/Composite tiles24.TIF,142,131.1744966442953,131,9.776517231415452,95.64429530201342,79,48.746581201821904,0,0,0,149
building,/content/CompositeTiles/Composite tiles24.TIF,143,255,255,0,255,255,0,255,255,0,16896
building,/content/CompositeTiles/Composite tiles24.TIF,144,69.63911845730027,68,6.496391140123261,112.91460055096418,109,22.93483117528419,0,0,0,363
building,/content/CompositeTiles/Composite tiles24.TIF,145,74.94707520891365,73,7.544481727562146,108.25626740947075,104,19.19772673,0,0,0,359
building,/content/CompositeTiles/Composite tiles24.TIF,146,73.58415841584159,70,12.400309263735748,154.4009900990099,151.5,21.437512209040797,0,0,0,202
building,/content/CompositeTiles/Composite tiles24.TIF,147,68.35416666666667,68,1.8237200610595672,161.72916666666666,158,22.815753192695613,0,0,0,144
building,/content/CompositeTiles/Composite tiles24.TIF,148,72.90338164251207,71,6.924739529397562,152.52173913043478,150,20.5916887,0,0,0,207
building,/content/CompositeTiles/Composite tiles24.TIF,149,72.38410596,71,5.4089219000853355,163.8476821192053,158,24.27511967065826,0,0,0,151
building,/content/CompositeTiles/Composite tiles24.TIF,150,72,70,4.687992398380433,107.68181818181819,101,25.178248844509284,0,0,0,176
building,/content/CompositeTiles/Composite tiles24.TIF,151,74.53448275862068,71.5,7.249769359568904,151.98275862068965,148.5,29.172490217557023,0,0,0,116
building,/content/CompositeTiles/Composite tiles24.TIF,152,69.55238095238096,68,6.900629305161686,163.03809523809525,159,26.614684027725968,0,0,0,210
building,/content/CompositeTiles/Composite tiles24.TIF,153,70.95061728395062,69,5.657729847418303,137.55555555555554,129,26.218220033564346,0,0,0,162
building,/content/CompositeTiles/Composite tiles24.TIF,154,70.21428571428571,69.5,3.1634874839683635,150.74107142857142,151,22.178152673180378,0,0,0,112
building,/content/CompositeTiles/Composite tiles24.TIF,155,75.63551402,73,12.067870777797404,144.7710280373832,139,25.032855081324197,0,0,0,214
building,/content/CompositeTiles/Composite tiles24.TIF,156,70.98507462686567,71,4.707861121328285,160.91044776119404,156.5,21.060135180700065,0,0,0,134
building,/content/CompositeTiles/Composite tiles24.TIF,157,71.14960629921259,70,4.954510244,137.4041994750656,131,29.807684245965692,0,0,0,381
building,/content/CompositeTiles/Composite tiles24.TIF,158,69.51492537313433,68,6.3712683835580455,143.23880597014926,139.5,23.344333297007122,0,0,0,134
building,/content/CompositeTiles/Composite tiles24.TIF,159,69.35849056603773,68,4.214057067351145,114.4622641509434,108.5,27.620464975080676,0,0,0,106
building,/content/CompositeTiles/Composite tiles24.TIF,160,67.37142857142857,66,3.448276706544583,124.42857142857143,120,22.94625486315573,0,0,0,105
building,/content/CompositeTiles/Composite tiles24.TIF,161,70.75,70,2.581988897471611,155.734375,150,25.264790751017678,0,0,0,192
building,/content/CompositeTiles/Composite tiles24.TIF,162,71.95522388059702,70,4.5529483175974335,116.1044776119403,113,17.022491117095296,0,0,0,134
building,/content/CompositeTiles/Composite tiles24.TIF,163,70.74834437086092,71,2.9660742736217003,133.11258278145695,127,28.441072586763166,0,0,0,151
building,/content/CompositeTiles/Composite tiles24.TIF,164,74.55313351498637,73,7.1322107537270485,115.39237057220708,109,24.976473869802824,0,0,0,367
building,/content/CompositeTiles/Composite tiles24.TIF,165,67.41044776119404,66,5.5707293214303855,167.49253731343285,165.5,22.918983290158792,0,0,0,134
building,/content/CompositeTiles/Composite tiles24.TIF,166,66.83185840707965,67,1.6823006521951491,155.8849557522124,155,26.326994865087823,0,0,0,113
building,/content/CompositeTiles/Composite tiles24.TIF,167,72.91262136,70,8.316677356654484,157.63106796116506,157,24.770790146673296,0,0,0,103
building,/content/CompositeTiles/Composite tiles24.TIF,168,69.78512396694215,69,3.2681953763032663,160.13223140495867,155,28.978459412067874,0,0,0,121
building,/content/CompositeTiles/Composite tiles24.TIF,169,71.05785123966942,70,3.323588423816676,122.81818181818181,118,24.30760177665068,0,0,0,121
building,/content/CompositeTiles/Composite tiles24.TIF,170,70.52439024390245,70,5.785232692910833,161.52896341463415,140.5,49.89075641594101,0,0,0,656
building,/content/CompositeTiles/Composite tiles24.TIF,171,73.088,70,9.505380371137182,159.536,158,25.54009992,0,0,0,125
building,/content/CompositeTiles/Composite tiles24.TIF,172,74.66428571428571,71,10.882890053582612,142.92857142857142,132,36.77433943412616,0,0,0,140
building,/content/CompositeTiles/Composite tiles24.TIF,173,75.13178294573643,73,6.358025929510614,135.57364341085272,124,30.734364574451916,0,0,0,129
building,/content/CompositeTiles/Composite tiles24.TIF,174,70.375,71,3.094133273517111,149.29464285714286,143.5,23.03011940638713,0,0,0,112
building,/content/CompositeTiles/Composite tiles24.TIF,175,69.87254901960785,70,3.1550506307967856,152.92156862745097,151.5,21.784904953061368,0,0,0,102
building,/content/CompositeTiles/Composite tiles24.TIF,176,70,69,8.121612594368493,157.64039408866995,154,24.67989636472889,0,0,0,203
building,/content/CompositeTiles/Composite tiles24.TIF,177,69.43589743589743,69,2.758621653177188,179.5076923076923,178,24.940209369460092,0,0,0,195
building,/content/CompositeTiles/Composite tiles24.TIF,178,75.86065573770492,72,9.428171574708387,127.35245901639344,122,23.603251419238745,0,0,0,122
not building,/content/CompositeTiles/Composite tiles24.TIF,179,111.51647099053915,120,26.59958216899735,253.99783426421976,255,5.684282132273737,0,0,0,8773
building,/content/CompositeTiles/Composite tiles24.TIF,180,69.78599221789884,68,5.3519077554183925,169.3385214007782,169,22.02329405611765,0,0,0,257
building,/content/CompositeTiles/Composite tiles24.TIF,181,75.45081967213115,71.5,10.680227217924639,162.25409836065575,162.5,28.63694778228656,0,0,0,122
building,/content/CompositeTiles/Composite tiles24.TIF,182,69.17532467532467,69,3.947929124883755,162.14285714285714,159,22.26301707988098,0,0,0,154
building,/content/CompositeTiles/Composite tiles24.TIF,183,70.39097744360902,69,7.4710816787543575,158.46616541353384,153,27.01727346989467,0,0,0,133
building,/content/CompositeTiles/Composite tiles24.TIF,184,74.76033058,72,7.423466025018377,125.41322314049587,118,27.495354805718677,0,0,0,121
building,/content/CompositeTiles/Composite tiles24.TIF,185,71.38095238095238,71,4.035275295691502,146.46825396825398,140.5,31.525420961386747,0,0,0,126
building,/content/CompositeTiles/Composite tiles24.TIF,186,70.24576271,70,3.7369806553246447,164.70338983050848,158,31.45653696,0,0,0,118
building,/content/CompositeTiles/Composite tiles24.TIF,187,68.55629139072848,67,4.5187406110323955,146.63576158940398,139,28.769115946914347,0,0,0,151
building,/content/CompositeTiles/Composite tiles24.TIF,188,71.76190476190476,71,5.163099492735162,160.52380952380952,157,30.292676648051444,0,0,0,126
building,/content/CompositeTiles/Composite tiles24.TIF,189,71.09493670886076,69,8.277457549,172.70253164556962,170,22.946969545286144,0,0,0,158
building,/content/CompositeTiles/Composite tiles24.TIF,190,74.04255319148936,70,12.109941019484676,133.53900709219857,129,26.173051413442984,0,0,0,141
building,/content/CompositeTiles/Composite tiles24.TIF,191,70.24528301886792,68,6.557167072314075,162.88679245283018,158,26.662220022047936,0,0,0,106
building,/content/CompositeTiles/Composite tiles24.TIF,192,68.99,69,3.4131949841753846,181.605,177,26.92636208253911,0,0,0,200
not building,/content/CompositeTiles/Composite tiles24.TIF,193,145.74493927125505,145,11.097092877886602,84.93927125506073,67,48.319034608959285,0,0,0,247
building,/content/CompositeTiles/Composite tiles24.TIF,194,75.34705882352941,72,9.677907992649386,131.7941176470588,121,31.713960009995137,0,0,0,170
building,/content/CompositeTiles/Composite tiles24.TIF,195,74.05454545454545,72,5.869546000154857,129.14545454545456,123.5,23.931279023539034,0,0,0,110
building,/content/CompositeTiles/Composite tiles24.TIF,196,70.85507246376811,68.5,8.280893606,165.82608695652175,163,21.25651240139594,0,0,0,138
building,/content/CompositeTiles/Composite tiles24.TIF,197,63.38922155688623,63,4.238192897302443,163.73652694610777,160,32.977438048963506,0,0,0,167
building,/content/CompositeTiles/Composite tiles24.TIF,198,83.26724137931035,75,20.17225722014096,123.00862068965517,114,33.802544203790745,0,0,0,116
building,/content/CompositeTiles/Composite tiles24.TIF,199,70.02420574886536,70,3.397875261173731,113.44780635400907,106,29.166470120720724,0,0,0,661
building,/content/CompositeTiles/Composite tiles24.TIF,200,70.65584415584415,69,5.6710473048771295,174,169,28.09630931995513,0,0,0,154
building,/content/CompositeTiles/Composite tiles24.TIF,201,70.38650306748467,70,3.1976317029419294,178.78527607361963,174,27.64404379679501,0,0,0,163
building,/content/CompositeTiles/Composite tiles24.TIF,202,69.59060402684564,70,1.8753556184239442,192.18791946308724,189,23.661303931209233,0,0,0,149
not building,/content/CompositeTiles/Composite tiles24.TIF,203,91.47680722891566,84,21.798296427831474,252.96506024096385,255,7.743048708979172,0,0,0,3320
not building,/content/CompositeTiles/Composite tiles24.TIF,204,171.08029197080293,171,7.551340959042741,128.52554744525548,116,53.33725232906333,0,0,0,137
building,/content/CompositeTiles/Composite tiles24.TIF,205,70.57485029940119,70,3.9720689274502874,158.4131736526946,156,26.804514212040804,0,0,0,167
building,/content/CompositeTiles/Composite tiles24.TIF,206,64.55652173913043,63,5.1333374250182136,141.02608695652174,138,21.178110466917495,0,0,0,115
building,/content/CompositeTiles/Composite tiles24.TIF,207,70.35772357723577,70,3.7332391421788325,169.0569105691057,166,28.063314250379968,0,0,0,123
building,/content/CompositeTiles/Composite tiles24.TIF,208,71.85625,70,8.358638402,157.459375,148,38.64135866671066,0,0,0,320
building,/content/CompositeTiles/Composite tiles24.TIF,209,69.29255319148936,68,4.696597667612799,165.1595744680851,162,22.450087992761905,0,0,0,188
building,/content/CompositeTiles/Composite tiles24.TIF,210,67.95424836601308,66,8.017415577330485,179.22875816993465,176,26.72505781941963,0,0,0,153
building,/content/CompositeTiles/Composite tiles24.TIF,211,70.54166666666667,68,7.230601442634093,189.55833333333334,184,29.182699165011375,0,0,0,120
building,/content/CompositeTiles/Composite tiles24.TIF,212,76.09293680297398,72,11.053381218278908,151.3921933085502,130,46.608873367654326,0,0,0,538
building,/content/CompositeTiles/Composite tiles24.TIF,213,66.43951612903226,64,8.730529660505464,174.81451612903226,171,19.85283230605448,0,0,0,248
building,/content/CompositeTiles/Composite tiles24.TIF,214,65.72151898734177,64,5.1617794715515135,150.1012658227848,148,25.439476418020266,0,0,0,158
building,/content/CompositeTiles/Composite tiles24.TIF,215,74.64601769911505,73,8.209556652125954,139,122,39.849273541307014,0,0,0,113
building,/content/CompositeTiles/Composite tiles24.TIF,216,70.12765957446808,70,3.524687127264399,158.13475177304966,151,33.35776831875728,0,0,0,141
building,/content/CompositeTiles/Composite tiles24.TIF,217,68.07806691449814,68,2.8201087503059505,168.21561338289962,160,37.38016761524036,0,0,0,269
building,/content/CompositeTiles/Composite tiles24.TIF,218,63.14414414414414,63,3.576315600799203,149.02702702702703,141,24.377089916211357,0,0,0,111
building,/content/CompositeTiles/Composite tiles24.TIF,219,76.75426621160409,72,10.034123888461556,144.1296928327645,126,41.999068398263674,0,0,0,293
building,/content/CompositeTiles/Composite tiles24.TIF,220,68.32110092,68,2.8635024872353134,192,189,10.356932704515925,0,0,0,109
building,/content/CompositeTiles/Composite tiles24.TIF,221,76.26304347826087,72,10.774685684826508,152.50434782608696,128,50.33235175580733,0,0,0,460
building,/content/CompositeTiles/Composite tiles24.TIF,222,69.64018691588785,69,3.132057930650438,173.23831775700936,159,36.42485837241419,0,0,0,214
not building,/content/CompositeTiles/Composite tiles24.TIF,223,148.91666666666666,153.5,17.320088908489463,182.04545454545453,173,55.219652797680816,0,0,0,132
building,/content/CompositeTiles/Composite tiles24.TIF,224,72.70918367346938,71,8.146748277495524,190.2704081632653,178.5,43.53866850209642,0,0,0,196
building,/content/CompositeTiles/Composite tiles24.TIF,225,72.22222222222223,72,3.8353456875762677,145.66666666666666,139.5,25.008146820734385,0,0,0,108
not building,/content/CompositeTiles/Composite tiles24.TIF,226,156.05426356589146,150,15.435441989748952,102.82945736434108,63,68.83438433,0,0,0,129
not building,/content/CompositeTiles/Composite tiles24.TIF,227,129.98709677419356,130,16.12010849910424,249.51612903225808,255,15.317017665880623,0,0,0,155
building,/content/CompositeTiles/Composite tiles24.TIF,228,69.57042253521126,69,3.136333841017098,134.49295774647888,123,38.73851424,0,0,0,142
building,/content/CompositeTiles/Composite tiles24.TIF,229,77.14130435,73,10.677670241065586,132.56521739130434,120.5,34.197414200436555,0,0,0,92
building,/content/CompositeTiles/Composite tiles24.TIF,230,70.85416666666667,68,8.104755762650854,158.40625,154,22.971258366434782,0,0,0,96
not building,/content/CompositeTiles/Composite tiles24.TIF,231,145.45679012345678,148,15.616586135778803,105.79012345679013,92,45.39231349772907,0,0,0,81
building,/content/CompositeTiles/Composite tiles24.TIF,232,74.85714285714286,70,11.748498239534863,152.6984126984127,148,19.407603583275115,0,0,0,63
not building,/content/CompositeTiles/Composite tiles24.TIF,233,153.02530900529723,153,16.735872024683612,140.61918775750442,124,73.23050361354409,0,0,0,1699
not building,/content/CompositeTiles/Composite tiles24.TIF,234,126.58620689655173,130,31.603706942523658,173.13793103448276,157,36.26219094692303,0,0,0,29
not building,/content/CompositeTiles/Composite tiles24.TIF,235,71.82432432432432,71,4.760076390790917,197.71621621621622,207.5,23.332218920133474,0,0,0,74
not building,/content/CompositeTiles/Composite tiles24.TIF,236,126.66666666666667,129.5,10.233387622005834,140.25,134,22.876935255113754,0,0,0,12
building,/content/CompositeTiles/Composite tiles24.TIF,237,72.58064516129032,71,5.621239638,172.6451612903226,173,13.417726327984749,0,0,0,31
not building,/content/CompositeTiles/Composite tiles24.TIF,238,158.92,158,7.984585148897844,155.72,157,48.64032894625611,0,0,0,25
not building,/content/CompositeTiles/Composite tiles24.TIF,239,163.9255319148936,164.5,6.218091931634498,158.0212765957447,146.5,52.50470672385036,0,0,0,94
not building,/content/CompositeTiles/Composite tiles24.TIF,240,132.73611111111111,135.5,18.906930721854028,140.95833333333334,136,31.17621845609602,0,0,0,72
not building,/content/CompositeTiles/Composite tiles24.TIF,241,117.625,118,4.196352583,182.9375,167,48.996771258420694,0,0,0,16
not building,/content/CompositeTiles/Composite tiles24.TIF,242,169.65753424657535,169,5.579363095389745,145.43835616438355,137,41.94157264,0,0,0,73
building,/content/CompositeTiles/Composite tiles24.TIF,243,69.89473684210526,68,4.153562033041865,180.10526315789474,182,10.646940439404252,0,0,0,19
building,/content/CompositeTiles/Composite tiles24.TIF,244,72.06451612903226,69,11.145476397207416,163.8709677419355,162.5,14.825309517486708,0,0,0,62
building,/content/CompositeTiles/Composite tiles24.TIF,245,78,68,19.329320772066307,163.03773584905662,157,21.804415568179003,0,0,0,53
building,/content/CompositeTiles/Composite tiles24.TIF,246,74.76666666666667,71,9.268884626653966,175.93333333333334,177,11.316458024586236,0,0,0,30
not building,/content/CompositeTiles/Composite tiles24.TIF,247,133.15583524950583,131,13.791083992117722,254.17293961031103,255,4.438860405687685,0,0,0,24789
building,/content/CompositeTiles/Composite tiles24.TIF,248,68.375,69,2.724311839712921,188.5625,185,19.13919,0,0,0,32
building,/content/CompositeTiles/Composite tiles24.TIF,249,69.69230769,69,1.9683892432691639,176.04615384615386,174,19.886161225435735,0,0,0,65
not building,/content/CompositeTiles/Composite tiles24.TIF,250,129.1,131,13.776025874282064,254.84444444444443,255,1.4675081760976938,0,0,0,90
not building,/content/CompositeTiles/Composite tiles24.TIF,251,65.66666666666667,65,3.5276684147527875,187.77777777777777,187,4.961580792,0,0,0,9
building,/content/CompositeTiles/Composite tiles24.TIF,252,69.56,69,3.2751183184733956,198.16,196,13.944690745943419,0,0,0,25
not building,/content/CompositeTiles/Composite tiles24.TIF,253,157.61702127659575,159,14.06300895663659,101.2370820668693,82,57.18597367717576,0,0,0,329
not building,/content/CompositeTiles/Composite tiles24.TIF,254,113.73529411764706,112.5,11.161406256353953,129.80882352941177,116,52.11081443394316,0,0,0,68
building,/content/CompositeTiles/Composite tiles24.TIF,255,73.28571428571429,71,7.751760826958436,174.28571428571428,165,23.672251903950368,0,0,0,35
not building,/content/CompositeTiles/Composite tiles24.TIF,256,139.75862068965517,144,19.475280835324156,198.24137931034483,205,52.31183367962826,0,0,0,29
not building,/content/CompositeTiles/Composite tiles24.TIF,257,126.35384615384615,127,10.528248841504414,134.92307692307693,112,50.47202048730569,0,0,0,65
not building,/content/CompositeTiles/Composite tiles24.TIF,258,108.02283894699278,105,17.383606252440742,254.8604134069011,255,2.271778203315398,0,0,0,36429
not building,/content/CompositeTiles/Composite tiles24.TIF,259,116.7085020242915,116,8.996853283850388,140.9655870445344,112,68.03006621241747,0,0,0,494
building,/content/CompositeTiles/Composite tiles24.TIF,260,87,76.5,21.906499876568716,177.68421052631578,169,20.43102036,0,0,0,38
not building,/content/CompositeTiles/Composite tiles24.TIF,261,140.45945945945945,144,17.813742940372013,180.3783783783784,172,47.365371859876674,0,0,0,37
not building,/content/CompositeTiles/Composite tiles24.TIF,262,152.0989010989011,156,19.389050351105162,166.9120879120879,157,52.98530759,0,0,0,91
building,/content/CompositeTiles/Composite tiles24.TIF,263,74.80434782608695,71.5,12.845434927931114,126.8913043478261,122.5,17.80477252,0,0,0,92
building,/content/CompositeTiles/Composite tiles24.TIF,264,82.42857142857143,73,22.339678253945287,168.85714285714286,162,26.425868587659423,0,0,0,49
not building,/content/CompositeTiles/Composite tiles24.TIF,265,130.625,143.5,26.413084667767727,180.04166666666666,163,44.00234763307774,0,0,0,24
not building,/content/CompositeTiles/Composite tiles24.TIF,266,72.34482758620689,67,12.548597564363217,171.48275862068965,163,25.52837594906712,0,0,0,29
not building,/content/CompositeTiles/Composite tiles24.TIF,267,116.29819277108433,115,9.532676667,134.92168674698794,107,65.54824315179938,0,0,0,332
not building,/content/CompositeTiles/Composite tiles24.TIF,268,167.83333333333334,168.5,9.494150245750742,186,181.5,43.375108069029636,0,0,0,30
not building,/content/CompositeTiles/Composite tiles24.TIF,269,102.60382865016075,100,32.496376245345715,229.96138783349338,255,48.17639774444811,0,0,0,239510
not building,/content/CompositeTiles/Composite tiles24.TIF,270,138.7108434,142,20.816773890118892,77.10843373493977,64,33.63052688422632,0,0,0,83
building,/content/CompositeTiles/Composite tiles24.TIF,271,68.11827956989248,68,1.6054307187818526,167.83870967741936,165,22.485020257261862,0,0,0,93
building,/content/CompositeTiles/Composite tiles24.TIF,272,77.95945945945945,73,15.22483674007278,132.06756756756758,128.5,19.80467531552948,0,0,0,74
building,/content/CompositeTiles/Composite tiles24.TIF,273,74.38461538461539,70,10.933132656619321,118.05494505494505,106,34.57349637179623,0,0,0,91
building,/content/CompositeTiles/Composite tiles24.TIF,274,71.16483516483517,69,5.366284114041074,130.06593406593407,122,27.940203888989252,0,0,0,91
building,/content/CompositeTiles/Composite tiles24.TIF,275,68.87640449438203,68,3.2284557296301966,154.91011235955057,152,27.00130685536327,0,0,0,89
building,/content/CompositeTiles/Composite tiles24.TIF,276,73.6025641,73,4.3155643882904355,127.01282051282051,112,35.278559476137545,0,0,0,78
building,/content/CompositeTiles/Composite tiles24.TIF,277,69.07575757575758,69,3.8111105756745456,144.74242424242425,134.5,27.507194984971303,0,0,0,66
building,/content/CompositeTiles/Composite tiles24.TIF,278,72.703125,70,12.375226876076859,179.15625,175.5,18.923545807736456,0,0,0,64
not building,/content/CompositeTiles/Composite tiles24.TIF,279,106.66772517321016,105,34.589962665880556,211.5877598152425,255,53.40939890832246,0,0,0,3464
building,/content/CompositeTiles/Composite tiles24.TIF,280,67.02173913043478,67,3.8813328640445524,149.65217391304347,145.5,15.40499268490343,0,0,0,46
building,/content/CompositeTiles/Composite tiles24.TIF,281,76.17391304347827,69,14.328401431654596,133.05797101449275,123,32.82800327131957,0,0,0,69
not building,/content/CompositeTiles/Composite tiles24.TIF,282,154.6219512195122,160.5,14.68252673468343,184.0121951219512,179,57.012299465145155,0,0,0,82
building,/content/CompositeTiles/Composite tiles24.TIF,283,68.17647058823529,67.5,1.9773807428201895,161.02941176470588,156.5,17.31963403722466,0,0,0,34
building,/content/CompositeTiles/Composite tiles24.TIF,284,81.16949152542372,73,21.232492323086525,117.57627118644068,114,18.911213954016638,0,0,0,59
building,/content/CompositeTiles/Composite tiles24.TIF,285,72.56410256410257,73,4.204971855,194.12820512820514,189,12.256195685279797,0,0,0,39
not building,/content/CompositeTiles/Composite tiles24.TIF,286,163.56363636363636,159,12.844190248532442,71.67272727272727,53,47.42000135940128,0,0,0,55
building,/content/CompositeTiles/Composite tiles24.TIF,287,69.29411764705883,68,4.4821831062467625,202.97058823529412,203.5,14.934140307121892,0,0,0,34
not building,/content/CompositeTiles/Composite tiles24.TIF,288,152.37142857142857,155,15.878261355496997,196.14285714285714,192,50.45515284863967,0,0,0,35
building,/content/CompositeTiles/Composite tiles25.TIF,0,64.05113636363636,62,5.3959895528190405,139.5568181818182,134.5,24.23622286922907,0,0,0,176
building,/content/CompositeTiles/Composite tiles25.TIF,1,71.74038461538461,71,2.821603445900426,143.40384615384616,138.5,23.089091343170143,0,0,0,104
building,/content/CompositeTiles/Composite tiles25.TIF,2,70.32738095238095,68,11.083286980108687,139.23214285714286,136,26.49213117995195,0,0,0,168
building,/content/CompositeTiles/Composite tiles25.TIF,3,72.25,72,3.5062174213902657,157.87878787878788,154,18.889643748758328,0,0,0,132
building,/content/CompositeTiles/Composite tiles25.TIF,4,67.83233532934132,67,4.244972644179192,139.08982035928145,135,19.80951998418077,0,0,0,167
building,/content/CompositeTiles/Composite tiles25.TIF,5,70.64963503649635,69,6.163929973119176,151.33576642335765,145,25.30089793053652,0,0,0,137
building,/content/CompositeTiles/Composite tiles25.TIF,6,73.26589595375722,71,5.824886208483005,135.1213873,129,24.724195500807514,0,0,0,173
building,/content/CompositeTiles/Composite tiles25.TIF,7,69.68085106382979,69,2.7837398920029606,138.3758865248227,137,14.757875169997295,0,0,0,141
building,/content/CompositeTiles/Composite tiles25.TIF,8,73.83333333333333,71,9.033967738,133.69298245614036,128,22.920965348528934,0,0,0,114
building,/content/CompositeTiles/Composite tiles25.TIF,9,66.73333333333333,66,6.204478669119233,147.26666666666668,145,17.933085500146248,0,0,0,180
building,/content/CompositeTiles/Composite tiles25.TIF,10,72,70,7.088398886420412,138.73006134969324,137,14.504943667377072,0,0,0,163
building,/content/CompositeTiles/Composite tiles25.TIF,11,71.50588235294117,71,2.776470588235294,151.84117647058824,150,16.089951516160248,0,0,0,170
building,/content/CompositeTiles/Composite tiles25.TIF,12,70.20422535211267,69,4.1325549379788775,132.07042253521126,127,18.812135687296077,0,0,0,142
building,/content/CompositeTiles/Composite tiles25.TIF,13,69.225,68.5,2.9978117018918984,143.04375,137.5,23.394269296934667,0,0,0,160
building,/content/CompositeTiles/Composite tiles25.TIF,14,70.3125,69,2.745877591954893,159.56875,156,19.964537896918625,0,0,0,160
building,/content/CompositeTiles/Composite tiles25.TIF,15,68.83846153846154,68,6.3920670138898865,130.62307692307692,126.5,26.40782675,0,0,0,130
building,/content/CompositeTiles/Composite tiles25.TIF,16,70.79090909,70,2.889150408449624,160.14545454545456,156.5,23.266376974524015,0,0,0,110
building,/content/CompositeTiles/Composite tiles25.TIF,17,73.53020134228188,72,5.377753138488385,139.68456375838926,142,28.31393691218887,0,0,0,149
building,/content/CompositeTiles/Composite tiles25.TIF,18,72.47321428571429,71,5.0284189176344976,144.29464285714286,139,26.84932773594991,0,0,0,112
building,/content/CompositeTiles/Composite tiles25.TIF,19,75.86956522,73,12.074782733939093,119.98260869565217,112,25.174515274015977,0,0,0,115
building,/content/CompositeTiles/Composite tiles25.TIF,20,71.016,70,9.839499174246624,164.072,163,23.73930950975618,0,0,0,125
building,/content/CompositeTiles/Composite tiles25.TIF,21,73.38364779874213,72,6.489273919456663,154.8490566037736,149,27.336981351723328,0,0,0,159
building,/content/CompositeTiles/Composite tiles25.TIF,22,69.93121693121694,69,6.716522240404695,162.14814814814815,162,25.64798865344942,0,0,0,189
not building,/content/CompositeTiles/Composite tiles25.TIF,23,133.56013745704468,131,18.779942652447467,239.4914089347079,255,33.649023745806225,0,0,0,291
building,/content/CompositeTiles/Composite tiles25.TIF,24,72.90155440414507,72,4.146994375528756,158.84974093264248,155,25.64005958209338,0,0,0,193
building,/content/CompositeTiles/Composite tiles25.TIF,25,70.39644970414201,70,2.8765917845268913,157.6094674556213,153,20.282943085010352,0,0,0,169
not building,/content/CompositeTiles/Composite tiles25.TIF,26,128.9059829059829,137,21.35575060406343,146.8034188034188,138,29.07380508564259,0,0,0,117
building,/content/CompositeTiles/Composite tiles25.TIF,27,85.91612903225807,80,17.342825918000223,145.33548387096775,135,27.618898957137638,0,0,0,155
building,/content/CompositeTiles/Composite tiles25.TIF,28,74.23178807947019,72,6.0924920776870195,162.60927152317882,157,29.57333986203028,0,0,0,151
not building,/content/CompositeTiles/Composite tiles25.TIF,29,130.79679144385025,133,14.366530860180001,239.33689839572193,255,25.13682083126356,0,0,0,187
building,/content/CompositeTiles/Composite tiles25.TIF,30,68.09459459,66,6.6315562539391895,157.43693693693695,155,24.766533027156065,0,0,0,222
building,/content/CompositeTiles/Composite tiles25.TIF,31,71.62318841,71,1.8812688385140826,148.6159420289855,137,31.670477832542517,0,0,0,138
building,/content/CompositeTiles/Composite tiles25.TIF,32,72.47590361445783,72,4.6370714262772115,165.30722891566265,163,22.07617307465894,0,0,0,166
building,/content/CompositeTiles/Composite tiles25.TIF,33,71.86065573770492,71,3.511843133307478,143.89344262295083,141,15.796766310016277,0,0,0,122
building,/content/CompositeTiles/Composite tiles25.TIF,34,71.48780487804878,70,4.894606046677437,135.08130081300814,125,35.32326750990313,0,0,0,123
not building,/content/CompositeTiles/Composite tiles25.TIF,35,135.47659574468085,138,12.46657168942775,234.88936170212767,255,28.311122797597786,0,0,0,235
building,/content/CompositeTiles/Composite tiles25.TIF,36,72.24822695,71,3.9233001529754903,144.73758865248226,141,17.535231158272637,0,0,0,141
not building,/content/CompositeTiles/Composite tiles25.TIF,37,156.23652694610777,156,8.978069483495409,113.8443113772455,97,56.55218310328396,0,0,0,334
building,/content/CompositeTiles/Composite tiles25.TIF,38,73.37677053824362,70,12.246857666971259,143.61189801699717,135,36.816666614322465,0,0,0,353
not building,/content/CompositeTiles/Composite tiles25.TIF,39,113.50617283950618,120,25.34289461713213,115.48148148148148,110,19.946292771742744,0,0,0,162
building,/content/CompositeTiles/Composite tiles25.TIF,40,74.44886363636364,71,10.408568305162008,136.22727272727272,128,37.73825141464176,0,0,0,176
not building,/content/CompositeTiles/Composite tiles25.TIF,41,129.79847908745248,134,19.142682128052126,252.55893536121673,255,9.426690628473352,0,0,0,263
building,/content/CompositeTiles/Composite tiles25.TIF,42,66.75425790754258,64,8.828479139,147.74939172749393,142,26.090390664600335,0,0,0,411
building,/content/CompositeTiles/Composite tiles25.TIF,43,71.59752321981424,70,7.446335982357655,140.91021671826624,134,28.158793219112717,0,0,0,323
not building,/content/CompositeTiles/Composite tiles25.TIF,44,115.95211267605634,115,9.467280335188695,254.95293427230047,255,1.113938927700709,0,0,0,8520
not building,/content/CompositeTiles/Composite tiles25.TIF,45,138.96713615023475,139,11.197914366727481,96.87323943661971,84,34.671332576807465,0,0,0,213
building,/content/CompositeTiles/Composite tiles25.TIF,46,70.62032085561498,69,5.867540904,154.35828877005346,150,25.162041126451413,0,0,0,187
building,/content/CompositeTiles/Composite tiles25.TIF,47,68.84939759036145,67,5.225767332690567,154.2108434,148,24.230521985179422,0,0,0,166
building,/content/CompositeTiles/Composite tiles25.TIF,48,73.23880597014926,71,8.789562249875813,140.27611940298507,136,18.86297478598717,0,0,0,134
building,/content/CompositeTiles/Composite tiles25.TIF,49,70.13362068965517,69,4.656686774756557,153.01724137931035,149,25.61989486863026,0,0,0,232
building,/content/CompositeTiles/Composite tiles25.TIF,50,72.54368932038835,71,4.868716660773725,136.6504854368932,132,24.125766243825904,0,0,0,103
building,/content/CompositeTiles/Composite tiles25.TIF,51,70.97986577181209,68,7.986960681108935,155.58389261744966,149,22.556744455217803,0,0,0,149
building,/content/CompositeTiles/Composite tiles25.TIF,52,71.10606060606061,68,6.816784368574382,145.24747474747474,141,25.11879590594489,0,0,0,198
building,/content/CompositeTiles/Composite tiles25.TIF,53,69.02212389380531,68,2.9001749874967286,140.41150442477877,134,27.431227771077648,0,0,0,226
building,/content/CompositeTiles/Composite tiles25.TIF,54,67.96756756756757,66,10.017229860758535,157.2216216216216,152,23.733419647854248,0,0,0,185
building,/content/CompositeTiles/Composite tiles25.TIF,55,68.05806451612904,67,6.323778688336861,168.69032258064516,166,18.845575417035363,0,0,0,155
building,/content/CompositeTiles/Composite tiles25.TIF,56,70.88271604938272,69,5.466379625,138.0679012345679,134,17.81805387081686,0,0,0,162
building,/content/CompositeTiles/Composite tiles25.TIF,57,71.14479638,69,7.663560871424728,148.1764705882353,147,22.024063109904233,0,0,0,221
building,/content/CompositeTiles/Composite tiles25.TIF,58,70,68,5.830951894845301,150.76785714285714,145,22.28547819243074,0,0,0,168
building,/content/CompositeTiles/Composite tiles25.TIF,59,58.075630252100844,58,2.6636667211011247,159.0420168067227,153,19.368342426998378,0,0,0,119
building,/content/CompositeTiles/Composite tiles25.TIF,60,70.04790419161677,69,2.478188403506853,175.23952095808383,172,20.644759692583754,0,0,0,167
building,/content/CompositeTiles/Composite tiles25.TIF,61,72.46540880503144,72,3.0026819756202827,167.0314465408805,164,21.844914029968212,0,0,0,159
not building,/content/CompositeTiles/Composite tiles25.TIF,62,122.77692307692308,126,23.10270226772197,108.4076923076923,91.5,47.58057072019179,0,0,0,260
not building,/content/CompositeTiles/Composite tiles25.TIF,63,135.28193832599118,134,15.088571972602569,130.14537444933922,116,62.82063841416188,0,0,0,227
building,/content/CompositeTiles/Composite tiles25.TIF,64,70.61333333333333,70,2.913844348775152,145.38,144,14.75609252704342,0,0,0,150
building,/content/CompositeTiles/Composite tiles25.TIF,65,69.5,68,3.398338020077064,160.35064935064935,154.5,27.22001089428212,0,0,0,154
building,/content/CompositeTiles/Composite tiles25.TIF,66,65.82178217821782,63,6.869931672169415,154.41584158415841,151,17.602186704128087,0,0,0,202
building,/content/CompositeTiles/Composite tiles25.TIF,67,65.56470588235294,64,4.320803462384471,143.62941176470588,139,24.262250143111633,0,0,0,170
building,/content/CompositeTiles/Composite tiles25.TIF,68,69.91530055,69,7.20397096,173.81967213114754,166,32.265551948098654,0,0,0,366
not building,/content/CompositeTiles/Composite tiles25.TIF,69,133.74643874643874,131,24.747870094455806,138.75498575498577,127,55.76489436736355,0,0,0,351
not building,/content/CompositeTiles/Composite tiles25.TIF,70,137.33131313131312,135,23.82697158774826,153.1858585858586,142,60.54324610148728,0,0,0,495
not building,/content/CompositeTiles/Composite tiles25.TIF,71,111.0125786163522,106,14.740090977669812,183.20754716981133,177,26.39374698952663,0,0,0,159
building,/content/CompositeTiles/Composite tiles25.TIF,72,74.3875,71,10.475161593821198,175.37083333333334,171,35.97418031,0,0,0,240
not building,/content/CompositeTiles/Composite tiles25.TIF,73,131.94957983193277,135,15.252413358837249,196.6386554621849,195,45.47244637915166,0,0,0,119
not building,/content/CompositeTiles/Composite tiles25.TIF,74,96.91970802919708,79,31.287706219834885,180.68613138686132,186,39.234416558655056,0,0,0,137
building,/content/CompositeTiles/Composite tiles25.TIF,75,72.63888888888889,70,9.174701865509727,175.7722222222222,171,24.575921041981893,0,0,0,180
building,/content/CompositeTiles/Composite tiles25.TIF,76,66.29268292682927,65,7.461262243435641,199.34959349593495,198,19.062577197961726,0,0,0,123
building,/content/CompositeTiles/Composite tiles25.TIF,77,74.33333333333333,72.5,6.310631828436363,131.96759259259258,125,28.567397010966317,0,0,0,216
building,/content/CompositeTiles/Composite tiles25.TIF,78,68.50980392156863,67,7.505220533446762,126,120,29.154759474226502,0,0,0,153
not building,/content/CompositeTiles/Composite tiles25.TIF,79,3.7524585557740937,0,23.089974616383422,0.3117448721550998,0,4.809977777710527,0,0,0,7118
building,/content/CompositeTiles/Composite tiles25.TIF,80,70.96491228070175,69,7.147481245180015,127.44736842105263,122,21.156307219835305,0,0,0,228
building,/content/CompositeTiles/Composite tiles25.TIF,81,74.12621359223301,71,10.002601226390274,114.32038834951456,106,24.956744556899057,0,0,0,103
building,/content/CompositeTiles/Composite tiles25.TIF,82,72.43795620437956,70,5.205080777076582,163.72262773722628,161,24.784540132738943,0,0,0,137
not building,/content/CompositeTiles/Composite tiles25.TIF,83,145.26121495327104,150,29.289650662086533,174.11214953271028,199,83.98899317,0,0,0,2140
building,/content/CompositeTiles/Composite tiles25.TIF,84,70.07120743034056,69,5.033436875277775,142.20433436532508,135,28.98449003049438,0,0,0,323
not building,/content/CompositeTiles/Composite tiles25.TIF,85,9.580310880829016,0,36.59362363985101,0.4740932642487047,0,1.8097611933053508,0,0,0,386
building,/content/CompositeTiles/Composite tiles25.TIF,86,97.49429657794677,76,31.055190748310377,141.67680608365018,138,27.36039771609559,0,0,0,263
building,/content/CompositeTiles/Composite tiles25.TIF,87,66.22580645,63,9.993900324921922,141.60645161290321,136,25.56875532166694,0,0,0,155
building,/content/CompositeTiles/Composite tiles25.TIF,88,71.83856502242152,71,4.772956487954463,165.1031390134529,162,20.070126809429844,0,0,0,223
building,/content/CompositeTiles/Composite tiles25.TIF,89,72.32432432432432,69,8.760378678006585,157.64092664092664,154,19.661773878190377,0,0,0,259
building,/content/CompositeTiles/Composite tiles25.TIF,90,71.22374429223744,70,3.7781132070033547,154.2876712328767,152,17.83241068483315,0,0,0,219
building,/content/CompositeTiles/Composite tiles25.TIF,91,71.68656716417911,70,3.9463149454236484,112.82089552238806,109,20.210773965206442,0,0,0,134
building,/content/CompositeTiles/Composite tiles25.TIF,92,71.30921053,70,3.868281191528261,133.79605263157896,130,28.18182010478178,0,0,0,152
building,/content/CompositeTiles/Composite tiles25.TIF,93,69.56756756756756,69,2.8691324664956634,133.8716216216216,128.5,20.110263752152882,0,0,0,148
not building,/content/CompositeTiles/Composite tiles25.TIF,94,102.8755407156384,108,37.953752129096905,218.72893451609687,255,65.06342917980959,0,0,0,200660
building,/content/CompositeTiles/Composite tiles25.TIF,95,255,255,0,255,255,0,255,255,0,42179
building,/content/CompositeTiles/Composite tiles25.TIF,96,255,255,0,255,255,0,255,255,0,17370
building,/content/CompositeTiles/Composite tiles25.TIF,97,73.09274193548387,70,9.377578556245957,130.81854838709677,122,26.206748905871564,0,0,0,248
building,/content/CompositeTiles/Composite tiles25.TIF,98,73.728,69,12.605634295821847,126.616,121,22.733511475352856,0,0,0,125
building,/content/CompositeTiles/Composite tiles25.TIF,99,69.02097902097903,68,2.5294586929381078,144.21678321678323,141,18.231280220091364,0,0,0,143
building,/content/CompositeTiles/Composite tiles25.TIF,100,65.63815789473684,65,3.8993071957269794,148.35526315789474,146,17.85887951586904,0,0,0,152
building,/content/CompositeTiles/Composite tiles25.TIF,101,71.66013071895425,69,6.1070658730427825,128.94771241830065,117,36.12954015,0,0,0,153
building,/content/CompositeTiles/Composite tiles25.TIF,102,70.58385093167702,70,3.2809614675719185,151.06832298136646,147,23.485722958893437,0,0,0,161
building,/content/CompositeTiles/Composite tiles25.TIF,103,72.21107266435986,69,7.630326619255508,121.88927335640139,113,28.431454433463177,0,0,0,289
building,/content/CompositeTiles/Composite tiles25.TIF,104,75.17283950617283,72,10.38730246170929,136.1604938271605,129,31.44756827440587,0,0,0,162
building,/content/CompositeTiles/Composite tiles25.TIF,105,69.07317073170732,68,3.296143920281456,126.7560975609756,119,28.461739105350727,0,0,0,123
building,/content/CompositeTiles/Composite tiles25.TIF,106,74.32679738562092,73,5.270252025276192,170.03267973856208,166,23.45219537660387,0,0,0,153
building,/content/CompositeTiles/Composite tiles25.TIF,107,68.97790055248619,69,3.4942032519303736,144.07734806629836,140,22.91865474910524,0,0,0,181
building,/content/CompositeTiles/Composite tiles25.TIF,108,62.28155339805825,61,4.204522474364944,158.33495145631068,154,22.725876824114575,0,0,0,206
building,/content/CompositeTiles/Composite tiles25.TIF,109,70.58823529411765,70,4.0659325244097415,156.76470588235293,154,22.15267516,0,0,0,221
building,/content/CompositeTiles/Composite tiles25.TIF,110,71.46739130434783,70,7.513684742661106,157.40217391304347,147.5,32.90254377063345,0,0,0,184
building,/content/CompositeTiles/Composite tiles25.TIF,111,74.32075471698113,72,8.451356003525518,154.81132075471697,148,26.582059919734622,0,0,0,159
building,/content/CompositeTiles/Composite tiles25.TIF,112,78.68396226415095,76,11.151999878120288,150.83490566037736,145,25.69259691646321,0,0,0,212
building,/content/CompositeTiles/Composite tiles25.TIF,113,72.51445086705202,71,5.4556614667236705,161.4971098265896,161,25.091883006322323,0,0,0,173
building,/content/CompositeTiles/Composite tiles25.TIF,114,66.53846153846153,62,11.372134530816204,142.03365384615384,136,23.731142759028867,0,0,0,208
building,/content/CompositeTiles/Composite tiles25.TIF,115,67.36708860759494,65,7.573566982621198,147.9620253164557,142.5,23.14152552216534,0,0,0,158
building,/content/CompositeTiles/Composite tiles25.TIF,116,71.52046783625731,70,5.835302105146075,157.32748538011697,154,20.496706456112207,0,0,0,171
building,/content/CompositeTiles/Composite tiles25.TIF,117,71.93491124260355,70,5.557810232269624,169.10650887573965,170,24.625969219533278,0,0,0,169
building,/content/CompositeTiles/Composite tiles25.TIF,118,63.50454545454546,63,3.1873296421822896,166.6090909090909,162,22.07182303075182,0,0,0,220
not building,/content/CompositeTiles/Composite tiles25.TIF,119,86.53327987169206,76,21.713309694082813,212.56375300721731,222,44.79688349829175,0,0,0,1247
building,/content/CompositeTiles/Composite tiles25.TIF,120,72.57009345794393,70,6.521154862363657,126.00934579439253,122,18.34482550847789,0,0,0,107
building,/content/CompositeTiles/Composite tiles25.TIF,121,70.12883435582822,70,3.6168440964410924,160.72392638036808,159,22.90639483770499,0,0,0,163
building,/content/CompositeTiles/Composite tiles25.TIF,122,70.32558139534883,69,3.8138116819922265,155.1860465116279,151,23.744821529887496,0,0,0,215
building,/content/CompositeTiles/Composite tiles25.TIF,123,73.625,71,6.0785410021061566,150.28571428571428,146.5,24.100766352452577,0,0,0,112
building,/content/CompositeTiles/Composite tiles25.TIF,124,74.3,71,12.985691426265367,133.63636363636363,128.5,31.917144800740008,0,0,0,110
not building,/content/CompositeTiles/Composite tiles25.TIF,125,22.25862068965517,0,52.43528370675463,7.224137931034483,0,33.31564978817855,0,0,0,464
not building,/content/CompositeTiles/Composite tiles25.TIF,126,128.12142857142857,131,15.231765612478068,95.74285714285715,74.5,52.62038869224028,0,0,0,140
building,/content/CompositeTiles/Composite tiles25.TIF,127,72.75806451612904,71,6.689388524711908,132.92741935483872,126,24.21282431031551,0,0,0,124
building,/content/CompositeTiles/Composite tiles25.TIF,128,70.75,70,3.5478866949213583,150.3375,146,20.01589602665841,0,0,0,160
building,/content/CompositeTiles/Composite tiles25.TIF,129,76.48648648648648,72,8.651266496,152.66666666666666,149,23.657211662908704,0,0,0,111
building,/content/CompositeTiles/Composite tiles25.TIF,130,72.87939698492463,71,9.496126035738156,129.90954773869348,125,22.179302663285664,0,0,0,199
building,/content/CompositeTiles/Composite tiles25.TIF,131,72.05172413793103,70,5.480652744,160.14367816091954,153,31.41284312041675,0,0,0,174
building,/content/CompositeTiles/Composite tiles25.TIF,132,69.21774193548387,68,6.253464180434982,121.79838709677419,113.5,25.90459538218407,0,0,0,124
building,/content/CompositeTiles/Composite tiles25.TIF,133,75.02678571428571,69,16.91547253543154,149.6875,142.5,25.858140211132188,0,0,0,112
building,/content/CompositeTiles/Composite tiles25.TIF,134,75.79166666666667,71,13.110362207895792,137.25833333333333,129,28.343869364565517,0,0,0,120
building,/content/CompositeTiles/Composite tiles25.TIF,135,67.79411764705883,67,5.867554915980039,140.25,135,24.078838036260606,0,0,0,136
building,/content/CompositeTiles/Composite tiles25.TIF,136,71.68421053,69,4.433923263268192,184.71428571428572,182,13.858886798252895,0,0,0,133
building,/content/CompositeTiles/Composite tiles25.TIF,137,70.49122807017544,70,2.9899801893623503,159.1578947368421,157,19.175205854031272,0,0,0,171
building,/content/CompositeTiles/Composite tiles25.TIF,138,70.34666666666666,68,4.433187967541593,188.79333333333332,186,15.439903569071348,0,0,0,150
building,/content/CompositeTiles/Composite tiles25.TIF,139,70.01395349,67,9.871490107,170.2325581395349,164,27.286965292081696,0,0,0,215
building,/content/CompositeTiles/Composite tiles25.TIF,140,72.28494623655914,71,4.616414058611982,150.3763440860215,144,24.986626090940856,0,0,0,186
building,/content/CompositeTiles/Composite tiles25.TIF,141,74.50641025641026,71,13.346226199956588,151.43589743589743,144,24.852688934429853,0,0,0,156
not building,/content/CompositeTiles/Composite tiles25.TIF,142,134.37433155080214,137,13.864855117918694,105.46524064171123,83.5,54.80585686646296,0,0,0,374
building,/content/CompositeTiles/Composite tiles25.TIF,143,72.01626016260163,71,5.520079738786326,159.10569105691056,156,34.716110692236406,0,0,0,246
not building,/content/CompositeTiles/Composite tiles25.TIF,144,147.2,147,7.3082145562373855,193.28125,198,55.95502344238183,0,0,0,160
building,/content/CompositeTiles/Composite tiles25.TIF,145,71.42222222222222,71,2.631621572104438,164.84444444444443,160,24.080072187250806,0,0,0,135
not building,/content/CompositeTiles/Composite tiles25.TIF,146,106.34367346938775,110,29.095147410387067,225.85795918367347,255,46.01605119155316,0,0,0,1225
building,/content/CompositeTiles/Composite tiles25.TIF,147,65.68072289156626,65,3.7801624823663906,191.65662650602408,192.5,23.95973375544033,0,0,0,166
not building,/content/CompositeTiles/Composite tiles25.TIF,148,99.38255033557047,97,30.199026011103047,112.1744966442953,106,34.001723514078535,0,0,0,149
building,/content/CompositeTiles/Composite tiles25.TIF,149,69.50632911392405,69,2.836798952,170.3734177,166.5,26.531682559883382,0,0,0,158
building,/content/CompositeTiles/Composite tiles25.TIF,150,71.05882352941177,69,5.0600773639977525,129.19607843137254,117.5,37.80627586030156,0,0,0,102
building,/content/CompositeTiles/Composite tiles25.TIF,151,77.3359375,71,18.229987890728115,161.2421875,156,23.661594044249085,0,0,0,128
not building,/content/CompositeTiles/Composite tiles25.TIF,152,141.18791946308724,141,9.705992840181164,101.26174496644295,84,41.993191518004956,0,0,0,149
building,/content/CompositeTiles/Composite tiles25.TIF,153,70.36752136752136,68,5.641873803110735,158.33760683760684,149,30.183366185248023,0,0,0,234
building,/content/CompositeTiles/Composite tiles25.TIF,154,79.23333333333333,74,14.121339250305624,153.68333333333334,149.5,28.23826698333703,0,0,0,120
building,/content/CompositeTiles/Composite tiles25.TIF,155,71.00526315789473,70,5.870082370462197,160.4578947368421,152.5,32.96993552009839,0,0,0,190
building,/content/CompositeTiles/Composite tiles25.TIF,156,71.1547619,70,4.689131424340677,155.22916666666666,152,22.579578463542447,0,0,0,336
building,/content/CompositeTiles/Composite tiles25.TIF,157,77.32278481012658,74,14.665584007128695,152.77215189873417,148,26.148286662214254,0,0,0,158
not building,/content/CompositeTiles/Composite tiles25.TIF,158,95.22053872053873,78,29.104424479602837,215.33838383838383,255,53.07990585399366,0,0,0,594
building,/content/CompositeTiles/Composite tiles25.TIF,159,68.20192307692308,67,4.227610271709947,210.75,207,12.499038424553369,0,0,0,104
building,/content/CompositeTiles/Composite tiles25.TIF,160,73,71,14.549159727643648,158.73170731707316,148,34.312924671675724,0,0,0,205
building,/content/CompositeTiles/Composite tiles25.TIF,161,72.61464968152866,71,6.559471348189794,135.93312101910828,126,32.39267411189006,0,0,0,314
building,/content/CompositeTiles/Composite tiles25.TIF,162,71.36666666666666,70,8.794821708760722,176.81666666666666,163.5,44.973692927705585,0,0,0,240
building,/content/CompositeTiles/Composite tiles25.TIF,163,76.46706586826348,72,11.288690981928848,143.47904191616766,130,34.080186936063676,0,0,0,167
building,/content/CompositeTiles/Composite tiles25.TIF,164,78.58686440677967,71,22.045909271150148,156.51483050847457,146,42.579086340776975,0,0,0,472
building,/content/CompositeTiles/Composite tiles25.TIF,165,66.30496453900709,65,4.425816048343851,148.17021276595744,144,23.759121412824605,0,0,0,141
not building,/content/CompositeTiles/Composite tiles25.TIF,166,71.98287671232876,71,8.321229325,247.56164383561645,255,19.100481455145378,0,0,0,292
building,/content/CompositeTiles/Composite tiles25.TIF,167,84.87586206896552,82,12.242877033195283,127.44827586206897,108,43.093792021826665,0,0,0,145
not building,/content/CompositeTiles/Composite tiles25.TIF,168,134.7047619047619,139,21.434251099149837,200.56190476190477,216,55.29348946597839,0,0,0,210
building,/content/CompositeTiles/Composite tiles25.TIF,169,72.54430379746836,68,10.600689574363118,117.39240506329114,112,22.244565669183277,0,0,0,79
not building,/content/CompositeTiles/Composite tiles25.TIF,170,148.83076923076922,154,17.180999550728423,194.44615384615383,187,46.48077543680936,0,0,0,65
not building,/content/CompositeTiles/Composite tiles25.TIF,171,98.97101449275362,95,18.019289997507745,132.2173913043478,122,29.31135683607155,0,0,0,69
building,/content/CompositeTiles/Composite tiles25.TIF,172,76.82758620689656,78,3.173912689380373,184.17241379310346,178,16.58014800798552,0,0,0,29
not building,/content/CompositeTiles/Composite tiles25.TIF,173,127.73170731707317,130,13.349932657624802,142.1951219512195,133.5,50.38980709559692,0,0,0,82
not building,/content/CompositeTiles/Composite tiles25.TIF,174,94.61643835616438,95,24.840659409875432,155.5205479452055,146,33.16009715811117,0,0,0,73
not building,/content/CompositeTiles/Composite tiles25.TIF,175,113.82142857142857,115,27.351617308447324,185.83928571428572,184,26.099929382577074,0,0,0,56
not building,/content/CompositeTiles/Composite tiles25.TIF,176,87.87755102040816,75,20.28735672733367,174.16326530612244,159,41.56398899,0,0,0,49
not building,/content/CompositeTiles/Composite tiles25.TIF,177,128.375,140.5,24.39998719261959,176.1875,169.5,29.49410693257214,0,0,0,16
building,/content/CompositeTiles/Composite tiles25.TIF,178,71.10309278350516,69,7.957988317631296,132.17525773195877,130,22.616940238642282,0,0,0,97
building,/content/CompositeTiles/Composite tiles25.TIF,179,74.56140350877193,71,7.564964358770065,158.43859649122808,157,24.02558398352601,0,0,0,57
not building,/content/CompositeTiles/Composite tiles25.TIF,180,133.80882352941177,136,12.171878574307321,92.41176470588235,85.5,21.84856658,0,0,0,68
not building,/content/CompositeTiles/Composite tiles25.TIF,181,120.81818181818181,125,18.39517672011728,141.01298701298703,118,56.04601391261772,0,0,0,77
building,/content/CompositeTiles/Composite tiles25.TIF,182,79.6875,73.5,15.378768169676876,185.5,191,27.894145144336893,0,0,0,96
not building,/content/CompositeTiles/Composite tiles25.TIF,183,107.7752808988764,110,15.35991632189049,143.34831460674158,131,58.601319370735254,0,0,0,89
not building,/content/CompositeTiles/Composite tiles25.TIF,184,70.04545454545455,69,4.562468159064712,183.79545454545453,181,18.59689556870685,0,0,0,44
not building,/content/CompositeTiles/Composite tiles25.TIF,185,133.68493150684932,137,14.56574769166439,136.76712328767124,126,29.64517126608917,0,0,0,73
not building,/content/CompositeTiles/Composite tiles25.TIF,186,74.52631578947368,66,17.018158787949297,195.57894736842104,192,9.821114683619617,0,0,0,19
not building,/content/CompositeTiles/Composite tiles25.TIF,187,69.84090909,69,3.843194586291354,205.20454545454547,199,16.199859069890007,0,0,0,44
not building,/content/CompositeTiles/Composite tiles25.TIF,188,124.9057139611496,119,23.64102642604282,247.60209587640577,255,28.088702973443404,0,0,0,35212
not building,/content/CompositeTiles/Composite tiles25.TIF,189,66.60227272727273,65,7.2402595582668425,157.57954545454547,153,27.94545075634327,0,0,0,88
not building,/content/CompositeTiles/Composite tiles25.TIF,190,144.36363636363637,148,12.483244969104694,125.36363636363636,115,43.78765439808292,0,0,0,55
not building,/content/CompositeTiles/Composite tiles25.TIF,191,142.49331489165513,144,10.104756811493449,254.21484555094514,255,8.296151684230136,0,0,0,2169
not building,/content/CompositeTiles/Composite tiles25.TIF,192,122.05882352941177,132,21.648177720443748,133.08823529411765,119.5,44.15438666306775,0,0,0,34
not building,/content/CompositeTiles/Composite tiles25.TIF,193,110.63157894736842,110,12.33079382904011,93.42105263157895,85,34.48770305557999,0,0,0,76
not building,/content/CompositeTiles/Composite tiles25.TIF,194,124.37931034482759,127,13.583493515149183,157.44827586206895,158,25.210269126709886,0,0,0,29
building,/content/CompositeTiles/Composite tiles25.TIF,195,70.97183098591549,69,5.775060102085678,136.16901408450704,130,30.611599530056154,0,0,0,71
not building,/content/CompositeTiles/Composite tiles25.TIF,196,101.32125984251968,92,31.712244021985967,219.9775028121485,255,49.845971413996914,0,0,0,4445
not building,/content/CompositeTiles/Composite tiles25.TIF,197,98.40174672489083,80,34.979918952187255,239.92139737991266,255,30.86860125045932,0,0,0,2977
building,/content/CompositeTiles/Composite tiles25.TIF,198,75.56521739130434,70,17.345782815268965,131.54347826086956,119.5,33.974547072349125,0,0,0,92
not building,/content/CompositeTiles/Composite tiles25.TIF,199,129.71428571428572,138,29.909932825612515,101.51428571428572,85,36.17368532792977,0,0,0,35
building,/content/CompositeTiles/Composite tiles25.TIF,200,72.5625,70,7.905447093618425,142.73958333333334,125,36.93526002561404,0,0,0,96
building,/content/CompositeTiles/Composite tiles25.TIF,201,73.54117647058824,72,7.101868753531534,145.03529411764706,132,31.11513611575128,0,0,0,85
not building,/content/CompositeTiles/Composite tiles25.TIF,202,139.4814814814815,145,16.030149919672862,140.80246913580248,135,40.798335645394076,0,0,0,81
building,/content/CompositeTiles/Composite tiles25.TIF,203,85.3,77.5,19.40300663986555,156.96666666666667,151,19.263927140873662,0,0,0,30
not building,/content/CompositeTiles/Composite tiles25.TIF,204,143.81012658227849,145,10.431301421733796,165.77215189873417,156,30.996508324014886,0,0,0,79
not building,/content/CompositeTiles/Composite tiles25.TIF,205,147.12295081967213,146,9.394433186692035,148.27868852459017,128,55.91493279755814,0,0,0,122
building,/content/CompositeTiles/Composite tiles25.TIF,206,64.70769230769231,63,5.419971833372957,200.93846153846152,180,43.02910532796892,0,0,0,65
not building,/content/CompositeTiles/Composite tiles25.TIF,207,138.2808988764045,140,13.839358272487507,156.93258426966293,149,47.16378294,0,0,0,89
not building,/content/CompositeTiles/Composite tiles25.TIF,208,159.72368421052633,158,7.503680998806916,194.21052631578948,193,45.607685118061575,0,0,0,76
not building,/content/CompositeTiles/Composite tiles27.TIF,0,93.89018157,93,5.180565016296568,253.37404468675462,255,6.528784164,0,0,0,20543
not building,/content/CompositeTiles/Composite tiles27.TIF,1,164.6962962962963,165,14.217503075082709,141.5185185185185,118,66.76369071437867,0,0,0,135
not building,/content/CompositeTiles/Composite tiles27.TIF,2,146.1433823529412,145,11.61569173325642,158.47794117647058,148.5,66.10947548349193,0,0,0,272
not building,/content/CompositeTiles/Composite tiles27.TIF,3,91.59835051546392,90,5.936391121484669,254.98680412371135,255,0.6496875480460494,0,0,0,2425
not building,/content/CompositeTiles/Composite tiles27.TIF,4,143.76772793053544,144,13.183510527566792,138.99638205499275,120.5,70.10640549270295,0,0,0,1382
not building,/content/CompositeTiles/Composite tiles27.TIF,5,138.96638655462183,140,9.877342525,151.46218487394958,131,57.76143197495846,0,0,0,119
not building,/content/CompositeTiles/Composite tiles27.TIF,6,163.71719457013575,164,2.977916199248104,243.84728506787332,248,12.108688752622085,0,0,0,884
not building,/content/CompositeTiles/Composite tiles27.TIF,7,149,150,8.929082079773393,147.49773755656108,131,54.025100956341475,0,0,0,221
not building,/content/CompositeTiles/Composite tiles27.TIF,8,166.23809523809524,166,12.920460445598216,139.81704260651628,116,74.35975081742652,0,0,0,399
not building,/content/CompositeTiles/Composite tiles27.TIF,9,101.83544303797468,94,17.919720447648196,244.37552742616035,251,14.145055950549809,0,0,0,237
not building,/content/CompositeTiles/Composite tiles27.TIF,10,153.02340425531915,151,9.599727672687862,132.78297872340426,116,60.59906367912611,0,0,0,470
not building,/content/CompositeTiles/Composite tiles27.TIF,11,100.68888888888888,93,26.623567022239044,251.51666666666668,255,9.815789434488813,0,0,0,180
not building,/content/CompositeTiles/Composite tiles27.TIF,12,90.75684210526316,90,3.8861197703887225,240.63052631578947,244,14.516898129488236,0,0,0,950
not building,/content/CompositeTiles/Composite tiles27.TIF,13,159.86764705882354,159,10.77747889473289,132.2058823529412,120,53.54013305690288,0,0,0,204
not building,/content/CompositeTiles/Composite tiles27.TIF,14,55.14468085106383,0,68.06152038276136,27.97872340425532,0,74.91029794891911,0,0,0,235
not building,/content/CompositeTiles/Composite tiles27.TIF,15,111.24528301886792,110,14.454914500673711,255,255,0,0,0,0,424
not building,/content/CompositeTiles/Composite tiles27.TIF,16,142.8140703517588,140,12.276570118909348,145.38693467336682,119,73.81278797399011,0,0,0,199
not building,/content/CompositeTiles/Composite tiles27.TIF,17,136.36927223719675,139,20.208642816474303,139.44204851752022,112,75.82103173,0,0,0,371
not building,/content/CompositeTiles/Composite tiles27.TIF,18,145.32984293193718,144,12.43669201806867,125.79057591623037,107,57.14396364747298,0,0,0,191
not building,/content/CompositeTiles/Composite tiles27.TIF,19,77.73778501628665,128,76.79956975343083,41.97394136807818,6,70.55332244422219,0,0,0,614
not building,/content/CompositeTiles/Composite tiles27.TIF,20,141.0392749244713,144,12.632439111401586,255,255,0,0,0,0,331
not building,/content/CompositeTiles/Composite tiles27.TIF,21,38.52133580705009,0,55.96570817009285,37.808905380333954,0,87.04213166663992,0,0,0,539
building,/content/CompositeTiles/Composite tiles27.TIF,22,255,255,0,255,255,0,255,255,0,15378
not building,/content/CompositeTiles/Composite tiles27.TIF,23,66.95150720838794,65,8.696213135161182,241.9816513761468,255,24.331097068566013,0,0,0,763
not building,/content/CompositeTiles/Composite tiles27.TIF,24,93.26453193646502,92,6.1852714444130905,253.7617438323758,255,5.723596516239712,0,0,0,11836
not building,/content/CompositeTiles/Composite tiles27.TIF,25,146.94166666666666,144,9.288250493,146.575,121.5,67.48020234,0,0,0,120
not building,/content/CompositeTiles/Composite tiles27.TIF,26,99.42857142857143,94,18.113915799137175,255,255,0,0,0,0,168
not building,/content/CompositeTiles/Composite tiles27.TIF,27,143.91519434628975,145,14.251398129206171,159.0494699646643,145,68.68943030341792,0,0,0,283
not building,/content/CompositeTiles/Composite tiles27.TIF,28,152.46733668341707,150,12.63590196760348,139.72361809045225,117,78.76904089802572,0,0,0,199
not building,/content/CompositeTiles/Composite tiles27.TIF,29,128.75862068965517,134,24.55253130534206,132.6206896551724,102,77.29964704969315,0,0,0,174
not building,/content/CompositeTiles/Composite tiles27.TIF,30,17.783132530120483,0,36.50385297134427,29.88554217,0,80.96737500417991,0,0,0,166
not building,/content/CompositeTiles/Composite tiles27.TIF,31,137.70454545454547,137,11.019480041172724,182.7564935064935,182,56.61750042114425,0,0,0,308
not building,/content/CompositeTiles/Composite tiles27.TIF,32,152.79840848806367,154,10.746497676973702,177.43501326259948,166,46.430823528567075,0,0,0,377
building,/content/CompositeTiles/Composite tiles27.TIF,33,78.12650602409639,75,14.97997526,135.05421686746988,120,41.62891951575676,0,0,0,166
not building,/content/CompositeTiles/Composite tiles27.TIF,34,140.16869095816463,141,19.727390195548804,254.167004,255,8.180989388854528,0,0,0,2964
not building,/content/CompositeTiles/Composite tiles27.TIF,35,92.15457842248414,92,2.9705634051067236,240.60562103354488,243,14.233846919967299,0,0,0,2206
not building,/content/CompositeTiles/Composite tiles27.TIF,36,75.74363057324841,71,11.596982676588919,222.71496815286625,255,56.97359399666722,0,0,0,628
not building,/content/CompositeTiles/Composite tiles27.TIF,37,150.65693430656935,151,14.02297625711484,165.1119221411192,148,63.20396926888271,0,0,0,411
not building,/content/CompositeTiles/Composite tiles27.TIF,38,117.77822580645162,94.5,53.36509983803276,247.06451612903226,255,11.300329666532765,31.875,0,84.33332304018383,248
not building,/content/CompositeTiles/Composite tiles27.TIF,39,155.775,158,17.613187530938287,152.575,115,66.93313361,0,0,0,40
not building,/content/CompositeTiles/Composite tiles27.TIF,40,92.96666666666667,88.5,15.542379340228303,255,255,0,0,0,0,30
not building,/content/CompositeTiles/Composite tiles27.TIF,41,148.30645161290323,149,8.194389720584443,196.5483870967742,191.5,39.88761527388236,0,0,0,62
not building,/content/CompositeTiles/Composite tiles27.TIF,42,154.8058748403576,153,10.352441421797202,164.97701149425288,150,75.02479442185772,0,0,0,783
not building,/content/CompositeTiles/Composite tiles27.TIF,43,147.20731707317074,147,16.599836764461923,150.01951219512196,134,57.86885602224241,0,0,0,410
not building,/content/CompositeTiles/Composite tiles27.TIF,44,157.7459126239614,157,11.402049559813237,163.67810238541946,150,57.28759704670746,0,0,0,3731
not building,/content/CompositeTiles/Composite tiles27.TIF,45,148.20338983050848,150,8.125664845845861,177.83050847457628,162,35.74872406985751,0,0,0,59
not building,/content/CompositeTiles/Composite tiles27.TIF,46,165.03488372093022,165.5,11.043726699130318,114.44186046511628,95.5,53.36460909175119,0,0,0,86
not building,/content/CompositeTiles/Composite tiles27.TIF,47,125.94117647058823,126,14.432278317696289,168.66176470588235,152.5,75.02501745381095,0,0,0,68
not building,/content/CompositeTiles/Composite tiles27.TIF,48,137.01333333333332,133,13.174885198740823,147.59555555555556,135,54.31153736875826,0,0,0,225
not building,/content/CompositeTiles/Composite tiles27.TIF,49,148.45,147,5.563047725842373,214.8,211,25.02918296708864,0,0,0,20
not building,/content/CompositeTiles/Composite tiles27.TIF,50,138.80116279069767,140,11.90470880245181,136.53372093023256,116.5,72.57403615180831,0,0,0,860
not building,/content/CompositeTiles/Composite tiles27.TIF,51,157.3197094167968,159,7.5946222382128505,254.90542467241497,255,1.4166899541818327,0,0,0,29458
not building,/content/CompositeTiles/Composite tiles27.TIF,52,67.33149171270718,101,59.95505270857999,64.85082872928177,9,107.82918178334003,0,0,0,181
not building,/content/CompositeTiles/Composite tiles27.TIF,53,139.65294913103725,153,29.192996832575773,243.05164109584467,255,40.85609395036871,0,0,0,239596
building,/content/CompositeTiles/Composite tiles27.TIF,54,255,255,0,255,255,0,255,255,0,15626
not building,/content/CompositeTiles/Composite tiles27.TIF,55,62.2,62,2.749545416973504,186.7888888888889,187,20.506635481361442,0,0,0,90
not building,/content/CompositeTiles/Composite tiles27.TIF,56,140.70454545454547,143,10.644203598575794,192.5681818181818,196,54.78383044760924,0,0,0,88
not building,/content/CompositeTiles/Composite tiles27.TIF,57,163.5970171403131,165,7.519144767482393,254.99977739853082,255,0.025840953080237053,0,0,0,13477
not building,/content/CompositeTiles/Composite tiles28.TIF,0,115.01428571428572,118,14.910040902958354,147.75714285714287,145,9.798108244,0,0,0,210
not building,/content/CompositeTiles/Composite tiles28.TIF,1,87.44645941278065,86,5.365070227015759,254.9555267702936,255,0.5507175635256055,0,0,0,6948
not building,/content/CompositeTiles/Composite tiles28.TIF,2,154.02380952380952,155,9.675356755421022,121.8422619047619,106,58.00791818,0,0,0,336
not building,/content/CompositeTiles/Composite tiles28.TIF,3,72.26382978723404,68,12.46855492543039,137.64531914893618,130,26.629489920176507,0,0,0,4700
not building,/content/CompositeTiles/Composite tiles28.TIF,4,72.64027149321267,69,9.537708344737633,120.67194570135747,119,7.218226071339215,0,0,0,442
not building,/content/CompositeTiles/Composite tiles28.TIF,5,67.79405941,66,15.936668110113747,247.4,255,43.28929165829844,0,0,0,505
building,/content/CompositeTiles/Composite tiles28.TIF,6,68.39160839160839,67,5.777984458795595,158.13986013986013,157,30.494892705161636,0,0,0,143
not building,/content/CompositeTiles/Composite tiles28.TIF,7,152.4800937,156,10.608818389711695,255,255,0,0,0,0,854
not building,/content/CompositeTiles/Composite tiles28.TIF,8,116.07318652849742,119,27.596753135621217,252.1509067357513,255,11.419402142486266,0,0,0,1544
not building,/content/CompositeTiles/Composite tiles28.TIF,9,105.0990099009901,108,15.111797863367162,161.67326732673268,162,18.787561142442406,0,0,0,101
not building,/content/CompositeTiles/Composite tiles28.TIF,10,153.32843137254903,154,9.806959088270725,133.74754901960785,122,61.81342494795622,0,0,0,408
building,/content/CompositeTiles/Composite tiles28.TIF,11,75.63483146067416,73,8.550991809530089,123.7752808988764,120,22.323591999330137,0,0,0,178
building,/content/CompositeTiles/Composite tiles28.TIF,12,77.6640625,75,8.911261611,122.96875,115,29.150990951209533,0,0,0,128
building,/content/CompositeTiles/Composite tiles28.TIF,13,76.63924050632912,74,9.685705475720903,128.96835443037975,124.5,21.09754946657626,0,0,0,158
building,/content/CompositeTiles/Composite tiles28.TIF,14,71.54088050314465,69,8.512471160741166,115.17610062893081,110,20.96014024606057,0,0,0,159
building,/content/CompositeTiles/Composite tiles28.TIF,15,74.68831168831169,72,6.476249797167951,161.21428571428572,159,19.859560256478616,0,0,0,154
building,/content/CompositeTiles/Composite tiles28.TIF,16,70.95798319327731,70,4.329680559535159,131.42857142857142,127,27.771750179691903,0,0,0,119
building,/content/CompositeTiles/Composite tiles28.TIF,17,70.17094017094017,68,5.466745775366626,150.6239316239316,149,19.12296086921639,0,0,0,117
building,/content/CompositeTiles/Composite tiles28.TIF,18,77.92248062015504,73,10.86464460411179,132.54263565891472,127,26.512541350599637,0,0,0,129
building,/content/CompositeTiles/Composite tiles28.TIF,19,71.16260162601625,69,6.4459907294049525,123.14634146341463,119,22.656388006684097,0,0,0,123
building,/content/CompositeTiles/Composite tiles28.TIF,20,71.80519481,71,3.6146849157254373,171.6103896103896,170,21.240219044139092,0,0,0,231
building,/content/CompositeTiles/Composite tiles28.TIF,21,72,70,7.742738533619742,130.18333333333334,121,30.23215267815965,0,0,0,120
building,/content/CompositeTiles/Composite tiles28.TIF,22,70.54189944134079,70,2.5505347825581195,146.6145251396648,144,29.22083153717957,0,0,0,179
building,/content/CompositeTiles/Composite tiles28.TIF,23,73,71,5.924359814839598,170.86274509803923,169,20.049304854387728,0,0,0,153
building,/content/CompositeTiles/Composite tiles28.TIF,24,76.67025089605735,74,7.832398270074467,134.57347670250897,133,29.44530460330402,0,0,0,279
building,/content/CompositeTiles/Composite tiles28.TIF,25,71.36601307189542,70,6.424780084725393,130.64705882352942,125,25.464949790252273,0,0,0,153
not building,/content/CompositeTiles/Composite tiles28.TIF,26,140.09146341463415,147,16.448854220750174,109.15853658536585,93,53.06363402929546,0,0,0,328
building,/content/CompositeTiles/Composite tiles28.TIF,27,67.97267759562841,67,2.9521349021944903,128.63934426229508,118,28.59288351230337,0,0,0,183
not building,/content/CompositeTiles/Composite tiles28.TIF,28,129.28095238095239,130,13.255084165550503,251.77619047619046,255,13.730133865469732,0,0,0,210
not building,/content/CompositeTiles/Composite tiles28.TIF,29,121.0297619047619,129,30.663384709585998,248.86011904761904,255,15.555050626270157,0,0,0,336
building,/content/CompositeTiles/Composite tiles28.TIF,30,74.625,73,7.520804478245662,112.5859375,107,21.301601811743964,0,0,0,128
building,/content/CompositeTiles/Composite tiles28.TIF,31,71.22,69,6.128915075280453,121.48,117,25.770246409376842,0,0,0,250
building,/content/CompositeTiles/Composite tiles28.TIF,32,75.10887096774194,72,9.058960206,142.55645161290323,128.5,37.24197302978032,0,0,0,248
not building,/content/CompositeTiles/Composite tiles28.TIF,33,148.67088607594937,145,11.697096382086942,160.34177215189874,148,63.67080806296653,0,0,0,316
not building,/content/CompositeTiles/Composite tiles28.TIF,34,138.59195402298852,144,18.09013650336917,125.63505747126437,109,55.22848705575739,0,0,0,348
building,/content/CompositeTiles/Composite tiles28.TIF,35,72.49109415,71,5.2973224859732975,172.83460559796438,170,22.966523339637103,0,0,0,393
building,/content/CompositeTiles/Composite tiles28.TIF,36,80.41176470588235,72,15.89480076,147.1486068111455,131,43.13198359564441,0,0,0,323
building,/content/CompositeTiles/Composite tiles28.TIF,37,70.28571428571429,69.5,2.399511004605832,164.61607142857142,161.5,21.082002114072445,0,0,0,112
building,/content/CompositeTiles/Composite tiles28.TIF,38,77.80693069,74.5,12.512067501161123,146.3910891089109,142,21.683376846956037,0,0,0,202
not building,/content/CompositeTiles/Composite tiles28.TIF,39,129.33166666666668,138,24.12436521905234,210.38833333333332,228,47.58876825,0,0,0,600
not building,/content/CompositeTiles/Composite tiles28.TIF,40,151.6611570247934,152,9.362359770884446,190.68595041322314,188.5,40.55310426365692,0,0,0,242
not building,/content/CompositeTiles/Composite tiles28.TIF,41,141.49079754601226,147,18.75916727982967,125.1717791411043,107,55.87679205806009,0,0,0,163
building,/content/CompositeTiles/Composite tiles28.TIF,42,72.85929648241206,70,9.254106870866837,159.8643216080402,156,26.733689122295168,0,0,0,199
not building,/content/CompositeTiles/Composite tiles28.TIF,43,148.8135593220339,152,15.96391542842178,236.0593220338983,255,31.500683977745396,0,0,0,118
not building,/content/CompositeTiles/Composite tiles28.TIF,44,157.1723076923077,156,11.874776210909054,205.28615384615384,216,50.48419060054064,0,0,0,325
building,/content/CompositeTiles/Composite tiles28.TIF,45,68.39197530864197,68,4.1630425482631805,135.26543209876544,119,40.11846550151198,0,0,0,324
building,/content/CompositeTiles/Composite tiles28.TIF,46,70.57608695652173,72,3.4015140351862434,154.6358695652174,153,11.330653704632011,0,0,0,184
building,/content/CompositeTiles/Composite tiles28.TIF,47,69.42148760330579,69,2.064065098097723,158.95867768595042,157,23.470536019899566,0,0,0,121
building,/content/CompositeTiles/Composite tiles28.TIF,48,66.34730538922156,65,3.227739320686583,145.07185628742516,138,26.43386705898177,0,0,0,167
building,/content/CompositeTiles/Composite tiles28.TIF,49,72.82550336,72,4.688600403,178.89261744966444,180,25.844174486601883,0,0,0,149
building,/content/CompositeTiles/Composite tiles28.TIF,50,73.06930693069307,73,4.8118200705078396,166.12871287128712,164,21.74818229178625,0,0,0,101
building,/content/CompositeTiles/Composite tiles28.TIF,51,70.44525547445255,69,5.938762568678896,170.34306569343065,165,24.99589395659045,0,0,0,137
building,/content/CompositeTiles/Composite tiles28.TIF,52,67.40563380281691,66,4.690892804415737,175.4845070422535,173,26.099196727627753,0,0,0,355
not building,/content/CompositeTiles/Composite tiles28.TIF,53,151.8248974008208,151,11.00339375997603,188.6388508891929,183,54.443794442179616,0,0,0,731
building,/content/CompositeTiles/Composite tiles28.TIF,54,72.55,72,3.855839726959615,158.14,154.5,23.103688017284163,0,0,0,100
building,/content/CompositeTiles/Composite tiles28.TIF,55,67.82142857142857,66,5.612826964250034,159.27678571428572,155.5,24.82949348680364,0,0,0,112
building,/content/CompositeTiles/Composite tiles28.TIF,56,71.2,69,6.954760646648734,144.33913043478262,134,35.148353157418896,0,0,0,115
not building,/content/CompositeTiles/Composite tiles28.TIF,57,148.26982892690512,150,9.912265575307734,254.99066874027994,255,0.33449670287281325,0,0,0,1286
building,/content/CompositeTiles/Composite tiles28.TIF,58,74.76646706586827,68,20.302290198861204,131.07784431137725,128,17.284513857933707,0,0,0,501
building,/content/CompositeTiles/Composite tiles28.TIF,59,67.68401486988847,67,2.831147299812593,130.63940520446096,129,16.482955295079858,0,0,0,269
building,/content/CompositeTiles/Composite tiles28.TIF,60,73.75320512820512,72,5.199851081099797,112.50961538461539,108,19.03471618818866,0,0,0,312
building,/content/CompositeTiles/Composite tiles28.TIF,61,64.85483870967742,63,5.435388148865189,118.98924731182795,114,22.12112045989539,0,0,0,186
building,/content/CompositeTiles/Composite tiles28.TIF,62,76.87171053,74,10.92678937389516,128.12171052631578,125,19.50071664595121,0,0,0,304
not building,/content/CompositeTiles/Composite tiles28.TIF,63,133.0164835164835,135,10.886262779515905,255,255,0,0,0,0,182
not building,/content/CompositeTiles/Composite tiles28.TIF,64,116.33668139815187,123,34.54401272553814,199.6476496584974,208,55.78090206562928,0,0,0,2489
building,/content/CompositeTiles/Composite tiles28.TIF,65,74.25146198830409,72,7.773168400684319,149.3216374269006,144,28.752758315840335,0,0,0,171
building,/content/CompositeTiles/Composite tiles28.TIF,66,67.44827586206897,67,3.0428307324642385,170.91954022988506,165,22.454663592002237,0,0,0,174
building,/content/CompositeTiles/Composite tiles28.TIF,67,69.16666666666667,68,2.9566980725233836,119.4047619047619,117,16.851441731655314,0,0,0,126
building,/content/CompositeTiles/Composite tiles28.TIF,68,67.51700680272108,66,4.202936682,143.6530612244898,135,29.30223762931232,0,0,0,147
not building,/content/CompositeTiles/Composite tiles28.TIF,69,85.42118226600985,73,23.51170853024327,123.28817733990148,117,40.31584915,0,0,0,406
building,/content/CompositeTiles/Composite tiles28.TIF,70,70.77987421383648,69,4.8012679126542706,134.49685534591194,128,28.386123417785793,0,0,0,159
not building,/content/CompositeTiles/Composite tiles28.TIF,71,113.67532467532467,117,24.617827748938453,148.54978354978354,140,33.777549441507674,0,0,0,231
building,/content/CompositeTiles/Composite tiles28.TIF,72,72.21487603305785,70,7.508900076344939,175.97520661157026,173,24.381086969551127,0,0,0,121
building,/content/CompositeTiles/Composite tiles28.TIF,73,75.97580645,64,24.865270413505108,169.13709677419354,163.5,29.69069982481735,0,0,0,124
building,/content/CompositeTiles/Composite tiles28.TIF,74,73.75609756,72,10.274359484646727,152.59756097560975,135.5,39.105816346164424,0,0,0,164
not building,/content/CompositeTiles/Composite tiles28.TIF,75,119.55694760820046,130,33.14124966,195.88268792710707,198.5,52.46251418920897,0,0,0,878
building,/content/CompositeTiles/Composite tiles28.TIF,76,73.32699619771863,71,8.734329439003028,159.31558935361215,155,34.23175354679342,0,0,0,263
building,/content/CompositeTiles/Composite tiles28.TIF,77,63.46710526,63,3.6543372989069884,151.48684210526315,145,26.546381169296797,0,0,0,152
not building,/content/CompositeTiles/Composite tiles28.TIF,78,110.37735849056604,115,15.733503588228295,254.52830188679246,255,2.776385870166344,0,0,0,159
not building,/content/CompositeTiles/Composite tiles28.TIF,79,95.31578947,81,31.936243812026103,255,255,0,0,0,0,342
building,/content/CompositeTiles/Composite tiles28.TIF,80,73.06611570247934,70,7.896788276098203,136.95867768595042,130,28.81557105874475,0,0,0,121
not building,/content/CompositeTiles/Composite tiles28.TIF,81,135.02,137,26.74583332035104,194.99,206.5,58.556595700228335,0,0,0,400
not building,/content/CompositeTiles/Composite tiles28.TIF,82,82.69396551724138,73,25.586337237678045,203.4367816091954,200,26.693751108876594,0,0,0,696
building,/content/CompositeTiles/Composite tiles28.TIF,83,91.96416938,76,29.034888923477418,194.1074918566775,195,55.87396976784459,0,0,0,307
not building,/content/CompositeTiles/Composite tiles28.TIF,84,80.29372937293729,76,16.075816460468044,217.5148514851485,217,22.93207671515366,0,0,0,303
not building,/content/CompositeTiles/Composite tiles28.TIF,85,132.5,136,18.84212997696825,187.93965517241378,196,45.8816485,0,0,0,116
not building,/content/CompositeTiles/Composite tiles28.TIF,86,75.84137931034483,67,17.831268878619966,249.21379310344827,255,9.508751835779247,0,0,0,145
building,/content/CompositeTiles/Composite tiles28.TIF,87,255,255,0,255,255,0,255,255,0,15964
building,/content/CompositeTiles/Composite tiles28.TIF,88,75.71538461538462,73,8.870204763385042,124.98461538461538,119,24.709694334063308,0,0,0,130
building,/content/CompositeTiles/Composite tiles28.TIF,89,70.53472222222223,69,6.631064514050982,139.60416666666666,132,26.514990191608803,0,0,0,144
building,/content/CompositeTiles/Composite tiles28.TIF,90,68.92372881355932,68,5.571046184288447,125.37288135593221,116.5,26.647350684025778,0,0,0,118
building,/content/CompositeTiles/Composite tiles28.TIF,91,64.38857142857142,63,3.1888888730869813,132.88571428571427,127,26.146588336390142,0,0,0,175
building,/content/CompositeTiles/Composite tiles28.TIF,92,71.94915254237289,69,6.005431803477777,123.86440677966101,117,25.142615337391256,0,0,0,118
building,/content/CompositeTiles/Composite tiles28.TIF,93,72.57264957264957,72,4.550413223118566,122.16239316239316,118,19.277530991036702,0,0,0,117
building,/content/CompositeTiles/Composite tiles28.TIF,94,74.80666666666667,72,10.592259228113496,163.44666666666666,165,17.504489582834328,0,0,0,150
building,/content/CompositeTiles/Composite tiles28.TIF,95,75.12977099236642,73,6.028427499397702,122.41221374045801,115,29.386830469157733,0,0,0,131
building,/content/CompositeTiles/Composite tiles28.TIF,96,69.21518987341773,68,3.5406174319447627,163.14556962025316,161,24.14901679193803,0,0,0,158
building,/content/CompositeTiles/Composite tiles28.TIF,97,74.40259740259741,71,7.783198254681784,124.1103896103896,117,26.030092896719367,0,0,0,154
building,/content/CompositeTiles/Composite tiles28.TIF,98,72.192,69,9.624714853,125.424,114,36.16921652455303,0,0,0,125
building,/content/CompositeTiles/Composite tiles28.TIF,99,67.73643410852713,67,3.6842833595646916,167.27131782945736,167,19.685808030106593,0,0,0,129
not building,/content/CompositeTiles/Composite tiles28.TIF,100,66.36842105263158,66,2.0402234049272465,150.81578947368422,148.5,25.89742444,0,0,0,114
not building,/content/CompositeTiles/Composite tiles28.TIF,101,137.09302325581396,144.5,17.592035662961266,97.6124031,86,44.40568964,0,0,0,258
building,/content/CompositeTiles/Composite tiles28.TIF,102,70.36521739130434,69,4.1437862014317055,155.29565217391306,151,26.866812860298882,0,0,0,115
building,/content/CompositeTiles/Composite tiles28.TIF,103,75.31386861313868,70,12.864113964806354,139.75912408759123,130,36.456658708612906,0,0,0,137
building,/content/CompositeTiles/Composite tiles28.TIF,104,72.68253968253968,71,5.212394863848983,131.984127,119.5,35.56214862341748,0,0,0,126
not building,/content/CompositeTiles/Composite tiles28.TIF,105,126.55128205128206,136,25.92872253317734,162.62820512820514,146.5,58.98568035143805,0,0,0,156
building,/content/CompositeTiles/Composite tiles28.TIF,106,77.01875,74,9.941373066,130.15625,117.5,37.81113375630913,0,0,0,160
not building,/content/CompositeTiles/Composite tiles28.TIF,107,130.79310344827587,137,22.576292755524946,165.03065134099617,153,55.36710487170704,0,0,0,261
not building,/content/CompositeTiles/Composite tiles28.TIF,108,145.32110091743118,148,17.92178763914125,106.4954128440367,90,45.06643899746383,0,0,0,109
building,/content/CompositeTiles/Composite tiles28.TIF,109,70.73451327433628,71,3.5022564132765988,156.99115044247787,151,31.393448269530754,0,0,0,113
building,/content/CompositeTiles/Composite tiles28.TIF,110,70.55084745762711,69,4.634245148389853,202,201,27.243254490868697,0,0,0,236
building,/content/CompositeTiles/Composite tiles28.TIF,111,69.98089171974522,69,5.39812581,148.14012738853503,138,27.981672481969888,0,0,0,157
not building,/content/CompositeTiles/Composite tiles28.TIF,112,86.93181818181819,83,12.846752801131332,243.07867132867133,255,23.454593083150492,0,0,0,572
building,/content/CompositeTiles/Composite tiles28.TIF,113,64.17021276595744,64,3.3994314226475937,201.10638297872342,196,20.37283761406525,0,0,0,188
building,/content/CompositeTiles/Composite tiles28.TIF,114,69.15044247787611,68,4.568497824294656,168.06194690265488,163,28.49694384664697,0,0,0,113
building,/content/CompositeTiles/Composite tiles28.TIF,115,69.76190476190476,68,4.54855388,130.02380952380952,121.5,29.98609844199879,0,0,0,126
not building,/content/CompositeTiles/Composite tiles28.TIF,116,99.25225225225225,101,8.085654595805778,105.34234234234235,97,28.27009227144395,0,0,0,111
building,/content/CompositeTiles/Composite tiles28.TIF,117,68.93421053,68,5.437045265476145,159,149.5,34.44026101741054,0,0,0,152
building,/content/CompositeTiles/Composite tiles28.TIF,118,69.98148148148148,67,6.543276845685707,155.44444444444446,149,27.166950691539586,0,0,0,108
building,/content/CompositeTiles/Composite tiles28.TIF,119,71.27826086956522,71,4.519614885646317,143.94782608695652,130,41.63210372406724,0,0,0,115
not building,/content/CompositeTiles/Composite tiles28.TIF,120,86.17010309,78,20.561247028592774,190.5257731958763,194,58.46116744155023,0,0,0,388
not building,/content/CompositeTiles/Composite tiles28.TIF,121,93.61349693251533,99,13.838829143606821,116.34969325153374,110,32.624567080752485,0,0,0,163
not building,/content/CompositeTiles/Composite tiles28.TIF,122,89.82692307692308,80,22.591115641268356,221.58076923076922,245.5,39.06076646,0,0,0,260
building,/content/CompositeTiles/Composite tiles28.TIF,123,73.1980198,71,6.857849159081643,170.32673267326732,169,28.63291359274715,0,0,0,101
building,/content/CompositeTiles/Composite tiles28.TIF,124,78.37241379310345,76,7.293780844060854,154.21379310344827,149,23.393245770549495,0,0,0,145
not building,/content/CompositeTiles/Composite tiles28.TIF,125,109.33976420150053,111,18.724034151127658,255,255,0,0,0,0,2799
not building,/content/CompositeTiles/Composite tiles28.TIF,126,112.40167364016736,113,22.938537974238493,247.01516736401675,255,18.248324278922865,0,0,0,1912
building,/content/CompositeTiles/Composite tiles28.TIF,127,68.19505494505495,67,5.763457996195004,167.3186813186813,161,37.43892583250552,0,0,0,364
not building,/content/CompositeTiles/Composite tiles28.TIF,128,72.32159227985525,69,12.47035875,247.9946924004825,255,23.72293776945055,0,0,0,4145
not building,/content/CompositeTiles/Composite tiles28.TIF,129,92.97076023391813,82,27.539323697477432,111.09356725146199,100,28.139845313936267,0,0,0,171
not building,/content/CompositeTiles/Composite tiles28.TIF,130,74.87218045112782,67,19.69965466683363,253.35588972431077,255,6.127603770462737,0,0,0,399
not building,/content/CompositeTiles/Composite tiles28.TIF,131,146.01823708206686,149,16.657272075629397,238.7598784194529,255,28.29716550591435,0,0,0,329
not building,/content/CompositeTiles/Composite tiles28.TIF,132,135.9766081871345,139,16.464725084900035,122.09356725146199,109,52.333864279571515,0,0,0,171
not building,/content/CompositeTiles/Composite tiles28.TIF,133,83.07335329341318,74,21.517240187402503,147.6631736526946,137,50.80254446442289,0,0,0,1336
not building,/content/CompositeTiles/Composite tiles28.TIF,134,146.83620689655172,151,15.532470974635151,171.56034482758622,161.5,52.169202302187934,0,0,0,232
building,/content/CompositeTiles/Composite tiles28.TIF,135,0,0,0,0,0,0,0,0,0,18
not building,/content/CompositeTiles/Composite tiles28.TIF,136,75.66666666666667,75,8.660254037844387,255,255,0,0,0,0,54
not building,/content/CompositeTiles/Composite tiles28.TIF,137,150.45901639344262,150,6.995487469373202,162.49180327868854,153,63.40957753350588,0,0,0,61
not building,/content/CompositeTiles/Composite tiles28.TIF,138,162.2405063291139,164,11.282578919972286,168.68354430379748,169,48.88932070071286,0,0,0,79
not building,/content/CompositeTiles/Composite tiles28.TIF,139,157.66666666666666,163,9.249624617007738,185.11111111111111,189,13.971752808549466,0,0,0,9
not building,/content/CompositeTiles/Composite tiles28.TIF,140,124.86363636363636,124.5,12.150428803552277,159.1060606060606,149,30.919802808124384,0,0,0,66
not building,/content/CompositeTiles/Composite tiles28.TIF,141,101.94444444444444,110.5,21.047491859607568,223.41666666666666,221,10.084022015049353,0,0,0,36
not building,/content/CompositeTiles/Composite tiles28.TIF,142,135.01724137931035,134.5,10.447721050479506,198.20689655172413,207,53.372716335121055,0,0,0,58
not building,/content/CompositeTiles/Composite tiles28.TIF,143,108.45833333333333,115.5,30.720486062054565,138.125,127.5,34.78303286086479,0,0,0,24
not building,/content/CompositeTiles/Composite tiles28.TIF,144,121.48,123,15.620806637302696,129,119,33.34066586017742,0,0,0,25
not building,/content/CompositeTiles/Composite tiles28.TIF,145,112.23333333333333,124,30.89841779480338,144.06666666666666,134,38.98797535423227,0,0,0,30
not building,/content/CompositeTiles/Composite tiles28.TIF,146,107.50339476236664,104,33.20707358821673,188.8176527643065,177,48.86714425,0,0,0,1031
building,/content/CompositeTiles/Composite tiles28.TIF,147,84.75,76,19.368143948246566,206.96875,207.5,20.82889276,0,0,0,32
not building,/content/CompositeTiles/Composite tiles28.TIF,148,149.32894736842104,150,7.349164216524247,149.81578947368422,136.5,58.44401516483324,0,0,0,76
building,/content/CompositeTiles/Composite tiles28.TIF,149,65.53061224489795,62,10.866728927526438,165.9795918367347,162,17.721185057252878,0,0,0,98
not building,/content/CompositeTiles/Composite tiles28.TIF,150,135.82926829268294,134.5,9.852330265461383,186.97560975609755,183.5,62.90138926104622,0,0,0,82
not building,/content/CompositeTiles/Composite tiles28.TIF,151,108.04444444444445,117,22.608705850776012,177.9777777777778,163,27.47563679487612,0,0,0,45
building,/content/CompositeTiles/Composite tiles28.TIF,152,67.05,65,6.410733187397523,168.6,165,23.652484013312428,0,0,0,40
not building,/content/CompositeTiles/Composite tiles28.TIF,153,142.97906197654942,143,8.211733064593131,253.8819095477387,255,10.806596923044046,0,0,0,2388
not building,/content/CompositeTiles/Composite tiles28.TIF,154,130.0408163265306,137,16.487421530408145,255,255,0,0,0,0,49
not building,/content/CompositeTiles/Composite tiles28.TIF,155,125.44827586206897,125,18.78845245,138.06896551724137,125,42.01225686054074,0,0,0,29
not building,/content/CompositeTiles/Composite tiles28.TIF,156,75.72727272727273,76,7.840349123614668,186.13636363636363,181.5,14.426287415514823,0,0,0,22
not building,/content/CompositeTiles/Composite tiles28.TIF,157,164.02439024390245,162,6.755261020676092,150.0487804878049,135,52.50781647712763,0,0,0,41
not building,/content/CompositeTiles/Composite tiles28.TIF,158,120.95,122.5,4.609501057598317,178.5,160,50.117362260996934,0,0,0,20
not building,/content/CompositeTiles/Composite tiles28.TIF,159,123.53521126760563,128,21.98708390756225,172.2394366197183,175,33.45186358257775,0,0,0,71
building,/content/CompositeTiles/Composite tiles28.TIF,160,72.78181818181818,69,13.171168111503537,211.63636363636363,202,17.582391642429325,0,0,0,55
not building,/content/CompositeTiles/Composite tiles28.TIF,161,113.56409094249945,115,36.75040022197071,239.89425566144826,255,41.15815717207202,0,0,0,244902
not building,/content/CompositeTiles/Composite tiles28.TIF,162,159.29999050362446,161,9.767228495981263,254.77632870121238,255,4.104902867576589,0,0,0,31591
not building,/content/CompositeTiles/Composite tiles28.TIF,163,137.1290322580645,137,13.743601292340752,159.65591397849462,151,43.671425815592436,0,0,0,93
building,/content/CompositeTiles/Composite tiles28.TIF,164,80.24242424242425,75,12.499770429480508,182.63636363636363,178,33.36466846723304,0,0,0,33
not building,/content/CompositeTiles/Composite tiles28.TIF,165,93.74712643678161,88,24.661486746022504,162.45977011494253,149,56.18622660151923,0,0,0,87
not building,/content/CompositeTiles/Composite tiles28.TIF,166,124.55555555555556,125,18.07460533524014,135.88888888888889,124,42.64611773684319,0,0,0,27
not building,/content/CompositeTiles/Composite tiles28.TIF,167,130.825,132,20.406968785196884,161.325,148.5,54.65683282993994,0,0,0,40
building,/content/CompositeTiles/Composite tiles28.TIF,168,75.56666666666666,69.5,18.269616550132874,192.6,188.5,19.055357951680325,0,0,0,30
not building,/content/CompositeTiles/Composite tiles28.TIF,169,113.22641509433963,114,9.575206799942178,139.66037735849056,123,41.38039978842705,0,0,0,53
building,/content/CompositeTiles/Composite tiles29.TIF,0,69.42514970059881,70,3.4300664011811612,146.59580838323353,148,13.585219395474011,0,0,0,334
building,/content/CompositeTiles/Composite tiles29.TIF,1,70.83997204751921,71,3.461917566135611,118.67505241090147,119,9.729388770616772,0,0,0,1431
building,/content/CompositeTiles/Composite tiles29.TIF,2,64.30133333333333,63,3.2647406567069854,154.12533333333334,157,12.61693141069659,0,0,0,375
building,/content/CompositeTiles/Composite tiles29.TIF,3,70.63425925925925,70,3.488145587,135.32407407407408,131,23.779593143462044,0,0,0,216
building,/content/CompositeTiles/Composite tiles29.TIF,4,65.21105527638191,64,3.7811591097208437,114.57537688442211,109,18.313794584796977,0,0,0,398
building,/content/CompositeTiles/Composite tiles29.TIF,5,73.17117117117117,72,7.702665823630171,133.64864864864865,130,14.433849510347649,0,0,0,111
building,/content/CompositeTiles/Composite tiles29.TIF,6,72.49090909090908,71,5.420072885362763,124.42727272727272,120.5,18.876372480339775,0,0,0,110
building,/content/CompositeTiles/Composite tiles29.TIF,7,70.64824120603015,69,3.587651129253893,147.33165829145727,140,24.69086362394602,0,0,0,199
building,/content/CompositeTiles/Composite tiles29.TIF,8,71.41318327974277,71,1.5931989181439632,111.62700964630226,110,7.750683637303623,0,0,0,622
building,/content/CompositeTiles/Composite tiles29.TIF,9,75.23622047244095,73,7.005573364,153.96850393700788,150,17.395327912829536,0,0,0,127
building,/content/CompositeTiles/Composite tiles29.TIF,10,79.19469026548673,75,11.772067139082813,145.34513274336283,141,24.501677714456356,0,0,0,113
building,/content/CompositeTiles/Composite tiles29.TIF,11,71.71830985915493,70,6.707538535093329,176.90845070422534,175,18.201108513516683,0,0,0,142
building,/content/CompositeTiles/Composite tiles29.TIF,12,76.712,73,9.266555779,163.592,162,17.97513660587869,0,0,0,125
building,/content/CompositeTiles/Composite tiles29.TIF,13,72.28244275,71,3.143574105237407,151.84732824427482,147,23.956217469733012,0,0,0,131
building,/content/CompositeTiles/Composite tiles29.TIF,14,72.44642857142857,71,6.750448775708871,158.91964285714286,154,22.032904934947844,0,0,0,112
building,/content/CompositeTiles/Composite tiles29.TIF,15,77.47080291970804,77,9.816243506637218,149.8941605839416,146,19.573922270574815,0,0,0,274
not building,/content/CompositeTiles/Composite tiles29.TIF,16,158.7951289398281,159,7.604638103511583,187.26361031518624,183,54.52818592017338,0,0,0,698
building,/content/CompositeTiles/Composite tiles29.TIF,17,64.56164383561644,64,3.024947871711443,160.9543378995434,157,17.250708856985334,0,0,0,219
building,/content/CompositeTiles/Composite tiles29.TIF,18,73.06,73,4.415472794616676,118.95,115,17.938436386708847,0,0,0,100
building,/content/CompositeTiles/Composite tiles29.TIF,19,79.953125,75,13.098103020452045,167.4375,163.5,18.77363094209535,0,0,0,128
building,/content/CompositeTiles/Composite tiles29.TIF,20,76.97435897435898,74,12.17813758,125.1923076923077,121,21.176642728219665,0,0,0,156
building,/content/CompositeTiles/Composite tiles29.TIF,21,73.34285714285714,72,3.5852304739054657,178.92857142857142,174.5,20.66662003505821,0,0,0,140
not building,/content/CompositeTiles/Composite tiles29.TIF,22,128.61570247933884,134,20.94298244669849,154.03305785123968,144.5,45.26632555766506,0,0,0,242
building,/content/CompositeTiles/Composite tiles29.TIF,23,74.54471544715447,72,6.071728477760477,144.52032520325204,137,26.375447314357615,0,0,0,123
building,/content/CompositeTiles/Composite tiles29.TIF,24,72.91324200913242,72,4.985527730306066,120.4703196347032,116,21.569316642994945,0,0,0,219
building,/content/CompositeTiles/Composite tiles29.TIF,25,68.92857142857143,68,3.051095487438797,173.89285714285714,172,26.337560476185615,0,0,0,140
building,/content/CompositeTiles/Composite tiles29.TIF,26,82.26724137931035,71,21.307825079800878,167.06034482758622,160,25.590707093323275,0,0,0,116
building,/content/CompositeTiles/Composite tiles29.TIF,27,72.58730158730158,71,4.454834793348596,153.73015873015873,150.5,22.979083898193192,0,0,0,126
building,/content/CompositeTiles/Composite tiles29.TIF,28,75.44252873563218,74,5.884386747877772,167.81034482758622,152.5,40.402909120487045,0,0,0,174
building,/content/CompositeTiles/Composite tiles29.TIF,29,79.04137931034482,73,13.06528744530856,135.70344827586206,130,25.46589988739669,0,0,0,145
not building,/content/CompositeTiles/Composite tiles29.TIF,30,121.91836734693878,127,13.590968491808388,255,255,0,0,0,0,147
building,/content/CompositeTiles/Composite tiles29.TIF,31,69.71929824561404,68,4.168614503160713,168.8859649122807,168,24.96480286250386,0,0,0,114
building,/content/CompositeTiles/Composite tiles29.TIF,32,71.87676056338029,69,9.265771978152754,206.07394366197184,208.5,39.92340585611097,0,0,0,284
building,/content/CompositeTiles/Composite tiles29.TIF,33,72.27645051,71,4.1468798701080365,156.9419795221843,146,34.64574565000199,0,0,0,293
building,/content/CompositeTiles/Composite tiles29.TIF,34,72.32142857142857,71,5.0583752197662815,160.11309523809524,156.5,25.704461720181246,0,0,0,168
not building,/content/CompositeTiles/Composite tiles29.TIF,35,127.55676855895196,133,21.889910340397176,134.68995633187774,125.5,46.47932286199836,0,0,0,458
building,/content/CompositeTiles/Composite tiles29.TIF,36,71.51951219512195,70,5.926036783312127,187.45853658536586,180,39.578258232111295,0,0,0,410
not building,/content/CompositeTiles/Composite tiles29.TIF,37,96.54222972972973,94,8.983807780418754,255,255,0,0,0,0,1776
not building,/content/CompositeTiles/Composite tiles29.TIF,38,144.16847826086956,146,8.322891812290523,203.83695652173913,197,35.530384172323444,0,0,0,184
building,/content/CompositeTiles/Composite tiles29.TIF,39,73.62857142857143,71,7.633893274772201,138.81428571428572,125,35.94849206340445,0,0,0,140
not building,/content/CompositeTiles/Composite tiles29.TIF,40,157.35304990757857,159,10.353419025735557,200.54898336414047,204,45.05351002019936,0,0,0,541
building,/content/CompositeTiles/Composite tiles29.TIF,41,75.44516129032257,74,5.452601551889048,114.71612903225807,111,18.428503462145763,0,0,0,155
not building,/content/CompositeTiles/Composite tiles29.TIF,42,148.94594594594594,150,8.715692421,130.73648648648648,101,72.31396088589378,0,0,0,296
building,/content/CompositeTiles/Composite tiles29.TIF,43,76.21794871794872,75,6.736955120112531,120.63003663003663,118,19.00449472,0,0,0,546
not building,/content/CompositeTiles/Composite tiles29.TIF,44,155.6082167,157,11.989928457065256,228.04406073236083,255,38.41504694515723,0,0,0,3359
building,/content/CompositeTiles/Composite tiles29.TIF,45,69.84375,67,10.005548590865304,79.07291666666667,67,34.54262004866436,0,0,0,192
building,/content/CompositeTiles/Composite tiles29.TIF,46,71.65461847389558,70,6.730705635252052,103.0160642570281,96,24.878979025702257,0,0,0,249
building,/content/CompositeTiles/Composite tiles29.TIF,47,72.75899281,71,4.721317230988794,122.21223021582733,119,15.672282091686238,0,0,0,278
building,/content/CompositeTiles/Composite tiles29.TIF,48,74.27898550724638,71,9.326508526,119.6340579710145,114,20.925509695026292,0,0,0,276
building,/content/CompositeTiles/Composite tiles29.TIF,49,71.73,70,7.469076248,125.58,123.5,18.381882384565515,0,0,0,200
building,/content/CompositeTiles/Composite tiles29.TIF,50,73.76470588235294,71,10.343299877914939,121.47058823529412,118,18.02242931675718,0,0,0,204
building,/content/CompositeTiles/Composite tiles29.TIF,51,71.525,69,8.220363434788025,119.73125,116,15.783583985822105,0,0,0,160
building,/content/CompositeTiles/Composite tiles29.TIF,52,77.20975609756097,74,11.00110426559365,118.2,115,14.929558175548035,0,0,0,205
building,/content/CompositeTiles/Composite tiles29.TIF,53,74.18805970149253,72,8.634735862,139.81492537313432,136,17.57512874398265,0,0,0,335
building,/content/CompositeTiles/Composite tiles29.TIF,54,74.42391304347827,72,8.654520929212529,114.6608695652174,112,17.47725824509083,0,0,0,460
building,/content/CompositeTiles/Composite tiles29.TIF,55,78.53773585,76,9.399091213,110.10849056603773,106,17.60956332119336,0,0,0,212
building,/content/CompositeTiles/Composite tiles29.TIF,56,75.32802548,73,9.494754397529963,121.99363057324841,117,22.235708017123258,0,0,0,314
not building,/content/CompositeTiles/Composite tiles29.TIF,57,64.375,63,4.589608175555752,253.58333333333334,255,9.537011797051216,0,0,0,624
building,/content/CompositeTiles/Composite tiles29.TIF,58,78.80568720379146,72,17.333778378327768,122.9478672985782,116,25.440426326225655,0,0,0,211
building,/content/CompositeTiles/Composite tiles29.TIF,59,67.85185185185185,65,7.397215210262645,164.2116402116402,161,19.856566942673126,0,0,0,189
building,/content/CompositeTiles/Composite tiles29.TIF,60,71.83257918552036,70,7.663395225321231,102.37330316742081,94,30.906712832956835,0,0,0,442
building,/content/CompositeTiles/Composite tiles29.TIF,61,77.23017903,73,13.773587894857343,129.27365728900256,126,19.655193873758407,0,0,0,391
building,/content/CompositeTiles/Composite tiles29.TIF,62,72.47925608011445,71,9.310142546660819,121.26466380543634,115,23.338954070489677,0,0,0,699
building,/content/CompositeTiles/Composite tiles29.TIF,63,70.43263288,71,4.292255723855272,123.73918417799753,123,5.924115082228536,0,0,0,809
building,/content/CompositeTiles/Composite tiles29.TIF,64,70.83128834355828,70,4.162983555396558,118.77300613496932,113,21.074743006823198,0,0,0,326
not building,/content/CompositeTiles/Composite tiles29.TIF,65,159.55497382198953,161,8.030430597124349,138.59685863874344,128,33.82894746318496,0,0,0,191
not building,/content/CompositeTiles/Composite tiles29.TIF,66,152.14135021097047,153,7.857046816382134,157.79957805907173,143.5,53.72696169823933,0,0,0,474
building,/content/CompositeTiles/Composite tiles29.TIF,67,72.26865671641791,71,5.661905757124044,141.318408,138,20.779297711563963,0,0,0,201
building,/content/CompositeTiles/Composite tiles29.TIF,68,76.5243553,72,12.69975554,126.11318051575931,121,23.75393373362152,0,0,0,698
not building,/content/CompositeTiles/Composite tiles29.TIF,69,112.10941271118263,115,32.966609791109725,185.31456154465005,182,61.16612836036769,0,0,0,1243
not building,/content/CompositeTiles/Composite tiles29.TIF,70,125.00288850375506,126,7.420091760325283,254.94396302715194,255,1.0018943390827981,0,0,0,1731
not building,/content/CompositeTiles/Composite tiles29.TIF,71,90.34042553191489,85,26.2961742,253.7343857240906,255,10.819420224674428,0,0,0,1457
building,/content/CompositeTiles/Composite tiles29.TIF,72,79,73,13.85504471847505,158.45283018867926,156,27.400293372438416,0,0,0,106
building,/content/CompositeTiles/Composite tiles29.TIF,73,76.36363636363636,72,14.555197785707184,124.20979020979021,118,25.09223632385547,0,0,0,429
building,/content/CompositeTiles/Composite tiles29.TIF,74,75.03846153846153,72,6.716688568442323,150.01923076923077,143,28.422064188612644,0,0,0,156
building,/content/CompositeTiles/Composite tiles29.TIF,75,73.49207673060884,71,9.553749214007771,122.02668890742285,115,28.716455514395005,0,0,0,1199
not building,/content/CompositeTiles/Composite tiles29.TIF,76,130.90932642487047,141,24.953471023619286,198.76295336787564,215,56.24131044529496,0,0,0,772
not building,/content/CompositeTiles/Composite tiles29.TIF,77,155.78125,154,11.868378087906535,177.453125,171,40.84514570587764,0,0,0,128
not building,/content/CompositeTiles/Composite tiles29.TIF,78,97.00403225806451,96,24.774547615392425,232.15645161290323,255,39.03947184072164,0,0,0,1240
not building,/content/CompositeTiles/Composite tiles29.TIF,79,140.26210826210826,146,19.64875948759577,162.95726495726495,149,51.447158711906425,0,0,0,351
building,/content/CompositeTiles/Composite tiles29.TIF,80,72.10185185185185,71,3.8632643432024594,165.44444444444446,157,34.00172472023466,0,0,0,108
not building,/content/CompositeTiles/Composite tiles29.TIF,81,164.2826086956522,164,5.731920701984408,172.7391304347826,160.5,47.361782787486725,0,0,0,184
building,/content/CompositeTiles/Composite tiles29.TIF,82,72.40384615384616,71,5.030393324778132,198.98717948717947,197,27.342318843452453,0,0,0,156
building,/content/CompositeTiles/Composite tiles29.TIF,83,67.02158273381295,67,3.842150974865344,153.0935251798561,156,32.00885490936966,0,0,0,278
building,/content/CompositeTiles/Composite tiles29.TIF,84,67.64792899408285,68,7.420406763738552,153.57692307692307,146,20.79346876293771,0,0,0,338
building,/content/CompositeTiles/Composite tiles29.TIF,85,69.25629139072848,69,6.551467922655312,134.47814569536425,121,43.202041731920346,0,0,0,1510
building,/content/CompositeTiles/Composite tiles29.TIF,86,68.88773388773389,66,10.133407177182873,157.85031185031184,181,34.65923277775586,0,0,0,481
building,/content/CompositeTiles/Composite tiles29.TIF,87,78.50364964,76,7.747025883384432,178.56204379562044,174,25.794488551210314,0,0,0,137
not building,/content/CompositeTiles/Composite tiles29.TIF,88,106.51507537688443,103.5,32.46990912927945,208.65075376884423,224,45.50317385732696,0,0,0,398
building,/content/CompositeTiles/Composite tiles29.TIF,89,82.22549019607843,73,18.052704355958124,120.67647058823529,112,24.890017592973827,0,0,0,102
not building,/content/CompositeTiles/Composite tiles29.TIF,90,133.62768031189083,132,12.149000788340967,137.64132553606237,124,47.37877738,0,0,0,513
not building,/content/CompositeTiles/Composite tiles29.TIF,91,134.1032258064516,139,21.18525786683975,114.58709677419355,95,56.15402632239688,0,0,0,155
not building,/content/CompositeTiles/Composite tiles29.TIF,92,136.1703125,137,13.410608903116358,133.8078125,121,48.595803589042994,0,0,0,640
not building,/content/CompositeTiles/Composite tiles29.TIF,93,152.85714285714286,158,19.428374473791614,183.20982142857142,189,45.809638060716296,0,0,0,224
not building,/content/CompositeTiles/Composite tiles29.TIF,94,142.57567567567568,143,18.480843338154465,116.20270270270271,101,56.584015441697034,0,0,0,370
building,/content/CompositeTiles/Composite tiles29.TIF,95,67.40727272727273,67,3.582982736388245,180.09454545454545,183,14.37846139425619,0,0,0,275
building,/content/CompositeTiles/Composite tiles29.TIF,96,79.63157894736842,77,7.090286359860224,154.38815789473685,148,26.079092589483608,0,0,0,152
building,/content/CompositeTiles/Composite tiles29.TIF,97,72.4875,71,7.502489170268759,148.75625,137.5,40.77955168877534,0,0,0,160
building,/content/CompositeTiles/Composite tiles29.TIF,98,68.16129032258064,68,3.0543123844032802,126.39516129032258,120.5,25.07370379,0,0,0,124
not building,/content/CompositeTiles/Composite tiles29.TIF,99,158.11764705882354,160.5,13.636236411975105,190.9313725490196,196.5,57.448060054265206,0,0,0,102
building,/content/CompositeTiles/Composite tiles29.TIF,100,90.46054750402577,79,21.600019510556905,196.31400966183574,186,42.737821256191275,0,0,0,621
not building,/content/CompositeTiles/Composite tiles29.TIF,101,127.64571428571429,126,21.97089429036441,79.73714285714286,70,35.37552895688758,0,0,0,175
building,/content/CompositeTiles/Composite tiles29.TIF,102,75.18309859,72,13.202976466760402,127.73239436619718,113.5,31.620976166203825,0,0,0,142
building,/content/CompositeTiles/Composite tiles29.TIF,103,71.19658119658119,69,8.878322122,146.14529914529913,131,36.99925269683413,0,0,0,117
building,/content/CompositeTiles/Composite tiles29.TIF,104,73.36220472440945,73,5.476750130285659,159.77165354330708,155,23.917571367102475,0,0,0,127
building,/content/CompositeTiles/Composite tiles29.TIF,105,71.23913043478261,66,15.421871513632409,120.33152173913044,116,20.62485535837464,0,0,0,184
building,/content/CompositeTiles/Composite tiles29.TIF,106,72.59803921568627,70,9.307660564015682,125.26470588235294,118,25.861594839812042,0,0,0,102
building,/content/CompositeTiles/Composite tiles29.TIF,107,85.69910714285714,76,20.463809498790937,171.19107142857143,159,44.79691386367127,0,0,0,1120
not building,/content/CompositeTiles/Composite tiles29.TIF,108,144.9655172413793,143,9.856672022196488,118.05172413793103,108,50.776020139090065,0,0,0,116
not building,/content/CompositeTiles/Composite tiles29.TIF,109,160.10862619808307,164,17.414538627843562,118.65814696485623,99,56.59068951424122,0,0,0,313
not building,/content/CompositeTiles/Composite tiles29.TIF,110,158.41525423728814,159,11.929401274409033,98.24576271,76.5,47.18300764956542,0,0,0,118
not building,/content/CompositeTiles/Composite tiles29.TIF,111,120.5047619047619,118,24.957153305891815,134.8761904761905,126,56.76697485,0,0,0,105
building,/content/CompositeTiles/Composite tiles29.TIF,112,71.10655737704919,71,2.8738714878496374,134.87704918032787,130.5,23.998831210902427,0,0,0,122
not building,/content/CompositeTiles/Composite tiles29.TIF,113,138.9723200805234,139,6.6747531,255,255,0,0,0,0,1987
building,/content/CompositeTiles/Composite tiles29.TIF,114,76.93125,76,6.359168454876785,174.25625,164,25.484614690779612,0,0,0,160
not building,/content/CompositeTiles/Composite tiles29.TIF,115,158.78205128205127,160,10.331241437426376,173.51282051282053,164,50.035178288916704,0,0,0,156
not building,/content/CompositeTiles/Composite tiles29.TIF,116,153.77397260273972,154,10.096862310176608,145.6689497716895,132.5,52.431320542046855,0,0,0,438
building,/content/CompositeTiles/Composite tiles29.TIF,117,73.59214308527626,74,3.0988281812744862,97.19929734908975,97,7.3367169542822515,0,0,0,3131
building,/content/CompositeTiles/Composite tiles29.TIF,118,74.39498432601881,73,7.001619153294429,93.28213166144201,69,60.08707391679471,0,0,0,638
building,/content/CompositeTiles/Composite tiles29.TIF,119,107.45454545454545,100,27.392379950249722,165.27272727272728,166,20.21525485680603,0,0,0,275
not building,/content/CompositeTiles/Composite tiles29.TIF,120,148.99439775910363,152,17.457269864898844,103.73949579831933,91,31.818320617478367,0,0,0,357
not building,/content/CompositeTiles/Composite tiles29.TIF,121,149.20987654320987,151,11.134105151094209,135.74074074074073,113,65.13102232106529,0,0,0,324
building,/content/CompositeTiles/Composite tiles29.TIF,122,71.9140625,70,9.839753033,132.8632813,130,20.082273632071605,0,0,0,256
not building,/content/CompositeTiles/Composite tiles29.TIF,123,165.6622296173045,165,10.52201816399539,151.8369384359401,140,70.04379447676548,0,0,0,601
building,/content/CompositeTiles/Composite tiles29.TIF,124,64.55541069100391,63,6.806067069261127,114.42372881355932,108,31.262886013574864,0,0,0,767
not building,/content/CompositeTiles/Composite tiles29.TIF,125,62.978675645342314,62,5.8779768194193585,253.98877665544333,255,9.422487118,0,0,0,891
not building,/content/CompositeTiles/Composite tiles29.TIF,126,155.59922178988327,159,14.137694164238685,148.36186770428014,133,60.539318872825206,0,0,0,257
building,/content/CompositeTiles/Composite tiles29.TIF,127,64.82183908045977,64,4.708440093283118,96.71264367816092,92,21.58991253,0,0,0,348
building,/content/CompositeTiles/Composite tiles29.TIF,128,69.21542553191489,70,4.281190469974349,171.12234042553192,170,10.995692137661827,0,0,0,376
building,/content/CompositeTiles/Composite tiles29.TIF,129,64.05555555555556,62,7.382886602836855,125.03535353535354,120,23.567842382619215,0,0,0,396
not building,/content/CompositeTiles/Composite tiles29.TIF,130,143.0681818181818,145,16.282167779608027,139.36363636363637,119,74.37367495405077,0,0,0,132
building,/content/CompositeTiles/Composite tiles29.TIF,131,73.77123050259965,75,4.126635472506838,91.42287694974003,92,6.6359686380177125,0,0,0,577
building,/content/CompositeTiles/Composite tiles29.TIF,132,70.23857868020305,69,4.658809025185463,166.0456852791878,161,29.49374783892732,0,0,0,197
not building,/content/CompositeTiles/Composite tiles29.TIF,133,167.3030303030303,168,11.58347355088845,182.1080808080808,180,61.28940649771341,0,0,0,990
not building,/content/CompositeTiles/Composite tiles29.TIF,134,155.14117647058825,157,14.875485511543891,151.36470588235295,144,30.10163062177804,0,0,0,340
not building,/content/CompositeTiles/Composite tiles29.TIF,135,160.94498381877023,161,8.916307144235951,173.1055016,161,51.48722657588516,0,0,0,1545
not building,/content/CompositeTiles/Composite tiles29.TIF,136,82.62664165103189,81,8.958807303917984,254.92870544090056,255,0.9813369204859553,0,0,0,533
not building,/content/CompositeTiles/Composite tiles29.TIF,137,138.13099041533548,136,9.851878949,254.9744408945687,255,0.4514638142531807,0,0,0,313
not building,/content/CompositeTiles/Composite tiles29.TIF,138,88.37973387922212,77,24.67044026889704,253.75435005117708,255,10.815236419274095,0,0,0,977
building,/content/CompositeTiles/Composite tiles29.TIF,139,66.44117647058823,65,4.7518283981769445,178.94117647058823,162.5,34.16420082811481,0,0,0,102
not building,/content/CompositeTiles/Composite tiles29.TIF,140,153.62153846153845,154,10.862372017117822,145.5148717948718,126,67.22290157958399,0,0,0,975
not building,/content/CompositeTiles/Composite tiles29.TIF,141,65.38964577656675,63,6.3205216246363545,252.53405994550408,255,14.77389297,0,0,0,734
building,/content/CompositeTiles/Composite tiles29.TIF,142,72.07296137339056,70,8.306561772688296,138.43562231759657,134,24.79151560659308,0,0,0,466
not building,/content/CompositeTiles/Composite tiles29.TIF,143,66.74494382022472,66,4.249137684784945,250.8112359550562,255,14.548882641387431,0,0,0,890
not building,/content/CompositeTiles/Composite tiles29.TIF,144,86.89228723404256,75,25.91599243551164,217.12367021276594,255,45.56549965566013,0,0,0,752
building,/content/CompositeTiles/Composite tiles29.TIF,145,255,255,0,255,255,0,255,255,0,16765
building,/content/CompositeTiles/Composite tiles29.TIF,146,76.48223350253807,76,4.462584337674445,125.00507614213198,120,24.233948052105994,0,0,0,197
building,/content/CompositeTiles/Composite tiles29.TIF,147,74.42424242424242,71,13.06232850907416,123.07988980716253,117,27.14245062412704,0,0,0,363
not building,/content/CompositeTiles/Composite tiles29.TIF,148,155.94059405940595,157.5,10.529846107756468,142.31683168316832,131.5,32.06751253619148,0,0,0,202
building,/content/CompositeTiles/Composite tiles29.TIF,149,70.83881578947368,70,6.367862871090571,114.36184210526316,112,21.31794072152956,0,0,0,304
building,/content/CompositeTiles/Composite tiles29.TIF,150,69.36431227,68,4.619458359022375,139.0260223048327,130,31.73676686694454,0,0,0,269
building,/content/CompositeTiles/Composite tiles29.TIF,151,73.55837563451777,70,11.88365312412958,138.06598984771574,132,19.90486792639955,0,0,0,197
not building,/content/CompositeTiles/Composite tiles29.TIF,152,129.93636363636364,135,20.20205987369842,85.65,67,48.688716725373204,0,0,0,220
not building,/content/CompositeTiles/Composite tiles29.TIF,153,126.01869158878505,131.5,23.26482295383111,111.9392523364486,102.5,36.33593328977708,0,0,0,214
building,/content/CompositeTiles/Composite tiles29.TIF,154,70.07272727272728,71,3.233468231544531,138.3151515151515,132,26.741819720182473,0,0,0,165
building,/content/CompositeTiles/Composite tiles29.TIF,155,65.61654135338345,65,3.0279942106977717,119.06015037593986,115,22.897535540139984,0,0,0,133
building,/content/CompositeTiles/Composite tiles29.TIF,156,64.28169014084507,64,2.568405537016858,101.58450704225352,86,36.74105102458007,0,0,0,142
building,/content/CompositeTiles/Composite tiles29.TIF,157,74.51666666666667,72,9.121388174078671,128.075,122,20.17637335267829,0,0,0,120
building,/content/CompositeTiles/Composite tiles29.TIF,158,73.25581395348837,72,5.1191676130654304,166.5503875968992,163,19.59748490440676,0,0,0,129
building,/content/CompositeTiles/Composite tiles29.TIF,159,81.18627450980392,73.5,15.212050429760794,116.36274509803921,110,24.94063116002711,0,0,0,102
not building,/content/CompositeTiles/Composite tiles29.TIF,160,162.18707482993196,160,11.734986193736642,128.01020408163265,110,65.61900362984275,0,0,0,294
building,/content/CompositeTiles/Composite tiles29.TIF,161,72.72277227722772,71,5.7593983663401636,144.97029702970298,135,33.956132284371755,0,0,0,101
building,/content/CompositeTiles/Composite tiles29.TIF,162,71.52739726027397,70,3.8199103580521543,172.18493150684932,168,25.179629575179494,0,0,0,146
not building,/content/CompositeTiles/Composite tiles29.TIF,163,125.40284360189574,130,19.145583220232236,127.56872037914692,108,48.566647106412226,0,0,0,211
building,/content/CompositeTiles/Composite tiles29.TIF,164,74.02836879432624,73,5.845460458977199,134.2659574468085,131,20.232255441584073,0,0,0,282
building,/content/CompositeTiles/Composite tiles29.TIF,165,75.08035714285714,73,8.493315010786365,123.83928571428571,118,23.82396511447056,0,0,0,224
building,/content/CompositeTiles/Composite tiles29.TIF,166,73.81954887218045,72,6.253822393810508,171.3233082706767,167,26.030505202270284,0,0,0,133
building,/content/CompositeTiles/Composite tiles29.TIF,167,72.68965517,69,9.978782484907363,171.69827586206895,167,24.134400911814158,0,0,0,116
building,/content/CompositeTiles/Composite tiles29.TIF,168,72.23308270676692,72,3.0059770484346653,179.8796992481203,179,22.296038824821984,0,0,0,133
building,/content/CompositeTiles/Composite tiles29.TIF,169,73.69291338582677,72,12.01672837354334,184.48818897637796,183,23.634975464851458,0,0,0,127
not building,/content/CompositeTiles/Composite tiles29.TIF,170,158.2549019607843,167,19.06782850284525,107.38235294117646,87.5,53.811953646452764,0,0,0,102
building,/content/CompositeTiles/Composite tiles29.TIF,171,73.64473684210526,72,7.154689200959526,176.31578947368422,175.5,23.525300225342942,0,0,0,152
building,/content/CompositeTiles/Composite tiles29.TIF,172,79.07751937984496,74,15.037736718983657,153.65891472868216,149,25.678542341937604,0,0,0,129
building,/content/CompositeTiles/Composite tiles29.TIF,173,66.13586956521739,66,2.401995616046896,126.72826086956522,116,30.42974919557932,0,0,0,184
building,/content/CompositeTiles/Composite tiles29.TIF,174,72.30357142857143,71,3.9637628355297108,166.51785714285714,163,26.44501780745732,0,0,0,112
building,/content/CompositeTiles/Composite tiles29.TIF,175,69.96747967479675,70,3.3299209183939515,127.2439024390244,111,38.79597277386091,0,0,0,123
building,/content/CompositeTiles/Composite tiles29.TIF,176,71.88181818181818,71,4.019796055843941,132.76363636363635,119.5,38.22229888731714,0,0,0,110
not building,/content/CompositeTiles/Composite tiles29.TIF,177,25.280254777070063,0,33.12913056,44.24203821656051,0,87.05422582,0,0,0,157
building,/content/CompositeTiles/Composite tiles29.TIF,178,73.60952380952381,73,5.596759672,178.8190476190476,174,25.24537900285382,0,0,0,105
building,/content/CompositeTiles/Composite tiles29.TIF,179,79.96527777777777,73,19.681637379111514,172.00694444444446,170,26.115793573945126,0,0,0,144
not building,/content/CompositeTiles/Composite tiles29.TIF,180,133.15555555555557,143,27.150367753233148,140.75,139,38.07198955779549,0,0,0,180
building,/content/CompositeTiles/Composite tiles29.TIF,181,66.67938931,65,4.913398376,162.4885496183206,158,26.11348293556729,0,0,0,131
building,/content/CompositeTiles/Composite tiles29.TIF,182,71.84782608695652,69,8.423485263,136.2826086956522,119,43.81575210269866,0,0,0,230
building,/content/CompositeTiles/Composite tiles29.TIF,183,73.06306306306307,72,10.090830088694682,123.27927927927928,114,29.2029775,0,0,0,111
building,/content/CompositeTiles/Composite tiles29.TIF,184,74.29012345679013,73,6.7262908704312885,169.62962962962962,166,23.561290939314496,0,0,0,162
building,/content/CompositeTiles/Composite tiles29.TIF,185,68.83168316831683,68,3.3657250463661605,131.07920792079207,124,27.763742710117462,0,0,0,101
building,/content/CompositeTiles/Composite tiles29.TIF,186,67.38427947598254,65,5.984763553100657,178.22707423580786,174,20.227547490145824,0,0,0,229
building,/content/CompositeTiles/Composite tiles29.TIF,187,80.25210084033614,76,16.049931797752922,177.9327731092437,170,32.17356582177388,0,0,0,119
not building,/content/CompositeTiles/Composite tiles29.TIF,188,158.0686274509804,157,9.830185408980482,123.72549019607843,98.5,63.85126050358726,0,0,0,102
building,/content/CompositeTiles/Composite tiles29.TIF,189,84.4,75,23.57367728780483,149.6782608695652,145,24.28223463181582,0,0,0,115
building,/content/CompositeTiles/Composite tiles29.TIF,190,72.31472081218274,70,9.578552424370795,101.94416243654823,92,37.107771825889024,0,0,0,197
building,/content/CompositeTiles/Composite tiles29.TIF,191,81.08387096774193,76,16.287717453784566,193.69677419354838,183,40.96660704549474,0,0,0,155
not building,/content/CompositeTiles/Composite tiles29.TIF,192,162.49769585253455,164,11.970441484978002,201.8110599078341,214,56.22548635,0,0,0,217
not building,/content/CompositeTiles/Composite tiles29.TIF,193,156.1320754716981,157,7.181048790403326,165.52830188679246,153,46.089987360079206,0,0,0,318
building,/content/CompositeTiles/Composite tiles29.TIF,194,71.44084278768233,70,7.839153979109315,139.62722852512155,132,29.19265528287542,0,0,0,617
not building,/content/CompositeTiles/Composite tiles29.TIF,195,146.96116504854368,150,16.41803550686859,120,103,49.10460401960625,0,0,0,103
not building,/content/CompositeTiles/Composite tiles29.TIF,196,78.13084112149532,67,22.256400575614965,157.01869158878506,154,58.44847260356706,0,0,0,107
not building,/content/CompositeTiles/Composite tiles29.TIF,197,127.0952380952381,134,24.095849794607016,232.25396825396825,251.5,34.612351338869495,0,0,0,252
not building,/content/CompositeTiles/Composite tiles29.TIF,198,150.4108527131783,154,13.536406495937829,242.90697674418604,255,33.17102542987218,0,0,0,129
building,/content/CompositeTiles/Composite tiles29.TIF,199,69.76190476190476,70,3.5860810537776526,156.48214285714286,145,43.57860621013121,0,0,0,168
building,/content/CompositeTiles/Composite tiles29.TIF,200,80.71428571428571,71,20.43643047734142,125.18796992481202,108,35.107172194408044,0,0,0,133
building,/content/CompositeTiles/Composite tiles29.TIF,201,73.92825112107623,74,2.5277402818434296,103.83856502242152,102,11.312953078567935,0,0,0,223
not building,/content/CompositeTiles/Composite tiles29.TIF,202,76.55570707759443,69,18.93860433528993,229.09259511795992,255,46.07224910935724,0,0,0,7333
building,/content/CompositeTiles/Composite tiles29.TIF,203,71.28888888888889,70,3.600137171597908,132.92222222222222,129.5,18.195987211945493,0,0,0,90
not building,/content/CompositeTiles/Composite tiles29.TIF,204,110.08333333333333,112,18.804734923831166,151.10416666666666,144.5,28.360947021780184,0,0,0,96
not building,/content/CompositeTiles/Composite tiles29.TIF,205,132.8235294117647,137,20.805076569738077,119.15294117647059,99,56.99215753734232,0,0,0,85
not building,/content/CompositeTiles/Composite tiles29.TIF,206,139.6865671641791,142,9.869611063461237,181.38805970149255,176,41.76156743,0,0,0,67
not building,/content/CompositeTiles/Composite tiles29.TIF,207,142.85,145,11.008822219777494,102.06666666666666,94.5,27.85131155898328,0,0,0,60
not building,/content/CompositeTiles/Composite tiles29.TIF,208,125.87628865979381,127,8.835562785,214.68041237113403,212,38.46501862162436,0,0,0,97
not building,/content/CompositeTiles/Composite tiles29.TIF,209,120.93939393939394,121,14.649313550862322,255,255,0,0,0,0,99
building,/content/CompositeTiles/Composite tiles29.TIF,210,73.58730158730158,74,4.420855769468387,176.63492063492063,173,22.703262885070547,0,0,0,63
not building,/content/CompositeTiles/Composite tiles29.TIF,211,148.33333333333334,149,5.203783727189773,181.61904761904762,177,30.78647846434905,0,0,0,42
building,/content/CompositeTiles/Composite tiles29.TIF,212,74.92929292929293,71,11.313041125181638,136.03030303030303,130,28.567288825110158,0,0,0,99
not building,/content/CompositeTiles/Composite tiles29.TIF,213,100,98,30.151291265275916,213.9689781021898,255,50.72784965945741,0,0,0,1096
building,/content/CompositeTiles/Composite tiles29.TIF,214,72.81818181818181,68,13.74586338978307,204.8181818181818,200,14.61517381987378,0,0,0,55
building,/content/CompositeTiles/Composite tiles29.TIF,215,82.03125,77,16.840212986702394,180.125,180,14.796008752362916,0,0,0,32
building,/content/CompositeTiles/Composite tiles29.TIF,216,92.22680412371135,81,30.03245843898677,145.97938144329896,146,38.151618139047486,0,0,0,97
not building,/content/CompositeTiles/Composite tiles29.TIF,217,136.9079365079365,141,25.212640452740036,164.55238095238096,159,56.38259006630535,0,0,0,315
building,/content/CompositeTiles/Composite tiles29.TIF,218,76.70512821,76,5.758180300075609,131.35897435897436,126,22.258374603139856,0,0,0,78
building,/content/CompositeTiles/Composite tiles29.TIF,219,70.43478260869566,69,8.177785854036541,132.1413043478261,126,26.229580679959465,0,0,0,92
not building,/content/CompositeTiles/Composite tiles29.TIF,220,142.8,141,9.234235816303974,105.81111111111112,92,47.62466551517289,0,0,0,90
building,/content/CompositeTiles/Composite tiles29.TIF,221,67.48235294117647,67,3.5267440898699363,130.35294117647058,128,21.863590944685637,0,0,0,85
building,/content/CompositeTiles/Composite tiles29.TIF,222,70.40740741,65,15.9890223,188.24074074074073,187.5,13.7557196,0,0,0,54
building,/content/CompositeTiles/Composite tiles29.TIF,223,71.49206349,72,5.479754993575857,159.1904761904762,162,29.161758576349712,0,0,0,63
not building,/content/CompositeTiles/Composite tiles29.TIF,224,121.63829787234043,137.5,29.211936886780194,166.93617021276594,152.5,40.732601953821636,0,0,0,94
not building,/content/CompositeTiles/Composite tiles29.TIF,225,153.45901639344262,157,10.569944663055674,90.26229508196721,74,42.27656857492462,0,0,0,61
building,/content/CompositeTiles/Composite tiles29.TIF,226,71.50537634408602,70,8.244416365180202,159.36559139784947,159,26.42082306,0,0,0,93
building,/content/CompositeTiles/Composite tiles29.TIF,227,78.4,74,11.729165926583754,186.4,182,15.72598698545394,0,0,0,15
not building,/content/CompositeTiles/Composite tiles29.TIF,228,154,158,9.643650760992955,128.9090909090909,117.5,44.86232382716653,0,0,0,22
not building,/content/CompositeTiles/Composite tiles29.TIF,229,158.01818181818183,159,13.65526770474143,145.77575757575758,132.5,58.682954162810894,0,0,0,330
not building,/content/CompositeTiles/Composite tiles29.TIF,230,154.55,166,20.525126877399156,116.975,99,55.766695930456564,0,0,0,120
not building,/content/CompositeTiles/Composite tiles29.TIF,231,75.60756821950852,69,15.998207253304086,254.95778682345846,255,1.2105484109419944,0,0,0,6633
building,/content/CompositeTiles/Composite tiles29.TIF,232,76.63736263736264,70,16.052466506939243,131.28571428571428,125,24.460457308532547,0,0,0,91
not building,/content/CompositeTiles/Composite tiles29.TIF,233,159.86112115732368,160,12.093617202606799,131.94358047016274,113,65.59840887717019,0,0,0,2765
building,/content/CompositeTiles/Composite tiles29.TIF,234,70.40349417637272,71,7.531702565234775,178.81239600665558,180,75.96059744607419,0,0,0,7212
not building,/content/CompositeTiles/Composite tiles29.TIF,235,96.27777777777777,99.5,18.458077291092664,125.30555555555556,117,33.95161544548395,0,0,0,36
not building,/content/CompositeTiles/Composite tiles29.TIF,236,152.81171548117155,154,16.350910542802875,145.2133891213389,127,71.10816746636489,0,0,0,717
building,/content/CompositeTiles/Composite tiles29.TIF,237,151.0344827586207,150,3.4087388568985926,177.58620689655172,177,13.825307233299549,0,0,0,29
not building,/content/CompositeTiles/Composite tiles29.TIF,238,103.60776045590018,90,37.525480787773844,224.30180051092262,255,54.00758584639856,0,0,0,244264
building,/content/CompositeTiles/Composite tiles29.TIF,239,72.93478260869566,72,5.965123905973001,119.95652173913044,117,19.83459485643941,0,0,0,92
not building,/content/CompositeTiles/Composite tiles29.TIF,240,62.056603773584904,61,3.5042566802020194,187.81132075471697,183,13.570301374239353,0,0,0,53
not building,/content/CompositeTiles/Composite tiles29.TIF,241,159.1012658227848,160,8.117171884982534,127.12658227848101,105,61.58052607859605,0,0,0,79
not building,/content/CompositeTiles/Composite tiles29.TIF,242,119.93846153846154,124,18.67279133109655,92.52307692307693,68,49.42970383586954,0,0,0,65
building,/content/CompositeTiles/Composite tiles29.TIF,243,69.56410256410257,68,7.549137739163673,110.76923076923077,97,34.33056613577987,0,0,0,78
not building,/content/CompositeTiles/Composite tiles29.TIF,244,142.83333333333334,148,19.501095739540766,137.23076923076923,124.5,30.08190659742978,0,0,0,78
building,/content/CompositeTiles/Composite tiles29.TIF,245,65.49206349,63,5.362636806625848,141.61904761904762,134,29.049726699492247,0,0,0,63
building,/content/CompositeTiles/Composite tiles29.TIF,246,71.6,70,5.7436921923097515,137.6,134,20.291377479116594,0,0,0,40
not building,/content/CompositeTiles/Composite tiles29.TIF,247,151.82022471910113,152,8.026027600913476,153.2134831460674,138,52.11751455914557,0,0,0,89
not building,/content/CompositeTiles/Composite tiles29.TIF,248,105.82558139534883,115.5,23.20645051687595,111.22093023255815,98.5,38.220109513549154,0,0,0,86
not building,/content/CompositeTiles/Composite tiles29.TIF,249,170.76712328767124,167,11.20728792721193,196.6027397260274,200,39.384907660143256,0,0,0,73
building,/content/CompositeTiles/Composite tiles29.TIF,250,72.56521739130434,71,4.616379976039212,173.1413043478261,167,30.93772901425614,0,0,0,92
building,/content/CompositeTiles/Composite tiles29.TIF,251,64.40740741,64,4.057542215925696,212.22222222222223,204,17.91819545587841,0,0,0,27
building,/content/CompositeTiles/Composite tiles29.TIF,252,69.46428571428571,69,3.262143717,162.39285714285714,162.5,17.430144835301622,0,0,0,56
building,/content/CompositeTiles/Composite tiles29.TIF,253,66.57777777777778,64,7.886666353589424,218.75555555555556,212,16.500714537465143,0,0,0,45
building,/content/CompositeTiles/Composite tiles30.TIF,0,70.57083333333334,71,3.335600791295159,130.82916666666668,120,17.801392248142342,0,0,0,960
building,/content/CompositeTiles/Composite tiles30.TIF,1,81.48982035928144,84,6.066563260041759,121.10419161676647,119,15.840746947902256,0,0,0,835
building,/content/CompositeTiles/Composite tiles30.TIF,2,78.16839916839916,83,9.404223369734362,58.18794178794179,49,31.91606097491693,0,0,0,2405
building,/content/CompositeTiles/Composite tiles30.TIF,3,71.97841726618705,68,9.886988004,141.27098321342925,147,29.83408874210273,0,0,0,417
building,/content/CompositeTiles/Composite tiles30.TIF,4,66.09352517985612,64,6.303923736815175,113.74820143884892,108,17.963763228542206,0,0,0,417
building,/content/CompositeTiles/Composite tiles30.TIF,5,82.85460992907801,84,3.8853420703810677,132.4255319148936,129,12.868530002816119,0,0,0,282
building,/content/CompositeTiles/Composite tiles30.TIF,6,67.75324675324676,67,6.465863238406534,129.16512059369202,126,12.795110402703374,0,0,0,539
building,/content/CompositeTiles/Composite tiles30.TIF,7,71.40859030837004,72,2.6799576307541417,101.79185022026432,101,10.659201093061514,0,0,0,908
not building,/content/CompositeTiles/Composite tiles30.TIF,8,0.3565380997177799,0,6.745510944266758,0.028222013170272814,0,0.5304937791108818,0,0,0,3189
building,/content/CompositeTiles/Composite tiles30.TIF,9,59.87692307692308,59,2.9966187388250964,132.74358974358975,129,19.180810320464523,0,0,0,195
building,/content/CompositeTiles/Composite tiles30.TIF,10,65.47752808988764,63,6.646114904804358,143.41011235955057,135.5,25.046368437310186,0,0,0,178
building,/content/CompositeTiles/Composite tiles30.TIF,11,65.9047619,65,4.077480881639551,163.5185185185185,152,19.949829292765983,0,0,0,189
building,/content/CompositeTiles/Composite tiles30.TIF,12,62.91256830601093,63,2.388040663922498,189.55464480874318,189,5.448819770895078,0,0,0,366
building,/content/CompositeTiles/Composite tiles30.TIF,13,62.19784946236559,61,4.801388206396273,150.89247311827958,149,28.685863426962637,0,0,0,465
building,/content/CompositeTiles/Composite tiles30.TIF,14,64.95461912,62,12.59278235659387,120.19286871961103,118,15.850090297375388,0,0,0,617
building,/content/CompositeTiles/Composite tiles30.TIF,15,70.49162011173185,70,5.784170959445021,81.12849162011173,77,17.24908623484388,0,0,0,179
building,/content/CompositeTiles/Composite tiles30.TIF,16,64.81407035,64,3.1607840473600217,145.22613065326632,140,12.746232889263865,0,0,0,199
building,/content/CompositeTiles/Composite tiles30.TIF,17,69.30862831858407,68,9.617628352,143.83738938053096,138,23.510708731194665,0,0,0,904
building,/content/CompositeTiles/Composite tiles30.TIF,18,69.66153846153846,69.5,6.111217738595206,148.95384615384614,145,21.40843167412228,0,0,0,130
building,/content/CompositeTiles/Composite tiles30.TIF,19,66.10638298,66,4.946453887998276,125.66090425531915,106,50.66901528370785,0,0,0,752
building,/content/CompositeTiles/Composite tiles30.TIF,20,68.38554217,69,2.243229842824822,149.00602409638554,143,21.68601153371415,0,0,0,166
building,/content/CompositeTiles/Composite tiles30.TIF,21,68.87727272727273,69,2.7647837032252327,152.41363636363636,145.5,26.10166827574168,0,0,0,220
building,/content/CompositeTiles/Composite tiles30.TIF,22,72.89579524680073,70,8.786005609415431,127.23400365630712,117,31.886855719875697,0,0,0,547
building,/content/CompositeTiles/Composite tiles30.TIF,23,66.47777777777777,64,7.036246544294675,206.45925925925926,203,37.84368687758026,0,0,0,270
building,/content/CompositeTiles/Composite tiles30.TIF,24,72.45078459343794,71,8.070971925951149,125.98573466476462,117,36.15195891182278,0,0,0,701
building,/content/CompositeTiles/Composite tiles30.TIF,25,70.76875,70,3.7520359056784085,170.6375,169,22.72979528614369,0,0,0,160
not building,/content/CompositeTiles/Composite tiles30.TIF,26,143.79617834394904,153,25.771510839637976,220.44585987261146,255,53.03626867494786,0,0,0,471
building,/content/CompositeTiles/Composite tiles30.TIF,27,75.67164179104478,74,8.406443974,183.39800995024876,187,11.822518189379512,0,0,0,201
building,/content/CompositeTiles/Composite tiles30.TIF,28,96.68421053,83,32.037423704315145,95.01503759398496,87,22.524835069837888,0,0,0,133
building,/content/CompositeTiles/Composite tiles30.TIF,29,67.19196428571429,67,3.0943104006979243,96.71428571428571,90,20.34937195039469,0,0,0,224
not building,/content/CompositeTiles/Composite tiles30.TIF,30,138.1851851851852,141,14.321057592725897,178.76719576719577,168,53.294318895430244,0,0,0,189
not building,/content/CompositeTiles/Composite tiles30.TIF,31,136.76470588235293,147,26.677605527449437,201.5441176470588,212,56.39251458032388,0,0,0,136
not building,/content/CompositeTiles/Composite tiles30.TIF,32,137.99528301886792,149,27.224347046159096,145.04716981132074,124,57.95507076899388,0,0,0,212
building,/content/CompositeTiles/Composite tiles30.TIF,33,80.60493827160494,71,23.99713409449712,89.62654320987654,80,24.844318458262048,0,0,0,324
not building,/content/CompositeTiles/Composite tiles30.TIF,34,133.19360568383658,143,31.239233228152077,124.67495559502665,112,39.42093097664645,0,0,0,563
not building,/content/CompositeTiles/Composite tiles30.TIF,35,92.71081967213115,72,34.86039108416961,238.33836065573772,255,44.13776796856606,0,0,0,1525
not building,/content/CompositeTiles/Composite tiles30.TIF,36,93.84942084942085,97,21.39129179197576,143.16216216216216,131,38.48487589359139,0,0,0,259
building,/content/CompositeTiles/Composite tiles30.TIF,37,71.98095238095237,72,1.3982820687415585,98.68888888888888,101,7.517072866463236,0,0,0,315
not building,/content/CompositeTiles/Composite tiles30.TIF,38,160.5566343042071,159,11.373656455335777,115.13592233009709,108,39.974842058625946,0,0,0,309
not building,/content/CompositeTiles/Composite tiles30.TIF,39,138.24848484848485,145,18.68280884099509,202.45454545454547,225,55.806533183898004,0,0,0,165
not building,/content/CompositeTiles/Composite tiles30.TIF,40,126.47045951859957,139,29.499243442566623,219.5164113785558,255,51.87618078938035,0,0,0,457
building,/content/CompositeTiles/Composite tiles30.TIF,41,66.66903914590748,66,3.828261938297651,122.04626334519573,118,26.381569012215852,0,0,0,281
building,/content/CompositeTiles/Composite tiles30.TIF,42,66.47524752475248,67,2.299350142397925,102.81386138613861,99,18.96565436481791,0,0,0,505
building,/content/CompositeTiles/Composite tiles30.TIF,43,70.35221674876847,68,8.722406597919171,104.98029556650246,101,19.799539874021953,0,0,0,812
building,/content/CompositeTiles/Composite tiles30.TIF,44,68.70018622,68,5.824358082992173,113.0707635009311,107,31.287854122936963,0,0,0,537
building,/content/CompositeTiles/Composite tiles30.TIF,45,67.13609467455622,67,3.212282108729916,90.48816568047337,87,15.81666904604743,0,0,0,338
building,/content/CompositeTiles/Composite tiles30.TIF,46,64.26815642458101,64,3.233145805057421,165.0167597765363,159,13.756653996003404,0,0,0,179
not building,/content/CompositeTiles/Composite tiles30.TIF,47,63.84482759,62,6.762094463,161.02586206896552,155,12.171165194338279,0,0,0,232
building,/content/CompositeTiles/Composite tiles30.TIF,48,68.24761146496816,67,4.2733056047649685,61.503184713375795,55,23.65311258757567,0,0,0,1256
building,/content/CompositeTiles/Composite tiles30.TIF,49,73.13571428571429,71,6.780445322802199,131.57142857142858,122.5,27.91239940987386,0,0,0,140
building,/content/CompositeTiles/Composite tiles30.TIF,50,65.51829268292683,65,3.950104291577211,168.5121951219512,165,11.471857295816836,0,0,0,164
building,/content/CompositeTiles/Composite tiles30.TIF,51,61.72490347490348,61,5.29666223,87.79440154440154,88,10.855100731938796,0,0,0,1036
building,/content/CompositeTiles/Composite tiles30.TIF,52,69.44273743,68,6.050376533210716,79.38268156424581,74,25.578096678226892,0,0,0,716
building,/content/CompositeTiles/Composite tiles30.TIF,53,70.21052631578948,69,5.316473379663995,128.9671052631579,123,27.00497463021199,0,0,0,304
building,/content/CompositeTiles/Composite tiles30.TIF,54,64.50912778904666,63,4.880978712781209,95.68762677484787,87,26.735421214408024,0,0,0,493
building,/content/CompositeTiles/Composite tiles30.TIF,55,61.3,60,4.410539325621884,119.2,117,18.507218668863857,0,0,0,140
building,/content/CompositeTiles/Composite tiles30.TIF,56,63.81097561,64,3.737695458550433,90.30081300813008,87,14.609933673382772,0,0,0,492
not building,/content/CompositeTiles/Composite tiles30.TIF,57,137.50292397660817,154,33.837654078786606,135.69590643274853,111,63.52695183127947,0,0,0,171
not building,/content/CompositeTiles/Composite tiles30.TIF,58,81.14181818181818,67,29.051394527060868,242.70181818181817,255,28.206482110639946,0,0,0,275
not building,/content/CompositeTiles/Composite tiles30.TIF,59,148.4484944532488,152,23.06986824907511,70.96354992,58,34.23041533245389,0,0,0,631
not building,/content/CompositeTiles/Composite tiles30.TIF,60,63.875,62,8.044213758969859,179.45,176.5,12.061543571754543,0,0,0,120
building,/content/CompositeTiles/Composite tiles30.TIF,61,65.43779904,65,5.928376891869856,108.44976076555024,107,19.476488400664934,0,0,0,418
building,/content/CompositeTiles/Composite tiles30.TIF,62,61.140306122448976,61,3.1756741061919476,167.25510204081633,172,14.946033003463096,0,0,0,392
not building,/content/CompositeTiles/Composite tiles30.TIF,63,156.52061248527679,156,10.994799567444492,125.3321554770318,105,67.50057655519134,0,0,0,849
building,/content/CompositeTiles/Composite tiles30.TIF,64,75.28571428571429,69,19.081012394881082,85.9702381,81,19.349980188016833,0,0,0,168
building,/content/CompositeTiles/Composite tiles30.TIF,65,64.36681887,64,3.7644893394695864,88.63013698630137,82,19.28158415432354,0,0,0,657
building,/content/CompositeTiles/Composite tiles30.TIF,66,68.89473684210526,69,4.060006959316116,145.68421052631578,142,19.954560569820277,0,0,0,190
building,/content/CompositeTiles/Composite tiles30.TIF,67,85.64948453608247,80,18.06253431228317,91.66323024054982,85,24.078979194519068,0,0,0,291
building,/content/CompositeTiles/Composite tiles30.TIF,68,67.50625,68,1.3462766942571651,96.9375,93,16.682583545422453,0,0,0,160
not building,/content/CompositeTiles/Composite tiles30.TIF,69,125.54609929078015,142,30.655550369752145,114.86666666666666,97,52.86272153990183,0,0,0,705
not building,/content/CompositeTiles/Composite tiles30.TIF,70,130.98167539267016,150,37.156132713728155,111.29842931937172,95,41.68066016857142,0,0,0,382
building,/content/CompositeTiles/Composite tiles30.TIF,71,68.14127423822714,67,9.616726398892952,145.94182825484765,134,41.84219723238326,0,0,0,361
not building,/content/CompositeTiles/Composite tiles30.TIF,72,86.37190082644628,67,30.84596018967836,193.4214876033058,191,13.780302187018572,0,0,0,121
not building,/content/CompositeTiles/Composite tiles30.TIF,73,113.81663837011885,118,10.66102154,254.99660441426147,255,0.082338578,0,0,0,589
not building,/content/CompositeTiles/Composite tiles30.TIF,74,89.38197424892704,87,26.278551143082343,202.91845493562232,191,24.403567832074565,0,0,0,233
building,/content/CompositeTiles/Composite tiles30.TIF,75,64.95163806552262,65,4.712565070917385,129.64118564742589,115,38.24955971724432,0,0,0,641
not building,/content/CompositeTiles/Composite tiles30.TIF,76,144.2715736040609,144,15.668515880885371,141.80964467005077,133,42.390699204678825,0,0,0,394
building,/content/CompositeTiles/Composite tiles30.TIF,77,64.90043923865301,62,12.259590315826259,124.33821376281112,120,21.224411779234554,0,0,0,683
not building,/content/CompositeTiles/Composite tiles30.TIF,78,139.3523316062176,141,15.055861690635654,232.8575129533679,255,38.476396210107694,0,0,0,386
building,/content/CompositeTiles/Composite tiles30.TIF,79,73.01639344262296,71,6.505966500643696,140.48360655737704,129,30.424115113432087,0,0,0,122
building,/content/CompositeTiles/Composite tiles30.TIF,80,62.65594059405941,61,4.827770261667515,110.34529702970298,105,28.14365249753259,0,0,0,808
building,/content/CompositeTiles/Composite tiles30.TIF,81,81.03318584070796,75,18.055378320893638,89.43362831858407,83,23.005819235439354,0,0,0,452
not building,/content/CompositeTiles/Composite tiles30.TIF,82,111.42660550458716,119,28.869896309862852,241.78134556574923,255,27.056338673398447,0,0,0,654
not building,/content/CompositeTiles/Composite tiles30.TIF,83,125.99622641509434,138,34.47837693868571,172.7811320754717,164,54.74404613652201,0,0,0,265
building,/content/CompositeTiles/Composite tiles30.TIF,84,61.857142857142854,61,2.993416813223156,88.23174603174603,86,10.179357035185761,0,0,0,315
building,/content/CompositeTiles/Composite tiles30.TIF,85,64.53676470588235,63,9.288598393789414,128.9191176470588,127,17.411564424026967,0,0,0,136
building,/content/CompositeTiles/Composite tiles30.TIF,86,67.14738929279576,65,5.972958018178074,212.94580304031726,196,40.936101577043765,0,0,0,1513
building,/content/CompositeTiles/Composite tiles30.TIF,87,64.26072607260726,62,7.025743008348171,113.68646864686468,111,15.91533027287092,0,0,0,303
not building,/content/CompositeTiles/Composite tiles30.TIF,88,122.20874065554916,124,21.242368005275587,248.30362277170786,255,33.19773376,0,0,0,1739
not building,/content/CompositeTiles/Composite tiles30.TIF,89,128.48648648648648,130,16.48360630579401,225.375,242.5,34.40976129381454,0,0,0,296
building,/content/CompositeTiles/Composite tiles30.TIF,90,63.75268817204301,63,8.328156560635868,149.4247311827957,128,38.78098457637046,0,0,0,186
not building,/content/CompositeTiles/Composite tiles30.TIF,91,160.29517778860205,161,12.260707563440779,138.7520701412567,119,67.06979158209028,0,0,0,2053
building,/content/CompositeTiles/Composite tiles30.TIF,92,65.41139241,65,3.0752786162455674,187.9240506329114,198,32.10614206465669,0,0,0,158
building,/content/CompositeTiles/Composite tiles30.TIF,93,71.38271604938272,71,2.531616871,178.0679012345679,177,25.188701793945622,0,0,0,162
not building,/content/CompositeTiles/Composite tiles30.TIF,94,146.46153846153845,147,21.450176203742423,174.96153846153845,167.5,52.04161114,0,0,0,130
building,/content/CompositeTiles/Composite tiles30.TIF,95,74.19078947,75,6.233117780971907,111.78947368421052,102,31.298779104099285,0,0,0,152
building,/content/CompositeTiles/Composite tiles30.TIF,96,70.57727272727273,70,3.7115828304697733,112.96136363636364,110,15.324841922795734,0,0,0,440
building,/content/CompositeTiles/Composite tiles30.TIF,97,63.04470588235294,61,6.526714440212858,90.01882352941176,83,22.91487312599882,0,0,0,425
building,/content/CompositeTiles/Composite tiles30.TIF,98,65.07455429497568,62,13.332341498238717,119.89951377633712,109,33.58136228318292,0,0,0,617
not building,/content/CompositeTiles/Composite tiles30.TIF,99,143.2280701754386,153,25.97638437886582,208.37719298245614,223,48.37543061159761,0,0,0,114
not building,/content/CompositeTiles/Composite tiles30.TIF,100,96.98611111111111,88,19.86586481572205,85.48263888888889,79.5,29.276217665778535,0,0,0,288
not building,/content/CompositeTiles/Composite tiles30.TIF,101,82.67407407407407,68,23.022317555453505,177.72592592592594,169,22.252899812576945,0,0,0,135
building,/content/CompositeTiles/Composite tiles30.TIF,102,64.50439882697947,65,3.7429281908834504,90.84457478005865,88,15.840551034520626,0,0,0,341
not building,/content/CompositeTiles/Composite tiles30.TIF,103,141.75294117647059,154,27.33664030407151,192.57254901960783,195,58.32916762189637,0,0,0,255
building,/content/CompositeTiles/Composite tiles30.TIF,104,68.9706499,69,4.5781334937102525,62.78825995807128,59,13.804080933962014,0,0,0,477
not building,/content/CompositeTiles/Composite tiles30.TIF,105,1.506064690026954,0,14.916861816549627,0.091644205,0,0.8885071780718962,0,0,0,1484
building,/content/CompositeTiles/Composite tiles30.TIF,106,69.09736842105264,69,3.0014897039992157,84.73157894736842,80.5,19.41476791765482,0,0,0,380
building,/content/CompositeTiles/Composite tiles30.TIF,107,60.64363636363636,59,5.328508699315193,137.7,133.5,21.66989952571413,0,0,0,550
building,/content/CompositeTiles/Composite tiles30.TIF,108,63.62212943632568,65,10.948074961431201,121.81054279749478,121,9.219720712609643,0,0,0,1916
building,/content/CompositeTiles/Composite tiles30.TIF,109,70.08978328173374,70,3.0589645371792886,135.93808049535605,133,17.600024768655796,0,0,0,323
building,/content/CompositeTiles/Composite tiles30.TIF,110,71.72,73,4.713793123805401,103.22666666666667,103,8.086626892773277,0,0,0,2850
not building,/content/CompositeTiles/Composite tiles30.TIF,111,1.8826486013986015,0,15.365342369493877,0.6340690559440559,0,11.34679366769262,0,0,0,9152
building,/content/CompositeTiles/Composite tiles30.TIF,112,62.775784753363226,63,2.7939630930504573,164.4304932735426,165,6.885571007366665,0,0,0,223
building,/content/CompositeTiles/Composite tiles30.TIF,113,61.67433831990794,61,4.775854805073274,149.51668584579977,149,27.00387834,0,0,0,869
building,/content/CompositeTiles/Composite tiles30.TIF,114,67.51505791505791,69,5.2241979577409925,59.52046332046332,58,11.088315451576669,0,0,0,1295
building,/content/CompositeTiles/Composite tiles30.TIF,115,62.12288136,62,3.031918087780132,130.60593220338984,126,20.36139081682299,0,0,0,236
not building,/content/CompositeTiles/Composite tiles30.TIF,116,143.00675675675674,153.5,25.09428076911572,159.43243243243242,139.5,63.813300545542276,0,0,0,148
building,/content/CompositeTiles/Composite tiles30.TIF,117,68.96036036036035,65,16.394194090291247,130.77207207207206,126,22.551908775095093,0,0,0,1110
building,/content/CompositeTiles/Composite tiles30.TIF,118,71.53830228,73,3.3718401329842687,102.87232574189096,103,6.104189708391411,0,0,0,1449
building,/content/CompositeTiles/Composite tiles30.TIF,119,62.49185667752443,62,2.870000761382851,141.30944625407167,130,38.219305565831625,0,0,0,307
building,/content/CompositeTiles/Composite tiles30.TIF,120,62.974554707379134,62,3.5012704154087073,146.46564885496184,163,26.570554511952245,0,0,0,393
building,/content/CompositeTiles/Composite tiles30.TIF,121,76.57916666666667,72,12.252635062394628,103.1375,97,20.96648739655739,0,0,0,240
building,/content/CompositeTiles/Composite tiles30.TIF,122,66.33376792698827,66,3.421032311147127,146.20208604954368,144,16.50086626710717,0,0,0,767
not building,/content/CompositeTiles/Composite tiles30.TIF,123,147.25133689839572,148,7.118247683549683,125.32620320855615,113,47.25689841,0,0,0,187
building,/content/CompositeTiles/Composite tiles30.TIF,124,75.3963964,70,15.761327560630816,111.14714714714715,104,25.84916921137481,0,0,0,333
building,/content/CompositeTiles/Composite tiles30.TIF,125,68.19148936170212,68,3.1988803307492146,154.36524822695034,153,12.776221740391797,0,0,0,282
building,/content/CompositeTiles/Composite tiles30.TIF,126,66.95395241749809,67,6.816261826250396,60.190074187771806,58,12.165102120957492,0,0,0,3909
building,/content/CompositeTiles/Composite tiles30.TIF,127,68.55333333333333,69,2.7869617068692487,133.42666666666668,123,20.58424856264831,0,0,0,150
building,/content/CompositeTiles/Composite tiles30.TIF,128,67.38121546961327,68,3.9871082303003784,59.32504604051565,59,8.625642674841668,0,0,0,1086
building,/content/CompositeTiles/Composite tiles30.TIF,129,66.66666666666667,65,4.8517311748440815,117.39024390243902,114,24.47286007863234,0,0,0,123
building,/content/CompositeTiles/Composite tiles30.TIF,130,70.77446808510638,70,7.046667179176821,213.63829787234042,206,33.80785854251081,0,0,0,235
building,/content/CompositeTiles/Composite tiles30.TIF,131,69.03882352941176,69,3.9618354070288615,73.14117647058823,68,22.97791929410723,0,0,0,850
not building,/content/CompositeTiles/Composite tiles30.TIF,132,1.0009293680297398,0,12.372584780669813,0.065055762,0,0.8039436352368257,0,0,0,1076
building,/content/CompositeTiles/Composite tiles30.TIF,133,66.84475965327029,67,4.085610418466845,95.82190701339637,92,19.76045973902775,0,0,0,1269
building,/content/CompositeTiles/Composite tiles30.TIF,134,60.03174603174603,58,5.592918578096271,97.03637566137566,96,21.572368044668757,0,0,0,1512
building,/content/CompositeTiles/Composite tiles30.TIF,135,69.74179743223966,69,7.204399644,103.0228245363766,103,19.09693102,0,0,0,701
building,/content/CompositeTiles/Composite tiles30.TIF,136,60.40559440559441,60,4.509256621224015,125.04895104895105,124,17.818717538136617,0,0,0,715
building,/content/CompositeTiles/Composite tiles30.TIF,137,67.86297376093295,66,8.428841186752667,160.85131195335276,157,46.34625094236738,0,0,0,343
building,/content/CompositeTiles/Composite tiles30.TIF,138,69.57552083333333,71,3.181902722753474,142.19010416666666,139,10.352274608629866,0,0,0,384
building,/content/CompositeTiles/Composite tiles30.TIF,139,66.84342857142857,67,5.328580589804457,120.17028571428571,97,52.12083353602277,0,0,0,1750
building,/content/CompositeTiles/Composite tiles30.TIF,140,66.55646817,67,4.127883131627033,86.80082135523614,86,17.11836314064237,0,0,0,487
not building,/content/CompositeTiles/Composite tiles30.TIF,141,154.42131979695432,155,13.860074943735091,144.64720812182742,132,47.01808599876373,0,0,0,394
building,/content/CompositeTiles/Composite tiles30.TIF,142,67.81282051282051,68,4.832936119160579,111.22564102564102,109,10.049638798170882,0,0,0,390
not building,/content/CompositeTiles/Composite tiles30.TIF,143,1.9320843091334894,0,16.440750464239652,0.32708821233411395,0,7.200103544610212,0,0,0,2562
building,/content/CompositeTiles/Composite tiles30.TIF,144,66.42923434,66,2.5413479292992456,124.05568445475637,121,17.815284736404813,0,0,0,431
building,/content/CompositeTiles/Composite tiles30.TIF,145,65.85232067510549,60,17.71740559052574,110.32278481012658,107,14.940643031200526,0,0,0,474
building,/content/CompositeTiles/Composite tiles30.TIF,146,66.10204081632654,66,2.1661513286261775,127.16909620991254,126,14.970738457749352,0,0,0,343
building,/content/CompositeTiles/Composite tiles30.TIF,147,62.19940915805022,62,6.9233063629360805,110.00295420974889,119,30.412282611891445,0,0,0,677
building,/content/CompositeTiles/Composite tiles30.TIF,148,63.74803972817564,64,6.517360111846358,124.72242550967067,116,46.66705154516736,0,0,0,1913
building,/content/CompositeTiles/Composite tiles30.TIF,149,66.47058823529412,65,6.428031883936853,95.74531351001939,88,31.231310155293304,0,0,0,1547
building,/content/CompositeTiles/Composite tiles30.TIF,150,59.78181818181818,59,3.633301741212767,148.4,146,18.207823826170127,0,0,0,165
building,/content/CompositeTiles/Composite tiles30.TIF,151,67.83503054989816,67,7.218955229955462,121.17718940936864,110,38.77570324259786,0,0,0,491
building,/content/CompositeTiles/Composite tiles30.TIF,152,65.33005464480874,65,4.353294524961258,72,69,12.700329155409229,0,0,0,915
building,/content/CompositeTiles/Composite tiles30.TIF,153,69.28627450980392,67,10.693245432768702,118.37647058823529,120,13.970256755613418,0,0,0,255
building,/content/CompositeTiles/Composite tiles30.TIF,154,64.24901703800786,64,4.539572147837722,102.38925294888598,95,32.256272148046406,0,0,0,1526
building,/content/CompositeTiles/Composite tiles30.TIF,155,56.858108108108105,56,4.871793427016363,109.6036036036036,107.5,16.19825331439981,0,0,0,444
building,/content/CompositeTiles/Composite tiles30.TIF,156,63.13953488372093,62,3.9053614231825398,123.17054263565892,121,17.798669069224786,0,0,0,129
building,/content/CompositeTiles/Composite tiles30.TIF,157,65.81367521367521,65,5.780706282564707,132.45811965811967,124,26.54791584626849,0,0,0,585
not building,/content/CompositeTiles/Composite tiles30.TIF,158,143.62569832402235,146,19.70932935486362,222.0614525139665,255,48.30052129808476,0,0,0,179
not building,/content/CompositeTiles/Composite tiles30.TIF,159,140.3846153846154,154,26.52839831500883,141.44230769230768,113,68.72867878100269,0,0,0,104
building,/content/CompositeTiles/Composite tiles30.TIF,160,62.96875,62,5.808046008555717,131.40625,118,34.283842199168696,0,0,0,128
building,/content/CompositeTiles/Composite tiles30.TIF,161,62.46116504854369,62,3.5671024658516877,102.18932038834951,104,13.769887031436255,0,0,0,206
building,/content/CompositeTiles/Composite tiles30.TIF,162,62.736363636363635,63,3.436904719305843,125.84545454545454,120,22.99335333353231,0,0,0,110
building,/content/CompositeTiles/Composite tiles30.TIF,163,57.32830820770519,56,4.977276941014441,108.04690117252932,106,13.118496587217077,0,0,0,597
not building,/content/CompositeTiles/Composite tiles30.TIF,164,145.31578947368422,155,27.31074669787417,183.50877192982455,180,60.54241840211889,0,0,0,171
building,/content/CompositeTiles/Composite tiles30.TIF,165,66.17647058823529,66,4.912079192870785,83.72268907563026,79,15.718064525657658,0,0,0,119
building,/content/CompositeTiles/Composite tiles30.TIF,166,69.30749354005168,68,4.302036134935296,96.69509043927648,94,14.161127113187414,0,0,0,387
building,/content/CompositeTiles/Composite tiles30.TIF,167,67.20388349514563,67,6.858287061892336,103.44660194174757,103,16.46457105738517,0,0,0,103
building,/content/CompositeTiles/Composite tiles30.TIF,168,66.76515151515152,63,12.748654027876736,125.45454545454545,127,9.254289452909765,0,0,0,132
building,/content/CompositeTiles/Composite tiles30.TIF,169,255,255,0,255,255,0,255,255,0,17075
building,/content/CompositeTiles/Composite tiles30.TIF,170,57.12125163,55,5.680971187702775,65.84876140808345,61,21.527837601965675,0,0,0,767
building,/content/CompositeTiles/Composite tiles30.TIF,171,66.32635983263599,65,2.767522291908568,93.14225941422595,87,23.50422050411215,0,0,0,239
building,/content/CompositeTiles/Composite tiles30.TIF,172,71.38251366120218,69,7.713172340956008,82.46448087431693,76,23.444332290210085,0,0,0,183
not building,/content/CompositeTiles/Composite tiles30.TIF,173,145.79898218829516,161,31.436317128243076,127.80407124681933,97,71.42735795436494,0,0,0,393
building,/content/CompositeTiles/Composite tiles30.TIF,174,67.29657794676807,67,2.641340626416972,82.26235741444867,77,22.521886046612295,0,0,0,263
building,/content/CompositeTiles/Composite tiles30.TIF,175,60.333333333333336,60,1.7823489211620929,187.625,188,15.137735684925492,0,0,0,264
building,/content/CompositeTiles/Composite tiles30.TIF,176,64.04216867,63,3.155321398554409,172.4578313253012,168,16.27608283357159,0,0,0,166
building,/content/CompositeTiles/Composite tiles30.TIF,177,61.599514563106794,61,4.9895327093381105,116.52184466019418,117,23.23031599146357,0,0,0,412
building,/content/CompositeTiles/Composite tiles30.TIF,178,68.40703518,68,5.10986343,106.20100502512562,92,41.869500526837065,0,0,0,199
not building,/content/CompositeTiles/Composite tiles30.TIF,179,146.80978260869566,155,22.742454839499057,244.82608695652175,255,22.917436259060278,0,0,0,184
building,/content/CompositeTiles/Composite tiles30.TIF,180,63.45695364238411,63,3.3369992852320256,147.78807947019868,141,23.802056027704882,0,0,0,151
building,/content/CompositeTiles/Composite tiles30.TIF,181,61.99688473520249,60,4.446636477710672,141.13395638629282,139,22.088129899967733,0,0,0,321
building,/content/CompositeTiles/Composite tiles30.TIF,182,77.13333333333334,75,10.450730968586733,122.60888888888888,117,23.36622274635117,0,0,0,225
building,/content/CompositeTiles/Composite tiles30.TIF,183,63.13253012048193,62,4.212062667119681,120.3433734939759,115,18.919841645654618,0,0,0,166
not building,/content/CompositeTiles/Composite tiles30.TIF,184,119.57894736842105,132,31.956081357608163,138.98496240601503,115,67.86629768,0,0,0,133
building,/content/CompositeTiles/Composite tiles30.TIF,185,70.73529411764706,71,4.1854708325307195,108.31617647058823,100,31.65756628402887,0,0,0,136
building,/content/CompositeTiles/Composite tiles30.TIF,186,62.972972972972975,63,2.2554616772731735,140.2972972972973,130,26.15247894287576,0,0,0,296
building,/content/CompositeTiles/Composite tiles30.TIF,187,66.03333333333333,66,3.3464740980454173,150.98333333333332,146.5,43.45092698,0,0,0,120
building,/content/CompositeTiles/Composite tiles30.TIF,188,73.90131578947368,74,7.511184527459046,116.4407894736842,113,17.150162479141176,0,0,0,152
building,/content/CompositeTiles/Composite tiles30.TIF,189,65.74387527839643,66,1.8968651063427147,130.46993318485522,127,19.966778873171958,0,0,0,449
building,/content/CompositeTiles/Composite tiles30.TIF,190,67.29411764705883,68,4.892875717,164.94117647058823,161,25.79975883288773,0,0,0,187
building,/content/CompositeTiles/Composite tiles30.TIF,191,63.560810810810814,64,2.281613793951113,100.00675675675676,85.5,41.27159494059846,0,0,0,148
building,/content/CompositeTiles/Composite tiles30.TIF,192,76.18421053,69,21.37553355832427,120.68859649122807,98,47.77665924073806,0,0,0,228
building,/content/CompositeTiles/Composite tiles30.TIF,193,65.20121951219512,63,6.484672244805138,107.65853658536585,97,31.25825530460211,0,0,0,164
building,/content/CompositeTiles/Composite tiles30.TIF,194,67.49342105263158,66,5.670789314927299,128.1578947368421,117.5,37.20216909054567,0,0,0,152
building,/content/CompositeTiles/Composite tiles30.TIF,195,63.06565656565657,62,3.423881122740524,134.239899,132,17.883334716876984,0,0,0,396
not building,/content/CompositeTiles/Composite tiles30.TIF,196,142.69815668202764,152,26.55580414766926,202.76728110599078,205,43.928814834820514,0,0,0,434
building,/content/CompositeTiles/Composite tiles30.TIF,197,65.14444444444445,65,3.038863497761078,63.71666666666667,59,19.428294086489196,0,0,0,180
building,/content/CompositeTiles/Composite tiles30.TIF,198,69.35501355,69,5.322268304,156.57181571815718,140,36.44881130040666,0,0,0,369
building,/content/CompositeTiles/Composite tiles30.TIF,199,69.49206349,68,5.276852765340328,99.63095238095238,93.5,26.57130856347708,0,0,0,252
not building,/content/CompositeTiles/Composite tiles30.TIF,200,128.9108910891089,146,30.654284022122106,78.69306931,62,34.33317899187703,0,0,0,101
not building,/content/CompositeTiles/Composite tiles30.TIF,201,137.43014705882354,151,33.21074304950045,201.36029411764707,255,63.90669970026744,0,0,0,816
building,/content/CompositeTiles/Composite tiles30.TIF,202,62.11607142857143,61,3.771948946107412,127.74107142857143,119,26.57561500958642,0,0,0,112
building,/content/CompositeTiles/Composite tiles30.TIF,203,62.18115942028985,61,4.305768809,136.97101449275362,135.5,16.227522705998688,0,0,0,138
building,/content/CompositeTiles/Composite tiles30.TIF,204,65.44117647058823,65,5.1707577656296095,134.95098039215685,130,22.15337687310827,0,0,0,102
building,/content/CompositeTiles/Composite tiles30.TIF,205,65.65560821484992,66,4.792853189039496,97.74249605055292,86,29.542563795349167,0,0,0,633
building,/content/CompositeTiles/Composite tiles30.TIF,206,63.75681341719078,63,4.173338144850776,151.38993710691824,163,31.605451315022115,0,0,0,477
building,/content/CompositeTiles/Composite tiles30.TIF,207,72.10792453,74,5.728154023994633,103.02415094339622,103,8.122237221766554,0,0,0,1325
building,/content/CompositeTiles/Composite tiles30.TIF,208,70.44565217391305,70,5.0419202053659955,140.05434782608697,131,24.807241286101185,0,0,0,276
building,/content/CompositeTiles/Composite tiles30.TIF,209,67.38679245283019,67,5.782938070782799,140.79834905660377,134,37.13966052708127,0,0,0,848
building,/content/CompositeTiles/Composite tiles30.TIF,210,59.45730027548209,58,5.561928210647345,91.50137741046832,91,12.087614343145523,0,0,0,1089
building,/content/CompositeTiles/Composite tiles30.TIF,211,62.54978354978355,62,3.0812781187234943,96.91341991341992,90,17.838897671167185,0,0,0,231
building,/content/CompositeTiles/Composite tiles30.TIF,212,68.46946564885496,66,11.949521010744512,143.39312977099237,129.5,46.05383953598288,0,0,0,262
building,/content/CompositeTiles/Composite tiles30.TIF,213,83.43667481662591,67,34.380518801360964,164.3555012224939,150,47.31484593418509,0,0,0,2045
building,/content/CompositeTiles/Composite tiles30.TIF,214,65.43601059,65,4.6357727540560925,143.92939099735216,110,65.69197392393352,0,0,0,1133
building,/content/CompositeTiles/Composite tiles30.TIF,215,85.95329341317365,68,35.66118301715985,133.7497005988024,115,49.27674127262558,0,0,0,1670
building,/content/CompositeTiles/Composite tiles30.TIF,216,77.64381520119225,74,13.466405284494696,122.08047690014904,90,62.66975937056023,0,0,0,671
building,/content/CompositeTiles/Composite tiles30.TIF,217,64.53351955307262,63,5.005331728597499,134.67877094972067,135.5,19.843666837891487,0,0,0,358
building,/content/CompositeTiles/Composite tiles30.TIF,218,64.73752969,64,5.192379083657688,123.81710213776722,118,31.639369206163305,0,0,0,842
building,/content/CompositeTiles/Composite tiles30.TIF,219,64.83454282,64,3.4247324391983023,192.08417997097243,168,39.94413947037248,0,0,0,689
not building,/content/CompositeTiles/Composite tiles30.TIF,220,124.832,126,34.38923924718312,209.216,208,43.271160650021855,0,0,0,125
building,/content/CompositeTiles/Composite tiles30.TIF,221,80.98339483394834,84,6.663893257394747,114.33025830258302,114,11.978600519801327,0,0,0,542
building,/content/CompositeTiles/Composite tiles30.TIF,222,69.04225352112677,69,2.0448259660669623,127.80281690140845,118,29.803875217504174,0,0,0,71
building,/content/CompositeTiles/Composite tiles30.TIF,223,73.06849315068493,69,14.690719059887043,184.94520547945206,185,5.296394252797451,0,0,0,73
not building,/content/CompositeTiles/Composite tiles30.TIF,224,138.06849315068493,152,29.05796227717986,140.36986301369862,123,53.49318401065385,0,0,0,73
not building,/content/CompositeTiles/Composite tiles30.TIF,225,66.7,67,2.3544284515213736,220.4,218,14.492756811593853,0,0,0,30
building,/content/CompositeTiles/Composite tiles30.TIF,226,66.28395061728395,67,4.055889081875258,118.80246913580247,115,15.773410783040202,0,0,0,81
not building,/content/CompositeTiles/Composite tiles30.TIF,227,78.87878787878788,73,16.543345408914153,117.71212121212122,111,24.800271963021963,0,0,0,66
not building,/content/CompositeTiles/Composite tiles30.TIF,228,124.14285714285714,126,16.42960659264596,183.04761904761904,169,32.58173047887009,0,0,0,21
building,/content/CompositeTiles/Composite tiles30.TIF,229,72.15135135135135,72,7.256595196752069,140.84864864864866,130,41.998697673641715,0,0,0,185
building,/content/CompositeTiles/Composite tiles30.TIF,230,73.17647058823529,68,15.301039157781357,117.10588235294118,107,29.437480522551027,0,0,0,85
building,/content/CompositeTiles/Composite tiles30.TIF,231,64.975,61,8.756390523497682,179.4125,182,12.901253572812218,0,0,0,80
building,/content/CompositeTiles/Composite tiles30.TIF,232,73.4047619,71,7.245883967268602,127.0952380952381,122,20.619350047270697,0,0,0,84
building,/content/CompositeTiles/Composite tiles30.TIF,233,66.28571428571429,65,4.245646029061023,32.232142857142854,25,16.16432477427261,0,0,0,56
building,/content/CompositeTiles/Composite tiles30.TIF,234,67.12171507607192,65,10.416717670025443,124.26694329183955,116,36.777366151719484,0,0,0,723
not building,/content/CompositeTiles/Composite tiles30.TIF,235,145.25128205128206,147,15.539861153856261,146.14700854700854,139,45.423277237368424,0,0,0,585
building,/content/CompositeTiles/Composite tiles30.TIF,236,68.59428571428572,69,4.827418290032342,111.06857142857143,107,14.170830632546792,0,0,0,700
not building,/content/CompositeTiles/Composite tiles30.TIF,237,97.80440771349862,78,35.83952267442661,239.2534435261708,255,38.45238489508927,0,0,0,1089
building,/content/CompositeTiles/Composite tiles30.TIF,238,72.44285714285714,74,5.881291680977462,204.75714285714287,200.5,16.64969816481944,0,0,0,70
not building,/content/CompositeTiles/Composite tiles30.TIF,239,141.48936170212767,146,11.198161590048214,179.31914893617022,187,46.65222458629554,0,0,0,47
building,/content/CompositeTiles/Composite tiles30.TIF,240,83.06714568880079,68,30.91567066466086,138.05649157581763,111,76.08881462202518,0,0,0,4036
not building,/content/CompositeTiles/Composite tiles30.TIF,241,159.04676018704075,159,11.860149415004456,124.30995323981296,105,62.76501426082427,0,0,0,1497
not building,/content/CompositeTiles/Composite tiles30.TIF,242,134.6113062385014,147,34.71099391,161.2286336,151,78.46319774192843,0,0,0,5979
building,/content/CompositeTiles/Composite tiles30.TIF,243,63.79496855345912,63,6.165391322231202,113.28301886792453,110,17.74789634995372,0,0,0,795
building,/content/CompositeTiles/Composite tiles30.TIF,244,73.70988446726572,63,26.346716414769997,138.3318356867779,115,60.51849907052915,0,0,0,1558
not building,/content/CompositeTiles/Composite tiles30.TIF,245,75.45833333333333,61,26.07917299089235,223.47916666666666,217.5,23.83186730630975,0,0,0,96
building,/content/CompositeTiles/Composite tiles30.TIF,246,66.62040816326531,66,2.794818791675179,73.75510204081633,70,24.785554229409023,0,0,0,245
building,/content/CompositeTiles/Composite tiles30.TIF,247,67.26540284360189,67,5.520808307103533,159.3222748815166,158,23.589105577234566,0,0,0,211
building,/content/CompositeTiles/Composite tiles30.TIF,248,65.76575121163167,65,5.5302127910995456,136.88772213247174,126,35.09962043823623,0,0,0,1238
not building,/content/CompositeTiles/Composite tiles30.TIF,249,118.27777777777777,126,27.446524887407183,242.77777777777777,255,29.837626423984933,0,0,0,18
not building,/content/CompositeTiles/Composite tiles30.TIF,250,1.8756441085537616,0,15.479277524881576,0.14376502919958778,0,1.1627054673798292,0,0,0,5822
not building,/content/CompositeTiles/Composite tiles30.TIF,251,67.68518518518519,68,2.7408033025892657,98.44444444444444,97,9.435289680662947,0,0,0,54
not building,/content/CompositeTiles/Composite tiles30.TIF,252,151.80597014925374,150,8.199451758101715,180.3582089552239,171,50.68624632917111,0,0,0,67
not building,/content/CompositeTiles/Composite tiles30.TIF,253,76.39687739858097,66,26.030969313640977,204.48383473426063,255,71.40888033876978,0,0,0,53417
not building,/content/CompositeTiles/Composite tiles30.TIF,254,112.42857142857143,110,16.570881217014083,163.1904761904762,152,40.62326222,0,0,0,63
not building,/content/CompositeTiles/Composite tiles30.TIF,255,67.98863636363636,67,4.872217896544135,170.13636363636363,159,36.95887819842413,0,0,0,88
building,/content/CompositeTiles/Composite tiles30.TIF,256,70.66666666666667,66,12.256517540566822,115.19791666666667,107.5,26.710102564255635,0,0,0,96
building,/content/CompositeTiles/Composite tiles30.TIF,257,64.91132572431958,65,5.995758223918028,122.3081650570676,108,40.60731707750013,0,0,0,1139
building,/content/CompositeTiles/Composite tiles30.TIF,258,68.01190476190476,68,3.278697649470593,108.3452380952381,107,16.91962374878512,0,0,0,84
not building,/content/CompositeTiles/Composite tiles30.TIF,259,125.56410256410257,134.5,25.408755680281747,245.0897435897436,255,25.752861876033286,0,0,0,78
building,/content/CompositeTiles/Composite tiles30.TIF,260,81.79591836734694,70.5,24.059856982828315,168.0204081632653,172,24.314680033665365,0,0,0,98
building,/content/CompositeTiles/Composite tiles30.TIF,261,65.82870370370371,66,4.820222657488351,112.73842592592592,106,23.745635180278573,0,0,0,432
not building,/content/CompositeTiles/Composite tiles30.TIF,262,76.30940334246306,66,33.86211472547692,191.8441564298952,255,81.53089172316841,0.036594066,0,3.0545290573107717,243892
building,/content/CompositeTiles/Composite tiles30.TIF,263,67.01704848161961,66,10.180979645214649,138.92221630261054,136,25.34806863819866,0,0,0,1877
not building,/content/CompositeTiles/Composite tiles30.TIF,264,135.34246575342465,140,15.381201102147958,101.1917808219178,81,58.33128288133305,0,0,0,73
building,/content/CompositeTiles/Composite tiles30.TIF,265,61.697916666666664,61,3.0383650745736412,170.32291666666666,165,19.23890090830872,0,0,0,96
building,/content/CompositeTiles/Composite tiles30.TIF,266,67.97777777777777,68.5,2.5297245250895415,189.76666666666668,189,19.96221430603329,0,0,0,90
building,/content/CompositeTiles/Composite tiles30.TIF,267,65.61038961,63,7.368158669970815,135,122,33.54121326089721,0,0,0,77
not building,/content/CompositeTiles/Composite tiles30.TIF,268,138.89772727272728,142,16.955181410202975,199.5340909090909,185.5,40.65289569906439,0,0,0,88
not building,/content/CompositeTiles/Composite tiles30.TIF,269,129.58333333333334,133.5,20.371378342065015,98.42708333333333,79,49.392717241442135,0,0,0,96
building,/content/CompositeTiles/Composite tiles30.TIF,270,66.45833333333333,67,5.720789329765216,167.89583333333334,170.5,21.210001162318584,0,0,0,96
not building,/content/CompositeTiles/Composite tiles30.TIF,271,89.57894736842105,77,22.13146317010833,175.14736842105262,163,23.03542737019272,0,0,0,95
building,/content/CompositeTiles/Composite tiles30.TIF,272,84.91836734693878,89,13.942793815274625,203.75510204081633,189,23.413785065897326,0,0,0,98
not building,/content/CompositeTiles/Composite tiles30.TIF,273,149.41463414634146,148,8.131467361523192,117.89024390243902,95.5,75.32563553155855,0,0,0,82
building,/content/CompositeTiles/Composite tiles30.TIF,274,66.63157894736842,66,4.2699750562045935,106.98947368421052,109,24.753732195726133,0,0,0,95
building,/content/CompositeTiles/Composite tiles30.TIF,275,69.76623376623377,68,5.144398299843362,90.81818181818181,85,21.811308441150295,0,0,0,154
building,/content/CompositeTiles/Composite tiles30.TIF,276,85.87711162636634,68,34.736877836380216,151.85922490891022,129,68.63610514137996,0,0,0,6038
building,/content/CompositeTiles/Composite tiles30.TIF,277,77.90625,72,13.632129728604404,137.78125,138,32.47281014075468,0,0,0,96
not building,/content/CompositeTiles/Composite tiles30.TIF,278,116.13774241670811,116,33.70506268790949,183.4654400795624,185,63.458480841365464,0,0,0,2011
not building,/content/CompositeTiles/Composite tiles30.TIF,279,111.58571428571429,115,30.208084470004696,235.32857142857142,255,33.98811617045474,0,0,0,70
not building,/content/CompositeTiles/Composite tiles40.TIF,0,161.8810408921933,163,12.241709630546922,142.56691449814127,124,66.93208135875497,0,0,0,538
building,/content/CompositeTiles/Composite tiles40.TIF,1,128.3148148148148,141,29.70484377141588,172.8125,162,33.31373772976815,0,0,0,432
not building,/content/CompositeTiles/Composite tiles40.TIF,2,59.69607843137255,57,9.435320807420728,128.61764705882354,128,9.273665135851257,0,0,0,204
not building,/content/CompositeTiles/Composite tiles40.TIF,3,65.62629757785467,63,5.882835315047785,177.87889273356402,173,16.637677802187227,0,0,0,289
building,/content/CompositeTiles/Composite tiles40.TIF,4,69.609375,67,11.377907852912811,125.47395833333333,119,23.722118479700132,0,0,0,192
not building,/content/CompositeTiles/Composite tiles40.TIF,5,159.9448818897638,161,8.895993158573615,150.03937007874015,137,59.82407299607257,0,0,0,127
building,/content/CompositeTiles/Composite tiles40.TIF,6,67.23033707865169,59.5,22.05146638,130.3370786516854,125,27.858972217918556,0,0,0,178
building,/content/CompositeTiles/Composite tiles40.TIF,7,65.65470852017937,63,11.423249943199846,138.8475336,136,28.115219068048972,0,0,0,446
building,/content/CompositeTiles/Composite tiles40.TIF,8,72.70982142857143,69,14.219914731393866,119.97321428571429,115.5,19.685228245995493,0,0,0,224
not building,/content/CompositeTiles/Composite tiles40.TIF,9,131.42101226993864,134,14.807400121622049,95.27453987730061,68,62.678638661191336,0,0,0,1304
building,/content/CompositeTiles/Composite tiles40.TIF,10,69.89908256880734,68,5.379104925591417,130.28440366972478,125,24.186997698596517,0,0,0,218
not building,/content/CompositeTiles/Composite tiles40.TIF,11,61.25,58,11.186462273759618,141.49719101123594,133,18.434898907440736,0,0,0,356
not building,/content/CompositeTiles/Composite tiles40.TIF,12,170.72207084468664,172,8.748008917278227,95.69754768,78,57.48539508376975,0,0,0,367
building,/content/CompositeTiles/Composite tiles40.TIF,13,66.84677419354838,65,7.6253443654006166,184.57258064516128,181.5,24.51897665,0,0,0,124
not building,/content/CompositeTiles/Composite tiles40.TIF,14,66.77821011673151,67,2.2441952590004774,199.22178988326849,200,38.59882248444145,0,0,0,257
building,/content/CompositeTiles/Composite tiles40.TIF,15,65.33177570093459,65,2.638184667951297,163.66822429906543,161,24.368035206752726,0,0,0,214
not building,/content/CompositeTiles/Composite tiles40.TIF,16,137.63879598662209,137,17.686195950554513,234.64882943143812,255,43.28470449,0,0,0,897
not building,/content/CompositeTiles/Composite tiles40.TIF,17,149.8238341968912,153,23.167112025443576,138.3782383419689,136,61.10864310538678,0,0,0,193
building,/content/CompositeTiles/Composite tiles40.TIF,18,64.3030303,63,7.651145211962051,143.10122501611863,133,39.63851089392886,0,0,0,1551
building,/content/CompositeTiles/Composite tiles40.TIF,19,69.30588235294118,70,3.2103638401525725,207.59411764705882,210,12.547086401337554,0,0,0,170
not building,/content/CompositeTiles/Composite tiles40.TIF,20,133.6075471698113,134,12.508289312723537,153.91698113207548,142,34.43529198776544,0,0,0,265
not building,/content/CompositeTiles/Composite tiles40.TIF,21,147.29310344827587,165,35.969659286948826,227.19540229885058,255,36.87750430396193,0,0,0,174
not building,/content/CompositeTiles/Composite tiles40.TIF,22,82.15824915824916,74,18.977708196259226,255,255,0,0,0,0,297
not building,/content/CompositeTiles/Composite tiles40.TIF,23,159.1908396946565,160,11.879236169327918,109.73282442748092,96,36.58887004413472,0,0,0,131
not building,/content/CompositeTiles/Composite tiles40.TIF,24,63.55974842767296,59,13.55983302385485,158.52830188679246,161,13.695618048127113,0,0,0,159
not building,/content/CompositeTiles/Composite tiles40.TIF,25,83.27272727272727,136,75.79599492,44.298368298368295,6,69.68543721974996,0,0,0,429
not building,/content/CompositeTiles/Composite tiles40.TIF,26,157.69277108433735,159,11.05499160149131,123.15060240963855,112.5,47.62676394859739,0,0,0,166
not building,/content/CompositeTiles/Composite tiles40.TIF,27,129.50731158605174,136,27.33297168926855,254.94150731158607,255,1.7430428574557244,0,0,0,889
not building,/content/CompositeTiles/Composite tiles40.TIF,28,93.06818181818181,84,22.40208262160293,133.20454545454547,130,18.96627335017052,0,0,0,352
not building,/content/CompositeTiles/Composite tiles40.TIF,29,157.21052631578948,157.5,14.263327829634402,132.34868421052633,114.5,66.69177530254792,0,0,0,152
building,/content/CompositeTiles/Composite tiles40.TIF,30,71.68577981651376,68,14.119408192082219,126.55963302752293,118.5,28.33213275865977,0,0,0,436
building,/content/CompositeTiles/Composite tiles40.TIF,31,64.69916435,65,3.047218810188868,172.1225626740947,170,25.53105090989442,0,0,0,359
building,/content/CompositeTiles/Composite tiles40.TIF,32,64.15025906735751,61,7.362783633547743,154.67530224525044,129,37.66324186,0,0,0,579
not building,/content/CompositeTiles/Composite tiles40.TIF,33,63.50442477876106,62,3.6242152493395463,182.38938053097345,178,20.239028986256322,0,0,0,113
building,/content/CompositeTiles/Composite tiles40.TIF,34,65.59825327510917,64,7.656671977426802,190.26200873362444,187,30.81953950303221,0,0,0,229
not building,/content/CompositeTiles/Composite tiles40.TIF,35,72.46543778801843,60,19.106057473524295,184.91244239631337,191,30.088757825655104,0,0,0,217
not building,/content/CompositeTiles/Composite tiles40.TIF,36,140.99725274725276,141,20.65766210009287,250.06593406593407,255,19.265383291237423,0,0,0,364
not building,/content/CompositeTiles/Composite tiles40.TIF,37,160.31443298969072,162,15.638828383252886,141.6890034364261,126,64.99065105,0,0,0,582
building,/content/CompositeTiles/Composite tiles40.TIF,38,69.48888889,67,11.21134786667751,206.2,221,51.26710012820655,0,0,0,180
not building,/content/CompositeTiles/Composite tiles40.TIF,39,164.4176245210728,164,10.81277074645243,146.66666666666666,135,74.07676457,0,0,0,1305
building,/content/CompositeTiles/Composite tiles40.TIF,40,77.47981545559401,68,20.96084108570439,110.10841983852364,96,29.864202619185914,0,0,0,867
building,/content/CompositeTiles/Composite tiles40.TIF,41,61.300813008130085,61,3.647626007525895,141.4119241192412,134,30.29356758817248,0,0,0,369
building,/content/CompositeTiles/Composite tiles40.TIF,42,66.21825396825396,64,9.274687354450377,91.28174603174604,88,14.581189778755077,0,0,0,504
building,/content/CompositeTiles/Composite tiles40.TIF,43,61.908256880733944,57,13.245418999958854,150.39908256880733,147,17.918300805195678,0,0,0,218
not building,/content/CompositeTiles/Composite tiles40.TIF,44,130.12105263157895,135,20.529467369391593,105.04473684210527,90,43.734673690625435,0,0,0,380
building,/content/CompositeTiles/Composite tiles40.TIF,45,61.6325,60,6.551522246775935,130.5825,127,9.357520705293684,0,0,0,400
not building,/content/CompositeTiles/Composite tiles40.TIF,46,64.39031339,64,10.810136514805817,133.22507122507122,122,34.78870774042186,0,0,0,351
building,/content/CompositeTiles/Composite tiles40.TIF,47,69.14364640883979,69,4.006393504593293,116.97790055248619,116,14.689777631504105,0,0,0,362
building,/content/CompositeTiles/Composite tiles40.TIF,48,65.0719697,60,12.805306750280476,155.2840909090909,155.5,8.571378814,0,0,0,264
building,/content/CompositeTiles/Composite tiles40.TIF,49,63.935251798561154,64,3.5273007861363426,177.1978417266187,174,10.921913604341729,0,0,0,278
building,/content/CompositeTiles/Composite tiles40.TIF,50,71.64240903387704,62,17.306923302440435,123.19573400250941,117,11.901913297661626,0,0,0,797
building,/content/CompositeTiles/Composite tiles40.TIF,51,61.74545454545454,62,4.119656569173441,126.37727272727273,121,24.87730677870865,0,0,0,220
building,/content/CompositeTiles/Composite tiles40.TIF,52,60.613207547169814,61,2.4993235111781638,134.12735849056602,130,21.99502101899886,0,0,0,212
building,/content/CompositeTiles/Composite tiles40.TIF,53,64.09132420091325,64,4.111557113729539,135.6255707762557,131,29.312308010969076,0,0,0,219
building,/content/CompositeTiles/Composite tiles40.TIF,54,60.02097902097902,59,6.4271927145469245,146.77311577311576,160,35.08065686744696,0,0,0,1287
not building,/content/CompositeTiles/Composite tiles40.TIF,55,137.52343129467832,143,17.55065422378689,255,255,0,0,0,0,1259
building,/content/CompositeTiles/Composite tiles40.TIF,56,69.59375,69.5,4.547385065892265,118.1875,116,8.255443280042568,0,0,0,128
building,/content/CompositeTiles/Composite tiles40.TIF,57,64.76494023904382,59,16.59346719,134.12749003984064,130,26.949851637102807,0,0,0,251
not building,/content/CompositeTiles/Composite tiles40.TIF,58,136.64089775561098,146,28.686207086324973,100.90274314214464,84,46.61834234342998,0,0,0,401
building,/content/CompositeTiles/Composite tiles40.TIF,59,64.23341902313625,61,15.001697037909466,161.69717223650386,178,38.12589505509118,0,0,0,1945
not building,/content/CompositeTiles/Composite tiles40.TIF,60,156.0921052631579,155,11.839027377790691,83.07236842105263,69,37.51896046521787,0,0,0,152
building,/content/CompositeTiles/Composite tiles40.TIF,61,61.38507462686567,62,3.6073413425395455,140.1134328358209,133,27.15042065874821,0,0,0,335
not building,/content/CompositeTiles/Composite tiles40.TIF,62,162.36740331491714,163,14.574644538477514,113.96132596685082,87,66.67914967631732,0,0,0,362
not building,/content/CompositeTiles/Composite tiles40.TIF,63,163.25095785440612,163,12.028074162060697,168.17816091954023,166,66.27564104,0,0,0,522
not building,/content/CompositeTiles/Composite tiles40.TIF,64,105.45,113.5,20.83860599944248,116.68,93.5,56.305395833791984,0,0,0,100
not building,/content/CompositeTiles/Composite tiles40.TIF,65,72.93301435406698,67,19.80443406454774,160.11483253588517,156,19.806630277823295,0,0,0,209
not building,/content/CompositeTiles/Composite tiles40.TIF,66,170.60106382978722,174,12.81187111320816,92.73404255319149,71.5,56.13711851482159,0,0,0,188
not building,/content/CompositeTiles/Composite tiles40.TIF,67,156.78823529411764,156,12.559905817350506,109.76470588235294,97,51.89604550097228,0,0,0,255
building,/content/CompositeTiles/Composite tiles40.TIF,68,64.925,64,6.216057834351286,132.8925,126,32.00298336,0,0,0,400
not building,/content/CompositeTiles/Composite tiles40.TIF,69,161.92150170648463,162,12.155925890842251,205.91262798634813,255,64.61471433126323,0,0,0,1465
not building,/content/CompositeTiles/Composite tiles40.TIF,70,81.24815724815724,63,28.677223286519645,255,255,0,0,0,0,814
not building,/content/CompositeTiles/Composite tiles40.TIF,71,72.45107399,67,15.226197984126088,254.08830548926014,255,7.183867616440511,0,0,0,419
not building,/content/CompositeTiles/Composite tiles40.TIF,72,151.89922480620154,151,10.361560566998135,80.79844961,65,37.526709835591376,0,0,0,129
building,/content/CompositeTiles/Composite tiles40.TIF,73,60.34065934065934,57,11.809122735624781,124.02747252747253,118.5,22.584500986753586,0,0,0,182
not building,/content/CompositeTiles/Composite tiles40.TIF,74,69.12765957446808,66,11.98734620299645,137.1595744680851,127,27.857465171410865,0,0,0,188
not building,/content/CompositeTiles/Composite tiles40.TIF,75,172.34375,173,12.188645779474436,140.03125,133,28.71724696828545,0,0,0,160
not building,/content/CompositeTiles/Composite tiles40.TIF,76,161.41365461847388,163,12.909694619076783,100.6867469879518,84,49.741159988971255,0,0,0,498
building,/content/CompositeTiles/Composite tiles40.TIF,77,63.285714285714285,63,3.9632293931483673,127.42857142857143,123,24.383507888845585,0,0,0,161
not building,/content/CompositeTiles/Composite tiles40.TIF,78,168.7372013651877,171,13.323586889207588,119.07849829351535,96,69.40476310579974,0,0,0,293
building,/content/CompositeTiles/Composite tiles40.TIF,79,62.63025210084034,62,3.970194725064825,197.65546218487395,197,23.64706778233512,0,0,0,119
not building,/content/CompositeTiles/Composite tiles40.TIF,80,133.34939759036143,145,30.44981402793616,101.63253012048193,85,47.88040977880663,0,0,0,166
not building,/content/CompositeTiles/Composite tiles40.TIF,81,156.87037037037038,156,11.518578063440232,179.30555555555554,177.5,43.88662968868877,0,0,0,216
building,/content/CompositeTiles/Composite tiles40.TIF,82,60.288288288288285,59,4.222179505035962,242.36036036036037,255,16.80293453177597,0,0,0,111
not building,/content/CompositeTiles/Composite tiles40.TIF,83,173.77104377104376,175,10.281956176538875,105.72727272727273,86,52.47301403889711,0,0,0,297
not building,/content/CompositeTiles/Composite tiles40.TIF,84,149.8933823529412,151,17.499780259989663,103.80514705882354,91.5,43.03549632682329,0,0,0,272
building,/content/CompositeTiles/Composite tiles40.TIF,85,75.27131782945736,72,11.424678807748808,255,255,0,0,0,0,129
not building,/content/CompositeTiles/Composite tiles40.TIF,86,157.82203389830508,158,11.364006531625556,129.98305084745763,118,51.46014579634997,0,0,0,354
not building,/content/CompositeTiles/Composite tiles40.TIF,87,123.34517766497461,130,24.204136903482983,230.4771573604061,255,41.34485078381157,0,0,0,197
building,/content/CompositeTiles/Composite tiles40.TIF,88,73.69298245614036,71.5,10.336553425537472,125.47368421052632,118,29.744883247527614,0,0,0,114
building,/content/CompositeTiles/Composite tiles40.TIF,89,66.46853146853147,66,6.287373140953103,158.52447552447552,175,27.20889547598898,0,0,0,429
building,/content/CompositeTiles/Composite tiles40.TIF,90,71.15532879818593,70,6.970355104922357,118.60884353741497,115,21.613305588946556,0,0,0,1764
not building,/content/CompositeTiles/Composite tiles40.TIF,91,151.58591549295775,153,13.83648265748513,106.9887323943662,80,61.96673244071444,0,0,0,355
building,/content/CompositeTiles/Composite tiles40.TIF,92,62.73275862068966,62,2.3206633958651657,168.02155172413794,163,27.146385756875954,0,0,0,232
building,/content/CompositeTiles/Composite tiles40.TIF,93,70.63793103448276,69,6.019217144257758,180.4367816091954,175.5,28.083292021972532,0,0,0,174
building,/content/CompositeTiles/Composite tiles40.TIF,94,71.77272727272727,71,5.504361675715756,125.80594405594405,123,19.977236161896844,0,0,0,572
building,/content/CompositeTiles/Composite tiles40.TIF,95,61.11523687580026,60,7.283506061,149.90140845070422,148,16.833652063835686,0,0,0,781
building,/content/CompositeTiles/Composite tiles40.TIF,96,68.78195488721805,67,6.959969693418441,174.53383458646616,172,23.830084250189604,0,0,0,133
building,/content/CompositeTiles/Composite tiles40.TIF,97,72.78512396694215,70,10.666396303747538,178.72727272727272,183,21.282825885815786,0,0,0,121
building,/content/CompositeTiles/Composite tiles40.TIF,98,64.74809160305344,62,10.53481578796067,159.2061069,156,21.58693326753422,0,0,0,131
not building,/content/CompositeTiles/Composite tiles40.TIF,99,76.02339181,73,15.173442949830005,180.76023391812865,179,8.429678006324533,0,0,0,171
not building,/content/CompositeTiles/Composite tiles40.TIF,100,162.02666666666667,161,10.624466522554856,155.92,138,65.77836726462584,0,0,0,150
not building,/content/CompositeTiles/Composite tiles40.TIF,101,145.3666014350946,144,9.306408722461565,254.89889106327462,255,1.6820544924571506,0,0,0,1533
not building,/content/CompositeTiles/Composite tiles40.TIF,102,152.20408163265307,152,5.881990009301834,183.10204081632654,176,47.423082684967596,0,0,0,147
building,/content/CompositeTiles/Composite tiles40.TIF,103,69.94039735099338,70,3.690388066385808,175.21192052980132,172,22.40878767773343,0,0,0,151
building,/content/CompositeTiles/Composite tiles40.TIF,104,74,70,11.336976097135736,153.02364864864865,156,35.93983497511799,0,0,0,296
not building,/content/CompositeTiles/Composite tiles40.TIF,105,140.08823529411765,141,20.467566545068724,114.13321799307958,96,45.600581671882985,0,0,0,578
building,/content/CompositeTiles/Composite tiles40.TIF,106,73.91338582677166,70,11.814860269247637,143.26771653543307,136,24.967521838466336,0,0,0,127
building,/content/CompositeTiles/Composite tiles40.TIF,107,81.20625,70,19.256848416537427,195.5625,195,17.527723575809837,0,0,0,160
not building,/content/CompositeTiles/Composite tiles40.TIF,108,157.08,159,11.753875956466446,147.87,147,45.677490079906974,0,0,0,100
building,/content/CompositeTiles/Composite tiles40.TIF,109,69.01428571428572,68,5.465457390721834,178.17142857142858,178.5,21.51376398532638,0,0,0,140
building,/content/CompositeTiles/Composite tiles40.TIF,110,75.15789473684211,73,8.478640808162115,134.25438596491227,119,37.729371359982295,0,0,0,114
building,/content/CompositeTiles/Composite tiles40.TIF,111,74.76229508196721,71,10.583046509447238,202.1639344262295,210,22.728749994743854,0,0,0,122
building,/content/CompositeTiles/Composite tiles40.TIF,112,107.8157894736842,103,30.941460230875283,172.26315789473685,158,51.042646880368736,0,0,0,152
not building,/content/CompositeTiles/Composite tiles40.TIF,113,153.75333333333333,153,12.376556692212725,149.91333333333333,136.5,66.62361309792664,0,0,0,300
not building,/content/CompositeTiles/Composite tiles40.TIF,114,149.99122807017545,150,8.349278374149268,150.21929824561403,135.5,50.46968149676332,0,0,0,114
not building,/content/CompositeTiles/Composite tiles40.TIF,115,157.2685185185185,157,11.584317689174927,112.52777777777777,101.5,40.99513483630604,0,0,0,108
building,/content/CompositeTiles/Composite tiles40.TIF,116,98.41322314049587,84,25.83087697531473,170.94214876033058,158,51.93834512724085,0,0,0,121
not building,/content/CompositeTiles/Composite tiles40.TIF,117,73.88259109311741,71,14.77901936967238,170.3846153846154,178,29.684744479472702,0,0,0,247
not building,/content/CompositeTiles/Composite tiles40.TIF,118,94.02441344324667,92,9.772541867949908,254.9007609384908,255,1.7679183376200445,0,0,0,3154
building,/content/CompositeTiles/Composite tiles40.TIF,119,70.05,67,13.318126745154515,174.85625,171,29.470715735073348,0,0,0,160
not building,/content/CompositeTiles/Composite tiles40.TIF,120,153.94756554307116,154,9.237455491695748,174.18726591760299,166,51.738344747816335,0,0,0,267
not building,/content/CompositeTiles/Composite tiles40.TIF,121,155.8575581395349,156,10.836257553152182,188.05232558139534,188.5,44.91591168504373,0,0,0,344
building,/content/CompositeTiles/Composite tiles40.TIF,122,73.48913043478261,69,12.911904319537836,165.28804347826087,161,29.30978966292775,0,0,0,184
not building,/content/CompositeTiles/Composite tiles40.TIF,123,153.96491228070175,158,17.131720429523305,137.4327485380117,131,40.02309104032505,0,0,0,171
not building,/content/CompositeTiles/Composite tiles40.TIF,124,146.78497790868926,149,16.039100179636428,126.1340206185567,117,35.028387480584975,0,0,0,679
building,/content/CompositeTiles/Composite tiles40.TIF,125,71.13744075829383,70,6.616443045078323,183.4170616113744,184,34.01054328988265,0,0,0,211
building,/content/CompositeTiles/Composite tiles40.TIF,126,72.00904605263158,72,3.876050419324072,89.51973684210526,88,8.102424421720654,0,0,0,1216
building,/content/CompositeTiles/Composite tiles40.TIF,127,71.63722397,72,4.504915211566137,116.27129337539432,109,27.324701895142613,0,0,0,317
building,/content/CompositeTiles/Composite tiles40.TIF,128,71.47572815533981,70,5.054098263729527,163.63430420711975,153,38.46385586930466,0,0,0,309
building,/content/CompositeTiles/Composite tiles40.TIF,129,81.23188405797102,82,11.816648691799127,123.23188405797102,116,12.830607571476268,0,0,0,345
not building,/content/CompositeTiles/Composite tiles40.TIF,130,166.6687306501548,168,12.535714203303034,175.44272445820434,178,70.68128636868549,0,0,0,323
building,/content/CompositeTiles/Composite tiles40.TIF,131,69.87162162162163,69,3.190527376141895,199.6891891891892,215,23.88990834984947,0,0,0,148
building,/content/CompositeTiles/Composite tiles40.TIF,132,71.50591715976331,70,8.932436763,158.02958579881656,157,19.260723144302116,0,0,0,338
building,/content/CompositeTiles/Composite tiles40.TIF,133,69,68.5,3.1648686295994897,163.80327868852459,163,22.545269339222152,0,0,0,122
building,/content/CompositeTiles/Composite tiles40.TIF,134,69.47091932457786,70,2.4749397815294247,85.02439024390245,81,15.593732981730058,0,0,0,533
not building,/content/CompositeTiles/Composite tiles40.TIF,135,161.25409836065575,159,9.179950958304874,152.0737704918033,134,60.62802036184677,0,0,0,122
not building,/content/CompositeTiles/Composite tiles40.TIF,136,158.52229299363057,161,14.240243497551885,127.22292993630573,115,68.39242319622213,0,0,0,157
not building,/content/CompositeTiles/Composite tiles40.TIF,137,164.0078125,162,9.251263506399747,185.9140625,175,51.11002643558398,0,0,0,128
building,/content/CompositeTiles/Composite tiles40.TIF,138,68.99761967733404,70,6.205273256,93.48452790267125,91,21.206035435081304,0,0,0,3781
building,/content/CompositeTiles/Composite tiles40.TIF,139,65.31333333333333,64,4.434917010372222,161.02,160,27.779001661926827,0,0,0,150
not building,/content/CompositeTiles/Composite tiles40.TIF,140,109.05347593582887,114,12.140325969916871,255,255,0,0,0,0,187
not building,/content/CompositeTiles/Composite tiles40.TIF,141,151.78117048346056,155,21.482769038256873,201.74554707379136,228,58.203437083336766,0,0,0,393
building,/content/CompositeTiles/Composite tiles40.TIF,142,71.23152709359606,69,8.404818646807266,178.5024630541872,178,24.184507189976685,0,0,0,203
building,/content/CompositeTiles/Composite tiles40.TIF,143,71.86861313868613,71,4.663599559389541,153.46715328467153,143,30.873429176599238,0,0,0,137
not building,/content/CompositeTiles/Composite tiles40.TIF,144,107.9114406779661,115,35.08849883461559,254.80974576271186,255,5.732215527230082,0,0,0,2360
not building,/content/CompositeTiles/Composite tiles40.TIF,145,109.1376811594203,109.5,14.24027358320154,250.0072463768116,255,14.931969582274306,0,0,0,138
building,/content/CompositeTiles/Composite tiles40.TIF,146,63.52542372881356,64,4.953533004556804,161.77118644067798,168,14.334627398720734,0,0,0,118
not building,/content/CompositeTiles/Composite tiles40.TIF,147,143.144,144,10.982680182906174,255,255,0,0,0,0,125
building,/content/CompositeTiles/Composite tiles40.TIF,148,61.75,60,4.243028337600895,73.06203007518798,67,12.211401750859725,0,0,0,532
building,/content/CompositeTiles/Composite tiles40.TIF,149,70.48863636363636,71,3.6988767280874306,95.82386363636364,93,19.837627781098348,0,0,0,176
building,/content/CompositeTiles/Composite tiles40.TIF,150,68.87272727272727,68,5.403885960221069,151.26060606060605,148,17.905440842210577,0,0,0,165
not building,/content/CompositeTiles/Composite tiles40.TIF,151,158.58536585365854,161,16.71144885906462,107.2710027100271,88,55.477671958964194,0,0,0,738
not building,/content/CompositeTiles/Composite tiles40.TIF,152,164.3347280334728,166,13.971163032265832,155.3305439330544,148,42.744393893557174,0,0,0,239
building,/content/CompositeTiles/Composite tiles40.TIF,153,63.89819004524887,58,16.055081838242405,122.42760180995475,117,9.559315096198734,0,0,0,442
building,/content/CompositeTiles/Composite tiles40.TIF,154,102.91803278688525,88,31.17444049846553,163.7704918032787,154.5,24.322217760872668,0,0,0,122
not building,/content/CompositeTiles/Composite tiles40.TIF,155,81.30434782608695,71,24.892729904249425,218.8935532233883,255,50.17169086383499,0,0,0,667
building,/content/CompositeTiles/Composite tiles40.TIF,156,75.21846846846847,77,4.435678584079105,96.75900901,97,3.7540410550714656,0,0,0,444
building,/content/CompositeTiles/Composite tiles40.TIF,157,65.14172185430463,65,3.7132010362866166,113.12317880794701,105,24.005340034252395,0,0,0,755
not building,/content/CompositeTiles/Composite tiles40.TIF,158,160.6146230007616,162,16.46161496109914,115.20411271896421,106,52.93086567011205,0,0,0,1313
building,/content/CompositeTiles/Composite tiles40.TIF,159,72.97202797202797,70,10.065480757536447,161.4125874125874,160,16.62811195810607,0,0,0,143
building,/content/CompositeTiles/Composite tiles40.TIF,160,70.28956228956228,70,8.930916611724761,171.11784511784512,151,58.532355305238696,0,0,0,297
not building,/content/CompositeTiles/Composite tiles40.TIF,161,149.20967741935485,152,22.85565064841971,99.12365591,81.5,47.02871211269111,0,0,0,186
building,/content/CompositeTiles/Composite tiles40.TIF,162,65.56140350877193,65,3.3220029038700463,151.09649122807016,143.5,28.24143071,0,0,0,114
not building,/content/CompositeTiles/Composite tiles40.TIF,163,131.49922239502334,131,16.09249845094836,251.7791601866252,255,17.73928348200401,0,0,0,643
building,/content/CompositeTiles/Composite tiles40.TIF,164,255,255,0,255,255,0,255,255,0,12408
not building,/content/CompositeTiles/Composite tiles40.TIF,165,62.23963133640553,62,3.952214085478064,170.79723502304148,167,22.002207507703524,0,0,0,217
not building,/content/CompositeTiles/Composite tiles40.TIF,166,66.65942028985508,66,4.479415685257113,129.55072463768116,120.5,29.855709153194095,0,0,0,138
building,/content/CompositeTiles/Composite tiles40.TIF,167,66.1375,66,3.2005614741791795,128.95,122,27.96690007848564,0,0,0,240
not building,/content/CompositeTiles/Composite tiles40.TIF,168,141.61623616236162,139,17.67752221714303,141.87822878228783,123,66.68765608681686,0,0,0,271
not building,/content/CompositeTiles/Composite tiles40.TIF,169,140.1778846153846,140,14.551040517452094,112.14903846153847,92,55.471769492363464,0,0,0,208
not building,/content/CompositeTiles/Composite tiles40.TIF,170,157.1123595505618,157,11.904996781398365,106.64606741573034,84.5,50.19572378980078,0,0,0,178
building,/content/CompositeTiles/Composite tiles40.TIF,171,63.625814863102995,63,4.533463706222105,137.39243807040418,130,33.23267262076066,0,0,0,767
building,/content/CompositeTiles/Composite tiles40.TIF,172,64.03546099,64,2.6588840711466895,144.77304964539007,138,29.31713821005254,0,0,0,141
building,/content/CompositeTiles/Composite tiles40.TIF,173,67.85981308411215,68,3.8816974435089695,126.03738317757009,121,21.466887593085584,0,0,0,321
building,/content/CompositeTiles/Composite tiles40.TIF,174,68.50239234449761,67,5.385719556190409,166.8133971291866,164,25.682056969448563,0,0,0,209
not building,/content/CompositeTiles/Composite tiles40.TIF,175,142.74725274725276,143,20.357839112531646,186.57692307692307,185.5,60.249409421068094,0,0,0,182
not building,/content/CompositeTiles/Composite tiles40.TIF,176,161.17415730337078,161,9.616115080097712,143.19662921348313,131.5,54.03807012047769,0,0,0,178
building,/content/CompositeTiles/Composite tiles40.TIF,177,255,255,0,255,255,0,255,255,0,3089
not building,/content/CompositeTiles/Composite tiles40.TIF,178,130.08609271523179,147,36.33142882539462,150.86754966887418,137,55.83237394279947,0,0,0,151
not building,/content/CompositeTiles/Composite tiles40.TIF,179,152.6411149825784,152,12.90706999669836,128.4808362369338,112,61.92688857209418,0,0,0,287
building,/content/CompositeTiles/Composite tiles40.TIF,180,69.52,69,5.5017815296501915,135.85,129,29.17066163116634,0,0,0,200
building,/content/CompositeTiles/Composite tiles40.TIF,181,71.25714285714285,70,8.689378926,157.02857142857144,157,32.36337057696619,0,0,0,175
building,/content/CompositeTiles/Composite tiles40.TIF,182,76.52320675105486,70,16.250040228819948,128.33755274261603,111,46.596888569846364,0,0,0,237
building,/content/CompositeTiles/Composite tiles40.TIF,183,68.20588235294117,67,2.99783659,168.22058823529412,164,24.759932996818073,0,0,0,136
building,/content/CompositeTiles/Composite tiles40.TIF,184,69.97810218978103,69,6.511603515258145,147.64233576642334,121,52.95153233879022,0,0,0,137
not building,/content/CompositeTiles/Composite tiles40.TIF,185,62.58455882352941,63,3.565590840331717,173.39705882352942,171,19.81357207593584,0,0,0,272
not building,/content/CompositeTiles/Composite tiles40.TIF,186,111.92537313432835,114,13.402286987770475,116.02985074626865,104,39.065566832160805,0,0,0,134
building,/content/CompositeTiles/Composite tiles40.TIF,187,66.85057471264368,67,4.570089502461628,161.3735632183908,157.5,37.72805888901998,0,0,0,174
building,/content/CompositeTiles/Composite tiles40.TIF,188,63.76328502415459,63,4.812122858643983,132.41062801932367,122,37.66789125996757,0,0,0,207
building,/content/CompositeTiles/Composite tiles40.TIF,189,68.02816901408451,67,4.022140010307206,132.97652582159625,123,30.954523862506715,0,0,0,213
not building,/content/CompositeTiles/Composite tiles40.TIF,190,159.53513513513514,159,8.455933986043947,193.83783783783784,186,46.66007814633782,0,0,0,185
not building,/content/CompositeTiles/Composite tiles40.TIF,191,142.23181818181817,152,28.969119708652087,152.10454545454544,128.5,71.42814556838812,0,0,0,440
not building,/content/CompositeTiles/Composite tiles40.TIF,192,144.84393063583815,144,12.20271601700705,117.3757225433526,106,53.28050854,0,0,0,173
building,/content/CompositeTiles/Composite tiles40.TIF,193,68.55555555555556,66,9.973093796,166.20261437908496,161,23.440192139658475,0,0,0,153
building,/content/CompositeTiles/Composite tiles40.TIF,194,69.79141104294479,70,5.330148063333323,162.76073619631902,157,30.05125159053116,0,0,0,163
not building,/content/CompositeTiles/Composite tiles40.TIF,195,59.78217821782178,57,7.9982720415979065,182.64356435643563,174,22.30996055062874,0,0,0,101
building,/content/CompositeTiles/Composite tiles40.TIF,196,73.02439024390245,70,9.468358444,141.4308943089431,120,45.53959793960664,0,0,0,123
building,/content/CompositeTiles/Composite tiles40.TIF,197,67.83333333333333,68,5.222053357621049,132.75,125,28.545442051311134,0,0,0,168
building,/content/CompositeTiles/Composite tiles40.TIF,198,60.56164383561644,59,3.7048147176782016,188.36986301369862,198,23.031548850370186,0,0,0,146
not building,/content/CompositeTiles/Composite tiles40.TIF,199,146.98648648648648,145,9.573320533315552,111.49324324324324,100,51.148894551160126,0,0,0,148
building,/content/CompositeTiles/Composite tiles40.TIF,200,68.44881889763779,68,3.7787400754422253,129.00787401574803,120,38.029929378728234,0,0,0,127
building,/content/CompositeTiles/Composite tiles40.TIF,201,67.84057971014492,68,3.1947565211066613,161.15942028985506,153,37.537468504055006,0,0,0,138
building,/content/CompositeTiles/Composite tiles40.TIF,202,69.05806451612904,67,6.609122443994258,201,211,21.66668320925754,0,0,0,155
building,/content/CompositeTiles/Composite tiles40.TIF,203,70.57446808510639,69,4.306080218101624,158.7163120567376,151,33.28393351709959,0,0,0,141
building,/content/CompositeTiles/Composite tiles40.TIF,204,71.36813186813187,70,7.064979085398363,187.21428571428572,183,27.47172801034568,0,0,0,182
building,/content/CompositeTiles/Composite tiles40.TIF,205,64.15384615384616,63,4.267797277133602,183.32867132867133,181,20.147628649364034,0,0,0,143
building,/content/CompositeTiles/Composite tiles40.TIF,206,69.61935483870968,69,4.410063224975696,166.6258064516129,161,31.277560417013955,0,0,0,155
building,/content/CompositeTiles/Composite tiles40.TIF,207,60.023809523809526,57,11.461782103128282,165.6904761904762,160,25.067358236950138,0,0,0,126
building,/content/CompositeTiles/Composite tiles40.TIF,208,68.19689119170984,68,2.8086820750172934,168.3575129533679,159,33.41048915422286,0,0,0,193
building,/content/CompositeTiles/Composite tiles40.TIF,209,70.72842639593908,67,12.990033432973147,177.76649746192894,174.5,33.35246768876625,0,0,0,394
building,/content/CompositeTiles/Composite tiles40.TIF,210,72.58959537572254,69,9.992442598525853,118.51445086705202,103,41.374171236505774,0,0,0,173
not building,/content/CompositeTiles/Composite tiles40.TIF,211,125.35901883052527,130,27.50655738431137,255,255,0,0,0,0,4036
building,/content/CompositeTiles/Composite tiles40.TIF,212,70.8030303,69,5.355690913476794,133.16161616161617,130.5,18.502638125144255,0,0,0,198
not building,/content/CompositeTiles/Composite tiles40.TIF,213,159.72735674676525,161,16.751984742960143,106.41774491682071,95,50.260882980166826,0,0,0,1082
not building,/content/CompositeTiles/Composite tiles40.TIF,214,104.77272727272727,105,15.65570949109051,190.25619834710744,185,25.42873006699632,0,0,0,242
building,/content/CompositeTiles/Composite tiles40.TIF,215,69.70056497175142,69,7.808849804806548,130.19209039548022,120,33.310512153433365,0,0,0,177
not building,/content/CompositeTiles/Composite tiles40.TIF,216,156.03608247422682,156,13.492408599194993,112.54639175257732,101,46.95062566001808,0,0,0,194
not building,/content/CompositeTiles/Composite tiles40.TIF,217,60.53389830508475,57,10.785019588071311,193.52542372881356,176,32.52840007226196,0,0,0,236
not building,/content/CompositeTiles/Composite tiles40.TIF,218,131.90338164251207,144,35.290654264543846,141.85507246376812,116,64.69137628070195,0,0,0,207
building,/content/CompositeTiles/Composite tiles40.TIF,219,67.39403453689168,67,6.050623348563811,95.39835164835165,96,24.923530403407803,0,0,0,2548
not building,/content/CompositeTiles/Composite tiles40.TIF,220,157.82631578947368,159,13.925604668162933,114.6,96,50.33391658,0,0,0,190
building,/content/CompositeTiles/Composite tiles40.TIF,221,67.032,67,4.394425559729053,144.864,136,29.197080401985403,0,0,0,125
building,/content/CompositeTiles/Composite tiles40.TIF,222,88.41584158415841,74,28.105976013262243,115.15841584158416,105,31.00007431267597,0,0,0,101
building,/content/CompositeTiles/Composite tiles40.TIF,223,68.47272727272727,68,2.887934432991199,158.3181818181818,154,25.343793150191022,0,0,0,110
building,/content/CompositeTiles/Composite tiles40.TIF,224,72.27419355,71,7.6509947800158224,143.95967741935485,135.5,26.166156174115446,0,0,0,124
building,/content/CompositeTiles/Composite tiles40.TIF,225,63.36697247706422,64,3.244361518048342,179.26605504587155,175,29.30780720791679,0,0,0,109
building,/content/CompositeTiles/Composite tiles40.TIF,226,67.37313433,67,8.201200234802108,152.24966078697423,132,49.327087387037786,0,0,0,737
not building,/content/CompositeTiles/Composite tiles40.TIF,227,95.39655172413794,84,28.551187942658004,183.29741379310346,197,68.16696282582744,0,0,0,232
not building,/content/CompositeTiles/Composite tiles40.TIF,228,158.68995633187774,160,13.312663784106498,138.4585152838428,132,48.553165201361765,0,0,0,229
not building,/content/CompositeTiles/Composite tiles40.TIF,229,125.22297297297297,130.5,17.62209184209302,254.6216216216216,255,4.587594030858107,0,0,0,148
building,/content/CompositeTiles/Composite tiles40.TIF,230,63.62288136,63,4.707295294107178,136.22881355932202,122.5,41.136587495753076,0,0,0,236
building,/content/CompositeTiles/Composite tiles40.TIF,231,64.67195767195767,65,3.0943380412540984,181.1904761904762,181,44.47525575986627,0,0,0,189
building,/content/CompositeTiles/Composite tiles40.TIF,232,67.94188376753507,69,8.436027642,128.82685370741484,125,27.413987922011962,0,0,0,2495
building,/content/CompositeTiles/Composite tiles40.TIF,233,56.31543624161074,54,7.022578398282843,172.53691275167785,165,31.204354258614064,0,0,0,149
not building,/content/CompositeTiles/Composite tiles40.TIF,234,153.22485207100593,157,15.714436814165536,127.52071005917159,101,60.89549577278254,0,0,0,169
not building,/content/CompositeTiles/Composite tiles40.TIF,235,161.71074380165288,161,12.89784274135188,132.0909090909091,111,73.39624148730513,0,0,0,121
not building,/content/CompositeTiles/Composite tiles40.TIF,236,133.81437125748502,135,15.489468222062616,98.08982035928143,95,31.53608831854063,0,0,0,167
not building,/content/CompositeTiles/Composite tiles40.TIF,237,73.72576177285319,67,15.77612158,254.75346260387812,255,4.4220106016456935,0,0,0,361
building,/content/CompositeTiles/Composite tiles40.TIF,238,133.65333333333334,146,27.99467885946264,167.09333333333333,157,31.943633690194567,0,0,0,225
not building,/content/CompositeTiles/Composite tiles40.TIF,239,70.50786163522012,68,8.235427447237747,253.92924528301887,255,7.1378845805846565,0,0,0,636
not building,/content/CompositeTiles/Composite tiles40.TIF,240,79.26760563380282,78,6.424990264647359,226.88028169014083,248,35.72084300898795,0,0,0,142
not building,/content/CompositeTiles/Composite tiles40.TIF,241,144.05940594059405,143,8.493237592085146,189.9108910891089,188,50.20514332254858,0,0,0,101
not building,/content/CompositeTiles/Composite tiles40.TIF,242,133.83333333333334,136,12.62823115967641,81.41666666666667,62,40.891030665524795,0,0,0,24
not building,/content/CompositeTiles/Composite tiles40.TIF,243,144.24074074074073,141,14.402848464652664,118.05555555555556,114,30.328092750394696,0,0,0,54
building,/content/CompositeTiles/Composite tiles40.TIF,244,72.13636363636364,71,7.126319896111035,184.5151515151515,183,20.58996697735473,0,0,0,66
not building,/content/CompositeTiles/Composite tiles40.TIF,245,156.26153846153846,159,22.949628401936756,146.24615384615385,133,61.06718387764055,0,0,0,65
not building,/content/CompositeTiles/Composite tiles40.TIF,246,145.265625,143,14.02702991938689,129.21875,119.5,39.28480493062808,0,0,0,64
not building,/content/CompositeTiles/Composite tiles40.TIF,247,164.5744680851064,168,11.739630428144109,134.6595744680851,128,39.48674789588769,0,0,0,47
building,/content/CompositeTiles/Composite tiles40.TIF,248,70.98571428571428,67,12.887970977557615,171.45714285714286,170,21.24260255395525,0,0,0,70
building,/content/CompositeTiles/Composite tiles40.TIF,249,69.17333333333333,69,8.441758637208771,155.58666666666667,148,29.104910620412877,0,0,0,75
not building,/content/CompositeTiles/Composite tiles40.TIF,250,129.61111111111111,152.5,36.29529949500484,161.31944444444446,144,48.54546162244008,0,0,0,72
not building,/content/CompositeTiles/Composite tiles40.TIF,251,170.36170212765958,171,12.23341348984002,136.53191489361703,128,28.942239663832414,0,0,0,94
not building,/content/CompositeTiles/Composite tiles40.TIF,252,86.68181818181819,89.5,12.814715843465288,182,176.5,31.394846131751684,0,0,0,22
not building,/content/CompositeTiles/Composite tiles40.TIF,253,171.26027397260273,171,9.824525360294817,173.95890410958904,162,60.09636972058749,0,0,0,73
not building,/content/CompositeTiles/Composite tiles40.TIF,254,129.97752808988764,150,35.66195137555056,178.02247191011236,158,55.92128848881444,0,0,0,89
building,/content/CompositeTiles/Composite tiles40.TIF,255,160.02857142857144,157.5,11.994012111491811,159.25714285714287,141,62.53563229,0,0,0,70
not building,/content/CompositeTiles/Composite tiles40.TIF,256,165.26666666666668,166,7.632969423639939,93.51666666666667,78,41.61509808818056,0,0,0,60
building,/content/CompositeTiles/Composite tiles40.TIF,257,75.57692307692308,72,11.637163314988918,167.7948717948718,166.5,17.75788664,0,0,0,78
not building,/content/CompositeTiles/Composite tiles40.TIF,258,86.35365853658537,68,33.51205533041458,195.5731707317073,188.5,20.22195769141281,0,0,0,82
building,/content/CompositeTiles/Composite tiles40.TIF,259,70.6,66,14.326199775236976,196.13333333333333,193,9.601157337645406,0,0,0,30
not building,/content/CompositeTiles/Composite tiles40.TIF,260,114.44,118,25.718081836197143,124.61333333333333,118,42.321592072552704,0,0,0,75
not building,/content/CompositeTiles/Composite tiles40.TIF,261,113.23404255319149,127,26.793308759764283,184.7659574468085,189,13.192861973886448,0,0,0,47
building,/content/CompositeTiles/Composite tiles40.TIF,262,70.94449262792715,69,7.998181033896795,113.93581960104076,111,18.826529293727905,0,0,0,1153
building,/content/CompositeTiles/Composite tiles40.TIF,263,70.94520547945206,69,6.272117928893125,184.02739726027397,183,18.996014436155356,0,0,0,73
building,/content/CompositeTiles/Composite tiles40.TIF,264,76.17021276595744,74,8.418114078318357,220.04255319148936,219,5.797862581,0,0,0,47
building,/content/CompositeTiles/Composite tiles40.TIF,265,72.97142857142858,69,11.507725887508828,193.8,199,26.837926255847073,0,0,0,35
not building,/content/CompositeTiles/Composite tiles40.TIF,266,164.6923830516777,165,16.41179328658014,125.54298310066127,102,69.22409843175924,0,0,0,4083
building,/content/CompositeTiles/Composite tiles40.TIF,267,65.21438645980254,66,5.629036806692612,252.94005641748942,255,11.757298390408605,0,0,0,1418
building,/content/CompositeTiles/Composite tiles40.TIF,268,70.10810810810811,69,3.3026098098140815,179.93243243243242,178.5,18.128916040016712,0,0,0,74
building,/content/CompositeTiles/Composite tiles40.TIF,269,69.32258065,69,1.5737175377613506,160.9516129032258,160,19.465790852867382,0,0,0,62
not building,/content/CompositeTiles/Composite tiles40.TIF,270,154.73809523809524,156,11.242054387347206,226.0952380952381,226,7.318630902,0,0,0,42
not building,/content/CompositeTiles/Composite tiles40.TIF,271,99.84697821503865,104.5,35.44669698477187,251.98945888966972,255,15.567917121052018,0,0,0,5692
building,/content/CompositeTiles/Composite tiles40.TIF,272,66.49295774647888,65,5.601491852180597,149.16901408450704,135,25.33604342061067,0,0,0,71
not building,/content/CompositeTiles/Composite tiles40.TIF,273,74.66703910614525,65,23.073619792725477,250.28826815642458,255,12.355336160444576,0,0,0,895
building,/content/CompositeTiles/Composite tiles40.TIF,274,69.86567164179104,67,8.641958599154147,186.02985074626866,184,17.463796367336997,0,0,0,67
not building,/content/CompositeTiles/Composite tiles40.TIF,275,100.11320754716981,100,16.55369807324999,243,255,37.790884395528856,0,0,0,53
building,/content/CompositeTiles/Composite tiles40.TIF,276,175.66129032258064,177,11.28222059529391,141.01612903225808,137,22.118808180781112,0,0,0,62
not building,/content/CompositeTiles/Composite tiles40.TIF,277,166.625,168,9.805663755,139.875,129,47.95395288,0,0,0,72
building,/content/CompositeTiles/Composite tiles40.TIF,278,68.05,66,6.037176492367935,198.6,215.5,39.92793508,0,0,0,20
not building,/content/CompositeTiles/Composite tiles40.TIF,279,116.96825396825396,117,12.021103472535492,244.1904761904762,255,20.628118536997437,0,0,0,63
not building,/content/CompositeTiles/Composite tiles40.TIF,280,101.0584578435297,85,40.08376895,222.83043467605566,255,57.01111711156749,0,0,0,244826
not building,/content/CompositeTiles/Composite tiles40.TIF,281,165.07554806070826,164,13.067848335238013,120.92074198988196,95,70.44150904891643,0,0,0,2965
not building,/content/CompositeTiles/Composite tiles40.TIF,282,138.42857142857142,139,12.343386232046269,124.37142857142857,107.5,48.41669470885649,0,0,0,70
not building,/content/CompositeTiles/Composite tiles40.TIF,283,146.94545454545454,147,4.096198600557182,175.43636363636364,171,17.98258110340381,0,0,0,55
not building,/content/CompositeTiles/Composite tiles40.TIF,284,153.05633802816902,154,12.175809917756707,114.21126760563381,104,43.52946727135984,0,0,0,71
not building,/content/CompositeTiles/Composite tiles40.TIF,285,156.96666666666667,162,24.13777583420275,112.06666666666666,105,39.19092865560714,0,0,0,30
not building,/content/CompositeTiles/Composite tiles40.TIF,286,173.0487804878049,173,7.442302356559329,135.8902439,119,59.09954522906226,0,0,0,82
building,/content/CompositeTiles/Composite tiles40.TIF,287,73.4110119,63,25.098907871797948,196.49940476190477,218,59.87790652754889,0,0,0,3360
not building,/content/CompositeTiles/Composite tiles40.TIF,288,146.3030303030303,147,10.925324621721353,151.8080808080808,130,67.66176676805955,0,0,0,99
not building,/content/CompositeTiles/Composite tiles40.TIF,289,61.95294117647059,61,2.108279936502133,223.72941176470587,220,9.872586210183663,0,0,0,85
not building,/content/CompositeTiles/Composite tiles40.TIF,290,126.3804347826087,134,29.294918089967762,83.32608695652173,77,28.941510993746242,0,0,0,92
not building,/content/CompositeTiles/Composite tiles40.TIF,291,70.8,70,2.767670500619609,171.575,163.5,43.76636122640309,0,0,0,40
building,/content/CompositeTiles/Composite tiles40.TIF,292,70.83870967741936,69,4.239573732327559,192.80645161290323,191,9.087103072358028,0,0,0,62
not building,/content/CompositeTiles/Composite tiles40.TIF,293,143.3030303030303,145,8.088468591185658,141.66666666666666,134,52.88103668049673,0,0,0,33
not building,/content/CompositeTiles/Composite tiles40.TIF,294,71.96875,67,13.120795457497994,166.84375,160.5,51.307351675344734,0,0,0,32
not building,/content/CompositeTiles/Composite tiles40.TIF,295,124.28947368421052,126,18.355994137491525,233.51315789473685,255,36.27108948092081,0,0,0,76
not building,/content/CompositeTiles/Composite tiles40.TIF,296,114.56515444015444,121,26.579878919835895,247.13368725868725,255,24.109687096408962,0,0,0,2072
not building,/content/CompositeTiles/Composite tiles40.TIF,297,86.27659574468085,76,23.53331918398467,125.87234042553192,106,45.99751011821835,0,0,0,47
not building,/content/CompositeTiles/Composite tiles40.TIF,298,144.18333333333334,150,17.656435716820713,116.68333333333334,106,40.28543643661924,0,0,0,60
not building,/content/CompositeTiles/Composite tiles40.TIF,299,171.11111111111111,173,11.153555295739967,128.5252525252525,95,83.06238904,0,0,0,99
building,/content/CompositeTiles/Composite tiles40.TIF,300,74.32911392405063,70,12.303875605315259,192.7594936708861,189,23.310895583571813,0,0,0,79
not building,/content/CompositeTiles/Composite tiles40.TIF,301,70.27668129,61,18.827331292725052,220.95394736842104,255,46.49071701,0,0,0,2736
not building,/content/CompositeTiles/Composite tiles40.TIF,302,143.86363636363637,149.5,21.130106600740984,119.86363636363636,116.5,22.231827010648608,0,0,0,44
not building,/content/CompositeTiles/Composite tiles40.TIF,303,158.03571428571428,155.5,9.901234204659044,138.42857142857142,128,35.001457695592144,0,0,0,28
not building,/content/CompositeTiles/Composite tiles40.TIF,304,144.93103448275863,147,11.359125253119288,178.9655172413793,177,51.293935084536066,0,0,0,29
not building,/content/CompositeTiles/Composite tiles40.TIF,305,121.96774193548387,126,17.735482697520467,255,255,0,0,0,0,31
not building,/content/CompositeTiles/Composite tiles40.TIF,306,165.86301369863014,167,11.114984416941548,195.97260273972603,209,57.63108289,0,0,0,73
building,/content/CompositeTiles/Composite tiles40.TIF,307,69.72972972972973,70,3.0504642858729576,219.56756756756758,219,7.436362597255935,0,0,0,74
not building,/content/CompositeTiles/Composite tiles40.TIF,308,156.08219178082192,156,9.339492557066155,230.16438356164383,255,36.59703322754947,0,0,0,73
not building,/content/CompositeTiles/Composite tiles41.TIF,0,163.24615384615385,161.5,10.614983270004961,63.09230769230769,56,22.16249297066005,0,0,0,130
building,/content/CompositeTiles/Composite tiles41.TIF,1,60.77245508982036,59,6.535647663370448,155.92814371257484,154.5,19.451172974582565,0,0,0,334
building,/content/CompositeTiles/Composite tiles41.TIF,2,69.67338709677419,69,3.8356058711164764,152.96774193548387,150.5,23.662933953511374,0,0,0,248
building,/content/CompositeTiles/Composite tiles41.TIF,3,68.15246637,67,3.600458455796733,154.60538116591928,152,22.18888275980238,0,0,0,223
not building,/content/CompositeTiles/Composite tiles41.TIF,4,67.38053097345133,66,5.562705435,248.7787610619469,255,18.021979949408745,0,0,0,113
building,/content/CompositeTiles/Composite tiles41.TIF,5,76.6969697,72,14.813626368003172,128.91414141414143,126,15.287735297468249,0,0,0,198
building,/content/CompositeTiles/Composite tiles41.TIF,6,70.16091954022988,68,10.082274833643073,173.95402298850576,170.5,27.701573898593587,0,0,0,174
building,/content/CompositeTiles/Composite tiles41.TIF,7,64.16513761,64,1.9371489570963898,159.46330275229357,158,22.78863856853725,0,0,0,218
building,/content/CompositeTiles/Composite tiles41.TIF,8,65.02654867256638,65,2.2693033393226805,161.73008849557522,158.5,24.362721359231745,0,0,0,226
building,/content/CompositeTiles/Composite tiles41.TIF,9,68.36645962732919,68,5.599123091,169.70186335403727,165,24.048823196760164,0,0,0,161
building,/content/CompositeTiles/Composite tiles41.TIF,10,64.55956679,64,3.1383657983939135,128.33935018050542,127,15.788093704650734,0,0,0,554
building,/content/CompositeTiles/Composite tiles41.TIF,11,67.62048192771084,67,3.140380570757542,158.1867469879518,154,26.85449535446931,0,0,0,166
building,/content/CompositeTiles/Composite tiles41.TIF,12,68.09359606,67,2.7625411972291762,173.04926108374383,171,25.117213632014774,0,0,0,203
not building,/content/CompositeTiles/Composite tiles41.TIF,13,119.21534130893737,114,14.37235073184233,197.0823364,195,29.68397192176652,0,0,0,1421
not building,/content/CompositeTiles/Composite tiles41.TIF,14,151.20111731843576,152,9.427393751,131.83240223463687,120,50.99528798842659,0,0,0,179
building,/content/CompositeTiles/Composite tiles41.TIF,15,68.31788079470199,68,2.5250293052581814,167.74834437086093,166,25.36807675900846,0,0,0,151
building,/content/CompositeTiles/Composite tiles41.TIF,16,71.10828025477707,70,5.208493330605354,161.63057324840764,161,21.25708173468804,0,0,0,157
not building,/content/CompositeTiles/Composite tiles41.TIF,17,164.1977186311787,165,11.55047093523786,63.87832699619772,54,32.69376904,0,0,0,263
not building,/content/CompositeTiles/Composite tiles41.TIF,18,165.93396226415095,168.5,15.017140438244965,83.39622641509433,79,22.71674606535436,0,0,0,106
building,/content/CompositeTiles/Composite tiles41.TIF,19,67.86772486772487,67,4.864129106698369,155.2910052910053,151,26.392939843688588,0,0,0,189
building,/content/CompositeTiles/Composite tiles41.TIF,20,69.81914893617021,68,7.795542597027698,161.3537234042553,155,30.467368085398423,0,0,0,376
building,/content/CompositeTiles/Composite tiles41.TIF,21,67.72687224669603,67,2.713212962226288,153.51541850220264,154,23.58364026737559,0,0,0,227
not building,/content/CompositeTiles/Composite tiles41.TIF,22,163.7240356083086,165,13.237539385994843,66.71216617210682,47,44.98186512655059,0,0,0,337
building,/content/CompositeTiles/Composite tiles41.TIF,23,66.91127098321343,60,15.13502116849173,161.20383693045562,163,23.381502550883194,0,0,0,417
not building,/content/CompositeTiles/Composite tiles41.TIF,24,162.47769028871392,163,12.739986069809282,68.87926509186352,55,43.619099521075206,0,0,0,1143
not building,/content/CompositeTiles/Composite tiles41.TIF,25,164.71266968325793,167,13.195236787123845,136.78280542986425,126.5,54.59690105490646,0,0,0,442
building,/content/CompositeTiles/Composite tiles41.TIF,26,68.11470588235294,67,4.765848628396513,166.31176470588235,162,28.58521588993248,0,0,0,340
not building,/content/CompositeTiles/Composite tiles41.TIF,27,151.72142857142856,152.5,19.33282473527596,107.31428571428572,100.5,40.90478241587157,0,0,0,140
building,/content/CompositeTiles/Composite tiles41.TIF,28,69.23478260869565,68,5.745062810089325,152.75652173913045,150,17.59105074071958,0,0,0,230
building,/content/CompositeTiles/Composite tiles41.TIF,29,69.06811145510837,68,6.601552859,161.23529411764707,157,25.68227621533577,0,0,0,323
not building,/content/CompositeTiles/Composite tiles41.TIF,30,75.44816053511705,73,13.425372386145195,245.35451505016724,255,20.425770774228948,0,0,0,299
not building,/content/CompositeTiles/Composite tiles41.TIF,31,165.89655172413794,168,18.455197482774395,138.53918495297805,115,63.54869433996071,0,0,0,319
not building,/content/CompositeTiles/Composite tiles41.TIF,32,169.51160391954616,169,15.523235988355834,118.21351211964931,88,73.94014279709852,0,0,0,1939
not building,/content/CompositeTiles/Composite tiles41.TIF,33,164.67260273972602,163,15.844611549153047,106.19041095890411,82,58.42263978593521,0,0,0,1460
not building,/content/CompositeTiles/Composite tiles41.TIF,34,164.04054054054055,163,13.778897772472225,79.88981288981289,63,45.14447034,0,0,0,962
not building,/content/CompositeTiles/Composite tiles41.TIF,35,180.06617647058823,180,8.231219448898015,106.84191176470588,87,59.882611950316715,0,0,0,272
not building,/content/CompositeTiles/Composite tiles41.TIF,36,164.5861466821886,165,13.54144137926524,105.99476135040744,101,50.53238655851587,0,0,0,1718
not building,/content/CompositeTiles/Composite tiles41.TIF,37,168.614052,168,9.881406249,177.43888354186717,173,62.04946852224504,0,0,0,1039
building,/content/CompositeTiles/Composite tiles41.TIF,38,65.35616438356165,65,3.624006195425843,122.21917808219177,118,12.58695408043905,0,0,0,146
not building,/content/CompositeTiles/Composite tiles41.TIF,39,169.5506217,169,8.905992881,188.32859680284193,190,55.96570584009674,0,0,0,563
not building,/content/CompositeTiles/Composite tiles41.TIF,40,149.56422018348624,150,14.660000018372278,94.33027523,68.5,64.34248315426099,0,0,0,218
not building,/content/CompositeTiles/Composite tiles41.TIF,41,171.48024316109422,173,11.455493576078325,109.45896656534954,89,64.58790800397695,0,0,0,329
not building,/content/CompositeTiles/Composite tiles41.TIF,42,161.9855305466238,164,14.824963183771901,127.34887459807074,101,73.08715334628936,0,0,0,622
not building,/content/CompositeTiles/Composite tiles41.TIF,43,158.64685908319186,161,16.44719629681554,129.6383701188455,108,70.90788846510296,0,0,0,589
building,/content/CompositeTiles/Composite tiles41.TIF,44,70.94495412844037,68,7.491864357486442,141.43119266055047,140,20.351084211674497,0,0,0,763
not building,/content/CompositeTiles/Composite tiles41.TIF,45,163.74152046783627,165,15.971680933459204,130.85380116959064,105,74.41554516862784,0,0,0,855
not building,/content/CompositeTiles/Composite tiles41.TIF,46,168.1071729957806,167,7.232684197449123,192.94683544303797,188,46.94472601,0,0,0,1185
not building,/content/CompositeTiles/Composite tiles41.TIF,47,169.30759162303664,170,12.487832610572102,90.76701570680628,69,60.68123873180187,0,0,0,764
not building,/content/CompositeTiles/Composite tiles41.TIF,48,164.91615541922292,164,7.633416254,166.24335378323107,158,40.48499534970752,0,0,0,489
not building,/content/CompositeTiles/Composite tiles41.TIF,49,167.28125,166,9.902601851912456,104.3515625,81,66.48079960641714,0,0,0,256
not building,/content/CompositeTiles/Composite tiles41.TIF,50,150.86754966887418,152,17.396496372800403,141.12582781456953,121,64.91046351183563,0,0,0,302
not building,/content/CompositeTiles/Composite tiles41.TIF,51,173.18636847710331,173,9.609321969196117,115.56549520766774,87,74.09166473943071,0,0,0,939
not building,/content/CompositeTiles/Composite tiles41.TIF,52,174.52469135802468,176,10.62852010957099,109.82098765432099,90,64.02236340770692,0,0,0,162
not building,/content/CompositeTiles/Composite tiles41.TIF,53,167.02884615384616,167.5,12.92665954041365,63.15384615384615,47.5,43.70415603163925,0,0,0,312
not building,/content/CompositeTiles/Composite tiles41.TIF,54,127.72014925373135,127,13.64310706,255,255,0,0,0,0,268
not building,/content/CompositeTiles/Composite tiles41.TIF,55,159.28176431863068,159,17.01727049141633,100.56945358788677,79,61.91920888011001,0,0,0,1519
not building,/content/CompositeTiles/Composite tiles41.TIF,56,153.0392749244713,157,22.21254710790938,95.31419939577039,74,57.25079514382944,0,0,0,331
not building,/content/CompositeTiles/Composite tiles41.TIF,57,167.82222222222222,166,8.196988305710251,137.57777777777778,121,52.97210540102483,0,0,0,180
not building,/content/CompositeTiles/Composite tiles41.TIF,58,151.80662188099808,163,34.095180288636215,112.80902111324376,88,67.77050011895909,0,0,0,2084
building,/content/CompositeTiles/Composite tiles41.TIF,59,78.41093474426808,75,8.793862318126688,155.65255731922397,126,64.41995366319395,0,0,0,567
not building,/content/CompositeTiles/Composite tiles41.TIF,60,158.97095959595958,161,17.218014265320836,128.34595959595958,108,70.96018238191849,0,0,0,792
not building,/content/CompositeTiles/Composite tiles41.TIF,61,154.50943396226415,156,13.467812980289493,71.41509433962264,62,30.008762218671407,0,0,0,106
not building,/content/CompositeTiles/Composite tiles41.TIF,62,162.68275862068967,161.5,14.60382729630684,137.96206896551723,120,65.53705408,0,0,0,290
not building,/content/CompositeTiles/Composite tiles41.TIF,63,167.8019093078759,168,10.466739966160489,155.16229116945107,138,63.47327561,0,0,0,419
not building,/content/CompositeTiles/Composite tiles41.TIF,64,165.364,164.5,12.683407954226393,97.28133333333334,81,57.02193307452454,0,0,0,750
not building,/content/CompositeTiles/Composite tiles41.TIF,65,158.97118644067797,161.5,18.241808478285815,96.13559322033899,76,59.391449943093704,0,0,0,590
not building,/content/CompositeTiles/Composite tiles41.TIF,66,164.23145400593472,163,9.987224270422013,84.03264095,67,46.84847222694332,0,0,0,337
not building,/content/CompositeTiles/Composite tiles41.TIF,67,156.20719424460432,158,8.729027407,255,255,0,0,0,0,695
not building,/content/CompositeTiles/Composite tiles41.TIF,68,167.2519685,170,14.530970728007839,92.48818897637796,85,36.21259756913946,0,0,0,127
not building,/content/CompositeTiles/Composite tiles41.TIF,69,167.0373831775701,166,12.177752991360743,96.19626168224299,77,46.135606548873476,0,0,0,107
not building,/content/CompositeTiles/Composite tiles41.TIF,70,130.0183486238532,142,28.25051161390301,122.20183486238533,94,62.52526532508862,0,0,0,109
not building,/content/CompositeTiles/Composite tiles41.TIF,71,121.37867647058823,127,14.749127133137282,255,255,0,0,0,0,272
not building,/content/CompositeTiles/Composite tiles41.TIF,72,161.9952463,161,16.978008905385643,110.96629213483146,86,67.16174368280267,0,0,0,2314
not building,/content/CompositeTiles/Composite tiles41.TIF,73,116.71428571428571,122,16.843460188771264,253.93436293436292,255,8.172343456262736,0,0,0,259
not building,/content/CompositeTiles/Composite tiles41.TIF,74,150.0641509433962,149,11.651206016442824,137.1320754716981,134,39.965569019008996,0,0,0,265
not building,/content/CompositeTiles/Composite tiles41.TIF,75,165.4440366972477,168,17.973504613979575,123.45321100917431,120,55.01464454,0,0,0,545
not building,/content/CompositeTiles/Composite tiles41.TIF,76,111.82903225806452,115,21.446402714349468,216.94193548387096,255,52.892250631818115,0,0,0,310
not building,/content/CompositeTiles/Composite tiles41.TIF,77,66.64397905759162,65,6.695427280671907,254.94633507853402,255,1.0626942312272298,0,0,0,764
building,/content/CompositeTiles/Composite tiles41.TIF,78,60.391666666666666,60,3.3535946717249865,144.4,142,19.26023537412424,0,0,0,240
building,/content/CompositeTiles/Composite tiles41.TIF,79,80.16891891891892,80,6.530995240486989,120.5608108108108,116,26.74535229928475,0,0,0,148
building,/content/CompositeTiles/Composite tiles41.TIF,80,71.92561983471074,70,6.296614975762374,129.9793388429752,119,27.46499625701016,0,0,0,242
building,/content/CompositeTiles/Composite tiles41.TIF,81,67.88549618,68,5.244613698,98.76335877862596,92,23.43281188180522,0,0,0,131
building,/content/CompositeTiles/Composite tiles41.TIF,82,71.36106750392464,68,11.444422693668807,85.75902668759812,81,22.005547701997962,0,0,0,1274
building,/content/CompositeTiles/Composite tiles41.TIF,83,69.99390244,69,4.983505661019026,117.5,108.5,24.726676618287502,0,0,0,164
building,/content/CompositeTiles/Composite tiles41.TIF,84,78.59624413145539,76,8.974475279966427,114.4225352112676,111,16.868167624810738,0,0,0,213
not building,/content/CompositeTiles/Composite tiles41.TIF,85,126.20146222583266,146,35.09431072171411,254.98889791497427,255,0.4838425978504837,0,0,0,3693
building,/content/CompositeTiles/Composite tiles41.TIF,86,74.14179104477611,71,10.398157834174159,102.26119402985074,94,25.095022133636892,0,0,0,134
building,/content/CompositeTiles/Composite tiles41.TIF,87,65.57792207792208,65,2.911648053,154.13636363636363,151,26.071596771303266,0,0,0,154
building,/content/CompositeTiles/Composite tiles41.TIF,88,83.55737704918033,75.5,27.18185544165954,103.31147540983606,98,20.492334419346015,0,0,0,122
building,/content/CompositeTiles/Composite tiles41.TIF,89,90.65546218487395,89,8.549840997872776,182.3361344537815,176,12.768973235719747,0,0,0,119
not building,/content/CompositeTiles/Composite tiles41.TIF,90,158.91017964071855,158,8.141581263901458,184.89221556886227,181,51.44080138554475,0,0,0,167
building,/content/CompositeTiles/Composite tiles41.TIF,91,71.21875,69,7.804183073038459,120.5,118,16.09978648926749,0,0,0,128
building,/content/CompositeTiles/Composite tiles41.TIF,92,67.39735099337749,67,1.922606778263178,169.12582781456953,165,21.92017566389273,0,0,0,151
not building,/content/CompositeTiles/Composite tiles41.TIF,93,151.23461538461538,154,16.273230550335683,112.56153846153846,105,32.96210034526923,0,0,0,260
not building,/content/CompositeTiles/Composite tiles41.TIF,94,153.51965601965603,157,15.998279449247752,97.20270270270271,83.5,50.38563270285874,0,0,0,814
building,/content/CompositeTiles/Composite tiles41.TIF,95,72.87323943661971,71,8.942271157245925,110.53802816901408,96,39.84074765333441,0,0,0,355
building,/content/CompositeTiles/Composite tiles41.TIF,96,73.24666666666667,73,7.2119684475799595,143.36,141,28.19699274745447,0,0,0,150
not building,/content/CompositeTiles/Composite tiles41.TIF,97,152.0973926380368,153,10.876842313977711,255,255,0,0,0,0,1304
building,/content/CompositeTiles/Composite tiles41.TIF,98,73.19892473,71,8.261726688535214,151.13440860215053,147,31.353485836707442,0,0,0,186
not building,/content/CompositeTiles/Composite tiles41.TIF,99,127.88181818181818,133,15.210481923021982,255,255,0,0,0,0,110
building,/content/CompositeTiles/Composite tiles41.TIF,100,80.27876106194691,82,13.477519475348396,181.68141592920355,176,20.744021630179972,0,0,0,226
not building,/content/CompositeTiles/Composite tiles41.TIF,101,104.83755588673621,105.5,32.119080168442665,239.7280178837556,255,30.21756339452133,0,0,0,1342
building,/content/CompositeTiles/Composite tiles41.TIF,102,70.07100591715977,70,4.78974986,134.57988165680473,122,32.408192732687404,0,0,0,169
building,/content/CompositeTiles/Composite tiles41.TIF,103,76.96710526315789,76,9.032410766,126.21710526315789,119,28.17950397455707,0,0,0,304
building,/content/CompositeTiles/Composite tiles41.TIF,104,69.86742424242425,68,10.790420809415211,99.86363636363636,92,26.34021948531248,0,0,0,264
not building,/content/CompositeTiles/Composite tiles41.TIF,105,163.1203007518797,163,13.609642531468648,252.93045112781954,255,14.08903126734137,0,0,0,532
building,/content/CompositeTiles/Composite tiles41.TIF,106,66.66453674121406,67,3.328536869668044,178.33546325878595,172,38.05821068447965,0,0,0,313
building,/content/CompositeTiles/Composite tiles41.TIF,107,109.79527559055119,103,23.130012062143763,189.98425196850394,183,27.57180582422836,0,0,0,127
not building,/content/CompositeTiles/Composite tiles41.TIF,108,112.135,110.5,23.76545339352902,185.73,182,30.84537404538969,0,0,0,200
not building,/content/CompositeTiles/Composite tiles41.TIF,109,120.03553299492386,138,39.80949248258501,182.8020304568528,176,50.57934808526141,0,0,0,197
building,/content/CompositeTiles/Composite tiles41.TIF,110,72.07262569832402,70,8.569158634188486,120.93854748603351,114,26.23830668231103,0,0,0,179
building,/content/CompositeTiles/Composite tiles41.TIF,111,63.52325581395349,61,8.031517485544418,163.72093023255815,156,42.595897597749044,0,0,0,172
building,/content/CompositeTiles/Composite tiles41.TIF,112,66.73931623931624,62,14.262061665526298,174.51709401709402,171,33.38165930387598,0,0,0,234
not building,/content/CompositeTiles/Composite tiles41.TIF,113,138.62003780718337,144,17.057482467442696,157.84877126654064,146,43.96183044753025,0,0,0,529
building,/content/CompositeTiles/Composite tiles41.TIF,114,70.99642857142857,70,3.8817321375585796,167.72857142857143,165,21.719426083295918,0,0,0,280
not building,/content/CompositeTiles/Composite tiles41.TIF,115,165.54245283018867,166,10.19216724886847,153.83962264150944,140.5,66.65740865169818,0,0,0,212
not building,/content/CompositeTiles/Composite tiles41.TIF,116,148.8343949044586,151,13.826885623130512,164.96178343949043,155,35.75249051060728,0,0,0,157
not building,/content/CompositeTiles/Composite tiles41.TIF,117,135.44332210998877,136,14.24671926581717,254.57884399551065,255,6.346230993424585,0,0,0,3564
not building,/content/CompositeTiles/Composite tiles41.TIF,118,0.2897714666074995,0,6.8872429519487754,0.011537608165076547,0,0.28317200884474747,0,0,0,4507
not building,/content/CompositeTiles/Composite tiles41.TIF,119,161.47835301241295,161,9.158446520585084,203.37359975779594,210,50.06231351025495,0,0,0,3303
not building,/content/CompositeTiles/Composite tiles41.TIF,120,90.28587319243604,75,30.786745963456458,211.3170189098999,232,48.630872811884565,0,0,0,899
building,/content/CompositeTiles/Composite tiles41.TIF,121,73.36090226,71,9.468855434849827,151.52631578947367,148,18.943357971558868,0,0,0,133
building,/content/CompositeTiles/Composite tiles41.TIF,122,69.71034482758621,70,2.4266259856429016,144.80689655172415,144,23.671981561716883,0,0,0,145
building,/content/CompositeTiles/Composite tiles41.TIF,123,75.8828125,73,9.197164214574173,145.625,143.5,18.917171432325713,0,0,0,128
building,/content/CompositeTiles/Composite tiles41.TIF,124,63.69032258064516,63,3.9342462358536765,134.2258064516129,127,24.49662212055731,0,0,0,155
building,/content/CompositeTiles/Composite tiles41.TIF,125,71.86221591,69,11.147064959484135,98.35464015151516,90,32.539190928356284,0,0,0,2112
building,/content/CompositeTiles/Composite tiles41.TIF,126,72.27147766323024,71,4.781677969945692,108.40893470790378,105,16.874545865826065,0,0,0,291
building,/content/CompositeTiles/Composite tiles41.TIF,127,71.53521126760563,71,4.227112309425047,175.59859154929578,171,28.209243280651304,0,0,0,142
building,/content/CompositeTiles/Composite tiles41.TIF,128,69.76068376068376,69,3.5195414732666492,160.97435897435898,153,28.579910922705302,0,0,0,117
not building,/content/CompositeTiles/Composite tiles41.TIF,129,166.07608695652175,167,12.543172138529648,94.47101449275362,74.5,50.95830805511864,0,0,0,276
not building,/content/CompositeTiles/Composite tiles41.TIF,130,165.2478184991274,165,10.727206833339348,210.97033158813264,226,47.676053743867364,0,0,0,573
not building,/content/CompositeTiles/Composite tiles41.TIF,131,125.45985401459853,127,11.362645033990514,254.90510948905109,255,0.7630443413355901,0,0,0,137
not building,/content/CompositeTiles/Composite tiles41.TIF,132,163.14760585674713,162,11.279377384457812,243.0379897111199,255,30.845199573971072,0,0,0,2527
building,/content/CompositeTiles/Composite tiles41.TIF,133,62.36158192090395,60,8.565750601858104,162.50282485875707,160,25.819478543265774,0,0,0,177
not building,/content/CompositeTiles/Composite tiles41.TIF,134,163.86124401913875,164,12.182616856666709,86.56937799043062,71,43.46528307313157,0,0,0,209
not building,/content/CompositeTiles/Composite tiles41.TIF,135,162.0952380952381,160,13.758130970464466,164.7047619047619,159,47.80295344721541,0,0,0,105
building,/content/CompositeTiles/Composite tiles41.TIF,136,68.09821428571429,68,2.325939984441664,185.41071428571428,186,22.238782714722788,0,0,0,112
not building,/content/CompositeTiles/Composite tiles41.TIF,137,102.69077306733168,96,30.879366920281562,220.0847880299252,236,40.492544715953855,0,0,0,802
not building,/content/CompositeTiles/Composite tiles41.TIF,138,153.52247191011236,152,11.328945256785092,170.73876404494382,167,59.82461973604431,0,0,0,356
building,/content/CompositeTiles/Composite tiles41.TIF,139,72.36597938,71,10.01905799014479,110.56572164948453,105,24.114381862771268,0,0,0,776
building,/content/CompositeTiles/Composite tiles41.TIF,140,62.74242424242424,61,4.567044684842891,163.27272727272728,159,26.550150062091163,0,0,0,132
not building,/content/CompositeTiles/Composite tiles41.TIF,141,163.52659574468086,163,12.113573146206388,186.4787234042553,187,48.534749280613426,0,0,0,188
not building,/content/CompositeTiles/Composite tiles41.TIF,142,131.3546099,135,13.098716710341273,254.65248226950354,255,2.489654667451051,0,0,0,141
not building,/content/CompositeTiles/Composite tiles41.TIF,143,121.11333333333333,120,11.818368001641437,254.3,255,4.615553415716617,0,0,0,150
building,/content/CompositeTiles/Composite tiles41.TIF,144,255,255,0,255,255,0,255,255,0,13465
building,/content/CompositeTiles/Composite tiles41.TIF,145,72.93893129770993,71,9.063605373653788,101.67175572519083,92,28.905067768800606,0,0,0,131
building,/content/CompositeTiles/Composite tiles41.TIF,146,75.92410714285714,74,10.625464238057305,126.59375,122,24.866431694620246,0,0,0,224
building,/content/CompositeTiles/Composite tiles41.TIF,147,69.94298245614036,69,3.748835358288206,125.17543859649123,116,26.313309824695946,0,0,0,228
building,/content/CompositeTiles/Composite tiles41.TIF,148,73.31223628691983,71,7.259765579,122.45991561181435,115,23.285865146150208,0,0,0,237
building,/content/CompositeTiles/Composite tiles41.TIF,149,66.57083333333334,65.5,3.883080732127806,157.69583333333333,155,26.624768843545333,0,0,0,240
building,/content/CompositeTiles/Composite tiles41.TIF,150,62.174157303370784,62,3.3466410492214878,151.6011235955056,146.5,23.811841990116015,0,0,0,178
building,/content/CompositeTiles/Composite tiles41.TIF,151,64.90532544378698,65,1.1370188548721882,152.62130177514794,151,24.240140228665787,0,0,0,169
building,/content/CompositeTiles/Composite tiles41.TIF,152,72.54938271604938,71,5.5622764559168525,134.43827160493828,123,32.709899841331435,0,0,0,162
building,/content/CompositeTiles/Composite tiles41.TIF,153,59.57333333333333,58,6.464618232261584,145.59333333333333,139.5,28.604218026173847,0,0,0,150
building,/content/CompositeTiles/Composite tiles41.TIF,154,85.32520325203252,80,23.61324415990816,103.32520325203252,96,23.775541143494625,0,0,0,123
building,/content/CompositeTiles/Composite tiles41.TIF,155,66.20245398773007,65,4.576761130341182,159.69938650306747,153,28.795265239916066,0,0,0,163
not building,/content/CompositeTiles/Composite tiles41.TIF,156,163.9234693877551,167,11.565662593585149,121.6734693877551,103.5,69.26925806195086,0,0,0,196
building,/content/CompositeTiles/Composite tiles41.TIF,157,72.37951807228916,71,8.642529457884207,161.72289156626505,158,23.22042788488009,0,0,0,166
building,/content/CompositeTiles/Composite tiles41.TIF,158,71.50581395348837,69,9.425655916367774,160.9127906976744,156.5,24.605928083760002,0,0,0,172
building,/content/CompositeTiles/Composite tiles41.TIF,159,69.35185185185185,67,8.368424060837425,168.89506172839506,165.5,29.290922207428387,0,0,0,162
building,/content/CompositeTiles/Composite tiles41.TIF,160,73.01904761904763,72,5.346972356267125,120.96190476190476,114,28.72527468790667,0,0,0,105
building,/content/CompositeTiles/Composite tiles41.TIF,161,68.43258426966293,67,5.045685113576802,165.64044943820224,159,30.17877339858181,0,0,0,178
building,/content/CompositeTiles/Composite tiles41.TIF,162,70,69,5.342267590532091,118.22123893805309,112,26.466119438086313,0,0,0,226
building,/content/CompositeTiles/Composite tiles41.TIF,163,68.49645390070921,68,3.3126110065172107,181.65248226950354,179,25.02537317102337,0,0,0,141
not building,/content/CompositeTiles/Composite tiles41.TIF,164,171.0236220472441,169,9.471713295916365,136.64304461942257,121,63.01925411039514,0,0,0,381
not building,/content/CompositeTiles/Composite tiles41.TIF,165,151.25688073394497,151,13.334375572990117,94.05504587155963,65,61.391185881174984,0,0,0,109
building,/content/CompositeTiles/Composite tiles41.TIF,166,67.83935742971887,67,3.1759476953832633,165.93975903614458,163,25.138339843005113,0,0,0,249
building,/content/CompositeTiles/Composite tiles41.TIF,167,71.6015625,69,13.220686822498813,97.40625,91,22.389812659723173,0,0,0,128
building,/content/CompositeTiles/Composite tiles41.TIF,168,72.41279069767442,69,12.096196754886915,164.16860465116278,158.5,29.34746834146008,0,0,0,344
building,/content/CompositeTiles/Composite tiles41.TIF,169,70.29936305732484,70,5.741196493233955,155.82165605095543,149,30.002017593453235,0,0,0,157
building,/content/CompositeTiles/Composite tiles41.TIF,170,75.90638298,74,7.294399024588869,111.07659574468084,103,30.95560454,0,0,0,235
building,/content/CompositeTiles/Composite tiles41.TIF,171,67.76470588235294,68,4.587229653493159,167.2450980392157,164.5,27.393442851618676,0,0,0,102
not building,/content/CompositeTiles/Composite tiles41.TIF,172,85.95018116,75,27.81998063318789,220.51902173913044,255,47.23917329130458,0,0,0,1104
not building,/content/CompositeTiles/Composite tiles41.TIF,173,125.34848484848484,133,24.077836170927252,102.39393939393939,90,40.44557839559106,0,0,0,198
not building,/content/CompositeTiles/Composite tiles41.TIF,174,114.60393842740258,112,10.329241277595148,243.58161142698654,255,25.93026587499044,0,0,0,7211
not building,/content/CompositeTiles/Composite tiles41.TIF,175,95.61910994764398,78,31.975451992080725,226.5366492146597,255,45.54251183876176,0,0,0,764
building,/content/CompositeTiles/Composite tiles41.TIF,176,72.18320610687023,71,4.988232758879301,177.5267175572519,174,23.350737028195077,0,0,0,131
building,/content/CompositeTiles/Composite tiles41.TIF,177,67.97902097902097,67,4.357243838333212,171.6013986013986,165,30.378760490727814,0,0,0,143
building,/content/CompositeTiles/Composite tiles41.TIF,178,80.12598425,73,18.36120187,164.86614173228347,158,26.565729567922187,0,0,0,127
not building,/content/CompositeTiles/Composite tiles41.TIF,179,161.93908629441626,157,15.94203794326282,75.41624365482234,64,37.84310839366855,0,0,0,197
not building,/content/CompositeTiles/Composite tiles41.TIF,180,130.72532188841203,131,14.73200081700899,253.36909871244634,255,7.044389454937239,0,0,0,233
building,/content/CompositeTiles/Composite tiles41.TIF,181,114.2566371681416,112,22.835610585558154,187.72566371681415,183,28.850314882289723,0,0,0,113
not building,/content/CompositeTiles/Composite tiles41.TIF,182,117.06666666666666,120,9.270582705725875,255,255,0,0,0,0,135
not building,/content/CompositeTiles/Composite tiles41.TIF,183,166.10655737704917,167,8.341882652,91.88524590163935,77,57.104907302737885,0,0,0,244
building,/content/CompositeTiles/Composite tiles41.TIF,184,67.57692307692308,67,3.8020548788484296,164.42307692307693,159,26.22744170186738,0,0,0,104
not building,/content/CompositeTiles/Composite tiles41.TIF,185,166.85150812064964,166,11.021650968387611,220.72505800464037,255,44.56747327054265,0,0,0,862
building,/content/CompositeTiles/Composite tiles41.TIF,186,64.98285714285714,65,2.699151794205592,177.84,172,27.555815564569517,0,0,0,175
not building,/content/CompositeTiles/Composite tiles41.TIF,187,97.87589498806683,76,37.42198078240528,203.63007159904535,208,50.963500933915185,0,0,0,419
not building,/content/CompositeTiles/Composite tiles41.TIF,188,101.25274725274726,90.5,31.415626897003396,127.3543956043956,124,45.96699971823531,0,0,0,364
building,/content/CompositeTiles/Composite tiles41.TIF,189,66.15254237288136,66,5.149670252145438,133.98305084745763,125,32.39585217508496,0,0,0,118
not building,/content/CompositeTiles/Composite tiles41.TIF,190,161.78709677419354,159,7.647042098851196,192.96129032258065,191,52.89525667751532,0,0,0,155
building,/content/CompositeTiles/Composite tiles41.TIF,191,68.79411764705883,68,5.864045039173326,125.67647058823529,114,35.39991740455244,0,0,0,340
building,/content/CompositeTiles/Composite tiles41.TIF,192,70.25316455696202,70,3.813594451932072,120.21518987341773,116,20.11276494099066,0,0,0,79
building,/content/CompositeTiles/Composite tiles41.TIF,193,70.41176470588235,69.5,3.797194375,173.52941176470588,170,24.44951015281907,0,0,0,68
not building,/content/CompositeTiles/Composite tiles41.TIF,194,153.48648648648648,155.5,21.324546979278107,113.35135135135135,108,34.00295393862463,0,0,0,74
not building,/content/CompositeTiles/Composite tiles41.TIF,195,92.05888153839832,76,30.972223924614816,227.25381106956485,255,43.458656848994764,0,0,0,24337
not building,/content/CompositeTiles/Composite tiles41.TIF,196,167.61797752808988,168,10.452144146438185,126.35955056179775,115,44.271188589463556,0,0,0,89
not building,/content/CompositeTiles/Composite tiles41.TIF,197,176.30434782608697,178,9.634335258803121,113.21739130434783,107,50.385433127597274,0,0,0,23
not building,/content/CompositeTiles/Composite tiles41.TIF,198,153.46938775510205,153,14.171834730378286,78.16326530612245,71,26.982493900543698,0,0,0,98
not building,/content/CompositeTiles/Composite tiles41.TIF,199,82.33333333333333,84,11.832159566199232,194.88888888888889,187,45.48124019721256,0,0,0,9
building,/content/CompositeTiles/Composite tiles41.TIF,200,65.40433513964152,64,4.816767422372471,145.09920800333472,142,23.588740403430357,0,0,0,2399
not building,/content/CompositeTiles/Composite tiles41.TIF,201,159.66666666666666,158,4.387769963492303,198.63636363636363,191,41.211809267981614,0,0,0,33
not building,/content/CompositeTiles/Composite tiles41.TIF,202,160.3596491,159,11.07084617202337,81.09649122807018,55.5,57.87107105351949,0,0,0,228
not building,/content/CompositeTiles/Composite tiles41.TIF,203,163.78113663845224,165,14.581356042997927,112.1354292623942,112,44.49880549356155,0,0,0,827
not building,/content/CompositeTiles/Composite tiles41.TIF,204,78.70258331469469,67,25.48808607778265,231.40169984343547,255,45.43503045217349,0,0,0,17884
not building,/content/CompositeTiles/Composite tiles41.TIF,205,170.04166666666666,171,10.022803860308862,81.33333333333333,62,45.910162878773974,0,0,0,96
not building,/content/CompositeTiles/Composite tiles41.TIF,206,167.47691673536687,167,10.975287774988987,197.0774938169827,220,65.41470671462142,0,0,0,7278
not building,/content/CompositeTiles/Composite tiles41.TIF,207,163.16115411681915,162,17.760323981667387,108.35303776683087,83,67.08387808613917,0,0,0,4263
not building,/content/CompositeTiles/Composite tiles41.TIF,208,166.99804305283757,168,15.185029580870872,159.0958904109589,141,71.64481183830488,0,0,0,511
not building,/content/CompositeTiles/Composite tiles41.TIF,209,131.2,137,18.461491452931604,146.93333333333334,139,29.650107738234084,0,0,0,15
not building,/content/CompositeTiles/Composite tiles41.TIF,210,147.61111111111111,151,11.877330830381084,212.91666666666666,220.5,45.55178676822434,0,0,0,36
not building,/content/CompositeTiles/Composite tiles41.TIF,211,164.40540540540542,163,5.523705471234302,176.56756756756758,174,31.90402884034295,0,0,0,37
not building,/content/CompositeTiles/Composite tiles41.TIF,212,170.64285714285714,171,7.642523357197289,128.92857142857142,118,35.42237849099329,0,0,0,56
not building,/content/CompositeTiles/Composite tiles41.TIF,213,164.6949152542373,161,12.02293604301849,175.10169491525423,167,38.994869247578414,0,0,0,59
not building,/content/CompositeTiles/Composite tiles41.TIF,214,108.17886855241265,115,23.083595158509347,252.53078202995007,255,11.090812594848634,0,0,0,1202
not building,/content/CompositeTiles/Composite tiles41.TIF,215,167.00973236009733,167,12.840018899122724,71.62773722627738,58,48.64209734930457,0,0,0,411
not building,/content/CompositeTiles/Composite tiles41.TIF,216,83.95652173913044,78,14.429674318749525,212.69565217391303,210,21.21341136347755,0,0,0,69
not building,/content/CompositeTiles/Composite tiles41.TIF,217,153.8389662027833,152,15.696168142533983,97.97017892644135,79,57.31154704611349,0,0,0,503
not building,/content/CompositeTiles/Composite tiles41.TIF,218,164.2941176470588,168,14.246835379799274,238.41176470588235,255,30.944083960911346,0,0,0,68
not building,/content/CompositeTiles/Composite tiles41.TIF,219,178.46666666666667,177,5.987394165,123.2,116,25.87199257884866,0,0,0,15
not building,/content/CompositeTiles/Composite tiles41.TIF,220,171.88888888888889,171,7.6305798966450045,216.04761904761904,217,39.64702537789175,0,0,0,63
not building,/content/CompositeTiles/Composite tiles41.TIF,221,142.8112616426757,142,8.219925308337187,254.81456392887384,255,2.812995953137021,0,0,0,11810
building,/content/CompositeTiles/Composite tiles41.TIF,222,74.01694915254237,69,12.110356298448888,133.20338983050848,133,24.97848542789897,0,0,0,59
not building,/content/CompositeTiles/Composite tiles41.TIF,223,174.3111111111111,176,6.752192145180119,91.64444444444445,79,36.26026631976449,0,0,0,45
not building,/content/CompositeTiles/Composite tiles41.TIF,224,149.85855263157896,152,16.058376007877875,160.11513157894737,150.5,60.79373480950113,0,0,0,304
not building,/content/CompositeTiles/Composite tiles41.TIF,225,163.54267947993216,163,12.322705990479227,204.23544375353308,223,55.032034648726764,0,0,0,3538
not building,/content/CompositeTiles/Composite tiles41.TIF,226,173.2688172043011,173,7.3222885325342455,200.03225806451613,198,42.510075115188805,0,0,0,93
not building,/content/CompositeTiles/Composite tiles41.TIF,227,166.17910447761193,167,8.979122340407764,198.71641791044777,195,40.06815312229054,0,0,0,67
not building,/content/CompositeTiles/Composite tiles41.TIF,228,105.3407960199005,109.5,29.492401877781692,213.75621890547265,225,41.92127511295856,0,0,0,402
not building,/content/CompositeTiles/Composite tiles41.TIF,229,148.06451612903226,147,7.295316588106894,175.38709677419354,159,62.66741573415236,0,0,0,31
not building,/content/CompositeTiles/Composite tiles41.TIF,230,125.12310500070997,140,41.690902735357355,212.32108700917954,255,65.64341579766064,0,0,0,239446
building,/content/CompositeTiles/Composite tiles41.TIF,231,73.2625,72,5.551449698051853,128.2,112,42.09792156389672,0,0,0,80
not building,/content/CompositeTiles/Composite tiles41.TIF,232,121.55555555555556,122,12.34933896366547,130.38888888888889,116,39.64911687712353,0,0,0,54
not building,/content/CompositeTiles/Composite tiles41.TIF,233,81.29372999435135,69,27.241058609887236,186.22538128412728,255,79.23679825333569,0,0,0,5311
not building,/content/CompositeTiles/Composite tiles41.TIF,234,169.27835051546393,170,8.848952722752566,68.17525773195877,61,25.31859278,0,0,0,97
not building,/content/CompositeTiles/Composite tiles41.TIF,235,125.09229651162791,134,37.142911709620584,222.9018895348837,255,47.006997008397455,0,0,0,4128
not building,/content/CompositeTiles/Composite tiles41.TIF,236,162.4558823529412,162,10.11759362160991,170.89705882352942,158.5,56.98532827323455,0,0,0,68
building,/content/CompositeTiles/Composite tiles41.TIF,237,70.06818181818181,69,3.1543456840072035,172.25,166,26.166099685036606,0,0,0,88
not building,/content/CompositeTiles/Composite tiles41.TIF,238,149.10526315789474,148,9.069293113,192.8684210526316,180,38.78155492976118,0,0,0,38
not building,/content/CompositeTiles/Composite tiles41.TIF,239,152.13724434876212,156,19.120742667497392,204.92411194833153,231,55.84468456609559,0,0,0,1858
not building,/content/CompositeTiles/Composite tiles41.TIF,240,154.33734939759037,150,10.680775555561626,152.33734939759037,145,43.17079476550264,0,0,0,83
building,/content/CompositeTiles/Composite tiles41.TIF,241,61.27835051546392,60,4.007061468095751,187.53608247422682,186,23.98584713958436,0,0,0,97
not building,/content/CompositeTiles/Composite tiles41.TIF,242,173.40425531914894,175,10.153417985381866,93.14893617021276,73,44.20743112818673,0,0,0,47
building,/content/CompositeTiles/Composite tiles41.TIF,243,66.76136363636364,64,10.331982910737347,175.4431818181818,170,28.952099136703158,0,0,0,88
building,/content/CompositeTiles/Composite tiles41.TIF,244,67.47422680412372,68,4.129583447965972,177.55670103092783,178,25.604030398004873,0,0,0,97
building,/content/CompositeTiles/Composite tiles41.TIF,245,75.68831168831169,74,9.421252213,120.18181818181819,105,45.620321079487304,0,0,0,77
not building,/content/CompositeTiles/Composite tiles41.TIF,246,148.89473684210526,154,18.613977214388264,135.87719298245614,127,58.52876641,0,0,0,57
not building,/content/CompositeTiles/Composite tiles41.TIF,247,164.4652996845426,168,18.720412474267736,126.73501577287067,99,68.51495361257187,0,0,0,634
building,/content/CompositeTiles/Composite tiles41.TIF,248,76.69957983193277,73,10.823841556579909,124.79411764705883,114,33.32825735779126,0,0,0,476
not building,/content/CompositeTiles/Composite tiles41.TIF,249,169.48529411764707,168,10.67224636899625,184.73529411764707,168,47.634829585287456,0,0,0,68
not building,/content/CompositeTiles/Composite tiles41.TIF,250,163.3404255319149,163,8.575761477869213,177.93617021276594,182,58.73250006645498,0,0,0,47
building,/content/CompositeTiles/Composite tiles42.TIF,0,65.36513157894737,65,7.073270291333841,165.76973684210526,170,15.912061129986652,0,0,0,608
not building,/content/CompositeTiles/Composite tiles42.TIF,1,137.36410256410255,137,8.666809284,254.4051282051282,255,3.396072295291355,0,0,0,195
building,/content/CompositeTiles/Composite tiles42.TIF,2,62.863945578231295,62,3.5640675680591873,154.89795918367346,153,21.851612961800956,0,0,0,147
building,/content/CompositeTiles/Composite tiles42.TIF,3,71.26363636363637,70,4.090292882883644,116.06363636363636,113,17.930815158029066,0,0,0,220
building,/content/CompositeTiles/Composite tiles42.TIF,4,76.38636363636364,80,6.469408658681342,114.36616161616162,112,13.891344824184062,0,0,0,396
building,/content/CompositeTiles/Composite tiles42.TIF,5,71.97619047619048,71,4.363383508959361,162.4206349206349,158.5,20.793525081408433,0,0,0,126
building,/content/CompositeTiles/Composite tiles42.TIF,6,63.96825396825397,62,7.479003952798549,155.26190476190476,153,23.152763409898597,0,0,0,126
building,/content/CompositeTiles/Composite tiles42.TIF,7,71.77272727272727,71.5,3.6423246595573873,162.6818181818182,158,22.738739531515233,0,0,0,132
building,/content/CompositeTiles/Composite tiles42.TIF,8,72.35344827586206,71,5.594415796970545,138.22413793103448,132,28.304101751883508,0,0,0,116
building,/content/CompositeTiles/Composite tiles42.TIF,9,71.65306122448979,70,8.363878491347197,169.21768707482994,166,26.41055164489739,0,0,0,147
building,/content/CompositeTiles/Composite tiles42.TIF,10,75.17647058823529,73,8.639023305774003,150.6218487394958,142,22.332849376827056,0,0,0,119
building,/content/CompositeTiles/Composite tiles42.TIF,11,73.48936170212765,71,6.693510164030535,113.77304964539007,110,18.684908308607817,0,0,0,141
building,/content/CompositeTiles/Composite tiles42.TIF,12,75.52763819095478,74,3.6954392575552024,121.678392,115,27.486809727067197,0,0,0,199
building,/content/CompositeTiles/Composite tiles42.TIF,13,71.30172413793103,70,4.596137485538164,145.69827586206895,137.5,27.883136612873663,0,0,0,116
building,/content/CompositeTiles/Composite tiles42.TIF,14,73.73026315789474,72,5.095109103135397,167.94078947368422,166.5,18.588066896686126,0,0,0,152
building,/content/CompositeTiles/Composite tiles42.TIF,15,66.83703703703704,66,3.3271217845156538,155.77777777777777,150,24.41756097464727,0,0,0,135
building,/content/CompositeTiles/Composite tiles42.TIF,16,70.94308943,70,2.8033105081332397,159.6178861788618,159,19.253347433671863,0,0,0,123
building,/content/CompositeTiles/Composite tiles42.TIF,17,73.192,71,8.94489441,117.32,111,24.259134362132546,0,0,0,125
building,/content/CompositeTiles/Composite tiles42.TIF,18,75,74,6.609126686299451,176.02777777777777,179,25.700719954367806,0,0,0,144
not building,/content/CompositeTiles/Composite tiles42.TIF,19,144.06617647058823,145,14.352803684852551,156.58823529411765,147,46.199291850352516,0,0,0,136
building,/content/CompositeTiles/Composite tiles42.TIF,20,72.36764705882354,71.5,5.365753090515227,138.23529411764707,134.5,25.15663732266463,0,0,0,136
building,/content/CompositeTiles/Composite tiles42.TIF,21,68.36090226,69,3.665195675037105,131.24812030075188,126,21.60110203782866,0,0,0,133
building,/content/CompositeTiles/Composite tiles42.TIF,22,67.34210526315789,66,4.301833447085501,149.8421052631579,145.5,21.818059052789845,0,0,0,114
building,/content/CompositeTiles/Composite tiles42.TIF,23,74.32984293193718,72,9.610263899947729,119.10994764397905,114,26.66965755,0,0,0,191
building,/content/CompositeTiles/Composite tiles42.TIF,24,62.584245076586434,62,5.246027269335893,163.9343544857768,171,16.52569318683522,0,0,0,457
building,/content/CompositeTiles/Composite tiles42.TIF,25,71.04761904761905,71,3.0978011366267797,133.46938775510205,125,28.388774758312792,0,0,0,147
building,/content/CompositeTiles/Composite tiles42.TIF,26,70.53932584269663,70,5.990734755962615,174.97752808988764,176,18.798145693927097,0,0,0,178
building,/content/CompositeTiles/Composite tiles42.TIF,27,71.81564245810056,70,4.202231517528799,178.0223463687151,174,27.746650169198304,0,0,0,179
not building,/content/CompositeTiles/Composite tiles42.TIF,28,155.83163265306123,156,7.8133336706382694,121.7704081632653,111,40.40526008690633,0,0,0,196
building,/content/CompositeTiles/Composite tiles42.TIF,29,71.40425531914893,71,4.808353728689498,168.85106382978722,172,23.254660531964742,0,0,0,141
building,/content/CompositeTiles/Composite tiles42.TIF,30,71.93137254901961,69,8.394979597,148.4607843137255,138.5,33.79629622607392,0,0,0,102
building,/content/CompositeTiles/Composite tiles42.TIF,31,70.19393939393939,69,4.998056555268281,158.5090909090909,154,23.934916343820273,0,0,0,165
building,/content/CompositeTiles/Composite tiles42.TIF,32,71.1025641,70,4.0242525778078875,137.37820512820514,129,28.662568941337007,0,0,0,156
not building,/content/CompositeTiles/Composite tiles42.TIF,33,145.07030527289547,146,11.732315674309422,254.91026827012027,255,1.1502708614781336,0,0,0,1081
building,/content/CompositeTiles/Composite tiles42.TIF,34,70.87969925,70,4.571960297528828,187.09774436090225,185,20.168412979957978,0,0,0,133
building,/content/CompositeTiles/Composite tiles42.TIF,35,70.72897196261682,68,11.81601170395489,142.7289719626168,134,28.535457560646815,0,0,0,107
building,/content/CompositeTiles/Composite tiles42.TIF,36,74.20238095238095,72,7.456668095937388,170.42857142857142,167,26.79498252351313,0,0,0,168
building,/content/CompositeTiles/Composite tiles42.TIF,37,68.07964601769912,68,2.924239838959602,182.05309734513276,184,30.21833256733098,0,0,0,113
building,/content/CompositeTiles/Composite tiles42.TIF,38,71.35714285714286,70,3.370187422875191,169.36428571428573,166.5,23.259471408526927,0,0,0,140
building,/content/CompositeTiles/Composite tiles42.TIF,39,66.53205128205128,66,4.481328603065412,162.35897435897436,159,28.430290076252394,0,0,0,156
building,/content/CompositeTiles/Composite tiles42.TIF,40,73.53061224489795,72,5.437719263,139.78231292517006,132,25.982599359577346,0,0,0,147
not building,/content/CompositeTiles/Composite tiles42.TIF,41,116.1938775510204,133.5,40.887640506503764,237.39285714285714,255,29.66932983154593,0,0,0,196
not building,/content/CompositeTiles/Composite tiles42.TIF,42,148.7797752808989,153,17.307036821622788,243.92808988764045,255,22.779731720333036,0,0,0,445
building,/content/CompositeTiles/Composite tiles42.TIF,43,70.82242990654206,67,9.843459884957584,144.62616822429908,137,24.203391808528018,0,0,0,107
building,/content/CompositeTiles/Composite tiles42.TIF,44,73.11551155115511,71,6.349282617336943,168.8052805280528,164,28.30733683430282,0,0,0,303
building,/content/CompositeTiles/Composite tiles42.TIF,45,70.25490196078431,64,14.327417571615412,160.01307189542484,154,28.230606606783848,0,0,0,153
building,/content/CompositeTiles/Composite tiles42.TIF,46,71.98275862068965,69,9.576356263556802,137.42241379310346,126.5,29.256048847607612,0,0,0,116
not building,/content/CompositeTiles/Composite tiles42.TIF,47,140.4113475177305,146,19.866244553319106,254.74468085106383,255,2.383168685437592,0,0,0,141
building,/content/CompositeTiles/Composite tiles42.TIF,48,73.62318841,73,7.674730698,116.15217391304348,111,23.423295159811893,0,0,0,138
building,/content/CompositeTiles/Composite tiles42.TIF,49,72.5030303,70,15.377521667532951,186.3212121212121,194,28.19907324477341,0,0,0,165
building,/content/CompositeTiles/Composite tiles42.TIF,50,70.27692307692308,69,7.6761522659120995,167.66538461538462,175,38.82821577457154,0,0,0,260
building,/content/CompositeTiles/Composite tiles42.TIF,51,72.21969696969697,71,4.745515257555052,171.5151515151515,163,35.137712807476234,0,0,0,132
not building,/content/CompositeTiles/Composite tiles42.TIF,52,140.64684014869889,145,16.379042940176863,253.87360594795538,255,6.895853665631869,0,0,0,269
not building,/content/CompositeTiles/Composite tiles42.TIF,53,155.33364097831102,155,15.057676800517172,212.32879556991233,255,73.67599603573792,0,0,0,4334
not building,/content/CompositeTiles/Composite tiles42.TIF,54,162.12182741116752,160,9.111569078748845,110.72927241962775,83,72.54072528601118,0,0,0,591
not building,/content/CompositeTiles/Composite tiles42.TIF,55,7.847869507323568,0,32.39908781021009,2.9760319573901466,0,24.37624164136533,0,0,0,3004
not building,/content/CompositeTiles/Composite tiles42.TIF,56,163.85029940119762,165,9.768352139,188.86526946107784,195.5,52.385116307555656,0,0,0,334
not building,/content/CompositeTiles/Composite tiles42.TIF,57,114.87596899224806,113,19.68453048310078,76.19379845,61,46.04767962395147,0,0,0,258
building,/content/CompositeTiles/Composite tiles42.TIF,58,74.02068965517242,73,5.200091465398822,136.1793103448276,145,29.86005727077614,0,0,0,145
not building,/content/CompositeTiles/Composite tiles42.TIF,59,157.13793103448276,155,11.598823180291076,126.72068965517241,103.5,62.60501180394946,0,0,0,290
building,/content/CompositeTiles/Composite tiles42.TIF,60,75.12195122,74,7.133552195396745,153.6991869918699,151,23.87260734508987,0,0,0,123
building,/content/CompositeTiles/Composite tiles42.TIF,61,72.64566929133858,72,4.3098999002847265,141.76377952755905,134,27.496157696619655,0,0,0,127
building,/content/CompositeTiles/Composite tiles42.TIF,62,73.00746268656717,71.5,7.125208840779834,133.52238805970148,129,23.546624569681512,0,0,0,134
building,/content/CompositeTiles/Composite tiles42.TIF,63,76.27631578947368,74,6.991721955303786,132.35526315789474,124,31.006664796021727,0,0,0,152
building,/content/CompositeTiles/Composite tiles42.TIF,64,72.57017544,71,6.469861706059651,159.59649122807016,155.5,19.484910625262934,0,0,0,114
building,/content/CompositeTiles/Composite tiles42.TIF,65,70.32116788321167,70,3.5245423300123386,160.7810218978102,158,22.516081950485532,0,0,0,137
building,/content/CompositeTiles/Composite tiles42.TIF,66,75.79041916167665,74,6.406239786921578,129.16167664670658,121,35.13878682743367,0,0,0,167
building,/content/CompositeTiles/Composite tiles42.TIF,67,75.10810810810811,73,6.053963561,177.8581081081081,173,27.118112560670173,0,0,0,148
building,/content/CompositeTiles/Composite tiles42.TIF,68,73.71851851851852,72,5.635406392854027,160.6,154,24.859963350290315,0,0,0,135
not building,/content/CompositeTiles/Composite tiles42.TIF,69,154.14285714285714,153,10.281118438575295,75.33834586466165,66,25.69160279948866,0,0,0,133
building,/content/CompositeTiles/Composite tiles42.TIF,70,72.07878787878788,71,4.2182688949563305,135.27272727272728,127,27.75397621228869,0,0,0,165
not building,/content/CompositeTiles/Composite tiles42.TIF,71,164.11923509561305,166,15.593232108959889,143.82114735658044,123,75.81904158488192,0,0,0,889
not building,/content/CompositeTiles/Composite tiles42.TIF,72,125.24310776942356,130,22.482375082256386,85.07017544,73,49.77100531579264,0,0,0,399
building,/content/CompositeTiles/Composite tiles42.TIF,73,73.38686131386861,73,5.613133940180048,136.03649635036496,124,31.307145416786195,0,0,0,137
not building,/content/CompositeTiles/Composite tiles42.TIF,74,125.17727272727272,144.5,37.79622915075694,132.75454545454545,115.5,53.04906586,0,0,0,220
not building,/content/CompositeTiles/Composite tiles42.TIF,75,153.6245487364621,153,11.758237464095764,84.15523465703971,69,45.06154335134188,0,0,0,277
building,/content/CompositeTiles/Composite tiles42.TIF,76,64.51824817518248,63,5.964740912846691,182.1824817518248,178,21.798419208105315,0,0,0,137
building,/content/CompositeTiles/Composite tiles42.TIF,77,73.29824561403508,72,5.404562439989376,137.4298245614035,130.5,32.02766602794046,0,0,0,114
building,/content/CompositeTiles/Composite tiles42.TIF,78,74.32116788321167,73,8.149098115491237,126.68613138686132,121,24.552863220673522,0,0,0,137
not building,/content/CompositeTiles/Composite tiles42.TIF,79,125.6753144654088,141,35.03673841017631,201.2319182389937,210,54.070261942300945,0,0,0,1272
building,/content/CompositeTiles/Composite tiles42.TIF,80,66.74576271,64,6.484906126469223,154.4463276836158,152,23.30123782665216,0,0,0,177
building,/content/CompositeTiles/Composite tiles42.TIF,81,69.30821918,68,5.774963758995756,152.95890410958904,150,22.399509752563528,0,0,0,146
not building,/content/CompositeTiles/Composite tiles42.TIF,82,143.0091743119266,150,24.236031790144985,111.07339449541284,104,24.292826147627796,0,0,0,109
not building,/content/CompositeTiles/Composite tiles42.TIF,83,152.19934640522877,152,9.298752440969423,132.19281045751634,112.5,54.92602346,0,0,0,306
not building,/content/CompositeTiles/Composite tiles42.TIF,84,127.70503597122303,128,12.017644843671913,147.58273381294964,130,49.583865338220505,0,0,0,139
building,/content/CompositeTiles/Composite tiles42.TIF,85,70.43055555555556,68,8.584265951,154.11805555555554,152.5,27.94799151195787,0,0,0,144
building,/content/CompositeTiles/Composite tiles42.TIF,86,70.25,69,4.3113223029599625,173.23333333333332,171.5,23.912943961145583,0,0,0,120
building,/content/CompositeTiles/Composite tiles42.TIF,87,74.90849673202614,71,10.227068707185484,131.52287581699346,125,29.635053649379007,0,0,0,153
building,/content/CompositeTiles/Composite tiles42.TIF,88,74.72,74,4.972082059,127,115,29.45199483905971,0,0,0,100
building,/content/CompositeTiles/Composite tiles42.TIF,89,74.40350877192982,71,9.064795309564857,157.66666666666666,153.5,23.896218105928014,0,0,0,114
building,/content/CompositeTiles/Composite tiles42.TIF,90,73.71887550200803,72,5.2779458114418265,184.48995983935743,188,50.29017105576063,0,0,0,249
building,/content/CompositeTiles/Composite tiles42.TIF,91,73.228125,72,8.447696963337108,130.48125,119,33.82130834899058,0,0,0,320
building,/content/CompositeTiles/Composite tiles42.TIF,92,73.71120689655173,71,9.964084396157308,153.39224137931035,152.5,42.509902803411926,0,0,0,232
not building,/content/CompositeTiles/Composite tiles42.TIF,93,131.95804195804195,132,13.20567483752055,153.9125874125874,137.5,52.464400673795375,0,0,0,286
building,/content/CompositeTiles/Composite tiles42.TIF,94,76.37918215613382,75,5.669104759,144.51672862453532,125,46.53004684272925,0,0,0,269
not building,/content/CompositeTiles/Composite tiles42.TIF,95,148.31055900621118,148,8.712977416699161,113.3167701863354,100,41.84686996914185,0,0,0,161
not building,/content/CompositeTiles/Composite tiles42.TIF,96,130.14655172413794,134,15.035735771100766,209.55172413793105,202.5,34.19728382730534,0,0,0,116
not building,/content/CompositeTiles/Composite tiles42.TIF,97,102.34946236559139,104,17.203445039186935,253.23655913978496,255,9.190806357105687,0,0,0,186
building,/content/CompositeTiles/Composite tiles42.TIF,98,75.97457627118644,72,13.93171109279102,128.9406779661017,124.5,20.816914721529052,0,0,0,118
building,/content/CompositeTiles/Composite tiles42.TIF,99,75.34782608695652,69.5,20.201037487316267,106.1159420289855,104,16.369409639283525,0,0,0,138
building,/content/CompositeTiles/Composite tiles42.TIF,100,70.71627906976744,69,5.535380083273967,117.65116279069767,113,23.076700946081843,0,0,0,215
building,/content/CompositeTiles/Composite tiles42.TIF,101,70.55932203389831,69,7.781488652054753,125.52542372881356,120.5,19.45647548709108,0,0,0,118
building,/content/CompositeTiles/Composite tiles42.TIF,102,75.25179856115108,74,6.280142881089921,165.15107913669064,163,21.761927571821836,0,0,0,139
building,/content/CompositeTiles/Composite tiles42.TIF,103,72.515625,72,3.486546408607664,136.8984375,133,21.579735808359512,0,0,0,128
building,/content/CompositeTiles/Composite tiles42.TIF,104,85.34730538922156,81,14.882344216748226,108.54491017964072,103,22.736371607057443,0,0,0,167
building,/content/CompositeTiles/Composite tiles42.TIF,105,71.71844660194175,71,2.9226848799251046,149.33009708737865,146,23.780300384947648,0,0,0,206
building,/content/CompositeTiles/Composite tiles42.TIF,106,77.41279069767442,76,7.907786808709911,144.5872093023256,140,27.11020702,0,0,0,172
building,/content/CompositeTiles/Composite tiles42.TIF,107,75.57258065,72,11.812495698648664,124.89516129032258,119,27.636995585156964,0,0,0,124
building,/content/CompositeTiles/Composite tiles42.TIF,108,71.19327731092437,72,5.783600854058399,114.65546218487395,111,18.830708414933145,0,0,0,119
building,/content/CompositeTiles/Composite tiles42.TIF,109,69.88194444444444,69,2.9825802768785104,120.18055555555556,115.5,17.898499618131318,0,0,0,144
not building,/content/CompositeTiles/Composite tiles42.TIF,110,154.00800711743773,155,14.453906610778851,103.84163701067615,83,63.15333125469905,0,0,0,1124
building,/content/CompositeTiles/Composite tiles42.TIF,111,70.06508875739645,68,7.905613324312178,151.72189349112426,149,18.69182161350946,0,0,0,169
building,/content/CompositeTiles/Composite tiles42.TIF,112,68.86029411764706,68,6.411355727647312,151.84558823529412,149.5,19.32305795601789,0,0,0,136
building,/content/CompositeTiles/Composite tiles42.TIF,113,72.25301204819277,71,5.295698125687402,164.49397590361446,162,19.478052829364536,0,0,0,166
not building,/content/CompositeTiles/Composite tiles42.TIF,114,152.86363636363637,151,6.607815307686487,134.86868686868686,127,32.65743421315884,0,0,0,198
building,/content/CompositeTiles/Composite tiles42.TIF,115,72.50657894736842,71,5.612482224243701,154,145,31.55529816219874,0,0,0,152
building,/content/CompositeTiles/Composite tiles42.TIF,116,70.70370370370371,69,6.886100590632355,136.12962962962962,131,21.557886153757778,0,0,0,162
not building,/content/CompositeTiles/Composite tiles42.TIF,117,149.92857142857142,150.5,13.772481016974043,147.2111801242236,128,68.50451405880779,0,0,0,322
building,/content/CompositeTiles/Composite tiles42.TIF,118,71.19480519,69.5,5.427297433307245,173.83116883116884,175,28.22930346215629,0,0,0,154
building,/content/CompositeTiles/Composite tiles42.TIF,119,75.72300469483568,71,16.19549831341093,118.98591549295774,115,24.623641998872408,0,0,0,213
not building,/content/CompositeTiles/Composite tiles42.TIF,120,137.3357142857143,139.5,11.585465472050817,163.80714285714285,153,64.15159461647649,0,0,0,140
not building,/content/CompositeTiles/Composite tiles42.TIF,121,158.54430379746836,158,9.609591026946749,87.33417721518987,72,45.244088742013325,0,0,0,395
building,/content/CompositeTiles/Composite tiles42.TIF,122,71.74418604651163,72,2.8291918745573117,156.3953488372093,152,21.022844202597437,0,0,0,172
building,/content/CompositeTiles/Composite tiles42.TIF,123,68.96648044692738,68,3.856213793275741,143.79329608938548,141,19.484609591251868,0,0,0,179
building,/content/CompositeTiles/Composite tiles42.TIF,124,70.75,70,6.711530589749469,184.02678571428572,180,20.678862491783285,0,0,0,112
building,/content/CompositeTiles/Composite tiles42.TIF,125,67.45930232558139,67,2.173726727383971,169.4593023255814,167.5,21.142472836751743,0,0,0,172
not building,/content/CompositeTiles/Composite tiles42.TIF,126,83.12600536,106.5,68.63059365460384,82.00804289544236,7,99.63708914438969,0,0,0,746
building,/content/CompositeTiles/Composite tiles42.TIF,127,75.70769230769231,72,12.571301966625997,122.88461538461539,113.5,30.35447872552294,0,0,0,130
not building,/content/CompositeTiles/Composite tiles42.TIF,128,80.56209150326798,76,11.687561157987261,255,255,0,0,0,0,153
building,/content/CompositeTiles/Composite tiles42.TIF,129,72.44285714285714,72,2.8989442131611307,132.04285714285714,125,28.443897519897813,0,0,0,140
not building,/content/CompositeTiles/Composite tiles42.TIF,130,154.83,156,13.91358209328808,163.01,146,70.79620917346728,0,0,0,300
building,/content/CompositeTiles/Composite tiles42.TIF,131,72.27510917030568,72,3.44239439,164.80786026200875,162,25.54228840899433,0,0,0,229
building,/content/CompositeTiles/Composite tiles42.TIF,132,67.71111111111111,67,2.8411439184652543,143.32777777777778,140,23.548727390846306,0,0,0,180
not building,/content/CompositeTiles/Composite tiles42.TIF,133,100.34577603143418,103,26.40470664935779,224.10609037328095,255,41.25683300243311,0,0,0,509
building,/content/CompositeTiles/Composite tiles42.TIF,134,70.53488372093024,67,12.794164435051252,173.49612403100775,174,32.794668698652586,0,0,0,129
building,/content/CompositeTiles/Composite tiles42.TIF,135,70.20338983050847,69,3.8248946413625173,128.23050847457628,121,26.690081025826476,0,0,0,295
building,/content/CompositeTiles/Composite tiles42.TIF,136,67.98591549295774,67,3.703796901264472,159.54225352112675,155.5,23.943778997228517,0,0,0,142
building,/content/CompositeTiles/Composite tiles42.TIF,137,74.66995073891626,73,9.847328837,213.99507389162562,217,39.11540302820079,0,0,0,203
building,/content/CompositeTiles/Composite tiles42.TIF,138,71.28901734104046,70,3.8283617083083312,139.49132947976878,139,18.917716104898794,0,0,0,173
not building,/content/CompositeTiles/Composite tiles42.TIF,139,147.92372881355934,149,13.210907652814916,128.66949152542372,114,60.332279788577665,0,0,0,354
building,/content/CompositeTiles/Composite tiles42.TIF,140,92.65384615384616,91,13.654929534483728,125.79326923076923,114.5,31.78216954285204,0,0,0,208
not building,/content/CompositeTiles/Composite tiles42.TIF,141,158.77333333333334,158,10.42736571,117.83066666666667,95,59.87751380573141,0,0,0,750
not building,/content/CompositeTiles/Composite tiles42.TIF,142,98.15409836065574,84,28.57558804009674,199.44207650273225,232.5,62.517797947216685,0,0,0,1830
not building,/content/CompositeTiles/Composite tiles42.TIF,143,153.86688311688312,155,9.753045180098349,150.25974025974025,141,62.041702061901304,0,0,0,308
not building,/content/CompositeTiles/Composite tiles42.TIF,144,80.04750154225786,75,14.876280703321019,229.06477483035164,255,52.03171456495823,0,0,0,1621
building,/content/CompositeTiles/Composite tiles42.TIF,145,74.52173913043478,74,3.758180882484721,111.02415458937197,105,25.794513069226905,0,0,0,207
not building,/content/CompositeTiles/Composite tiles42.TIF,146,161.21750764525993,163,13.074522318208414,105.06230886850153,82,61.64092418,0,0,0,2616
building,/content/CompositeTiles/Composite tiles42.TIF,147,69.88165680473372,69,4.782632000544387,144.9940828402367,138,27.60702617054766,0,0,0,169
not building,/content/CompositeTiles/Composite tiles42.TIF,148,153.48701298701297,152,9.036891929921376,213.9935064935065,224.5,42.26285968180246,0,0,0,154
not building,/content/CompositeTiles/Composite tiles42.TIF,149,132.14662084765177,129,16.23112111670173,254.50400916380298,255,4.168588693182457,0,0,0,873
not building,/content/CompositeTiles/Composite tiles42.TIF,150,133.59827833572453,135,18.33091007,254.98565279770446,255,0.34269697490614043,0,0,0,697
building,/content/CompositeTiles/Composite tiles42.TIF,151,72.16,70,6.368233664054736,177.4,174,22.57432169523594,0,0,0,100
not building,/content/CompositeTiles/Composite tiles42.TIF,152,148.03471074380164,147,13.070455680395781,117.87107438016528,112,51.74485950915866,0,0,0,605
not building,/content/CompositeTiles/Composite tiles42.TIF,153,132,135.5,21.810261346439663,96.975,75.5,49.870576244916194,0,0,0,160
not building,/content/CompositeTiles/Composite tiles42.TIF,154,159.89805825242718,159,11.37823019819904,151.88167475728156,140,55.789174525911086,0,0,0,1648
not building,/content/CompositeTiles/Composite tiles42.TIF,155,154.78585461689588,154,10.167715206530099,121.74557956777996,103,56.20541109933142,0,0,0,1018
not building,/content/CompositeTiles/Composite tiles42.TIF,156,69.89308176100629,68,9.673988462206271,209.19182389937106,217,46.23161877612347,0,0,0,318
not building,/content/CompositeTiles/Composite tiles42.TIF,157,158.63247863247864,158,10.16412182575847,80.56410256410257,62,42.638689668811836,0,0,0,234
not building,/content/CompositeTiles/Composite tiles42.TIF,158,106.54069767441861,107,10.67781745300799,255,255,0,0,0,0,172
not building,/content/CompositeTiles/Composite tiles42.TIF,159,150.58928571428572,152,12.375730068480452,140.03720238095238,128,62.75301251946846,0,0,0,672
building,/content/CompositeTiles/Composite tiles42.TIF,160,95.02919708029196,96,13.635474132928877,108.97810218978103,105,21.734787331370928,0,0,0,137
not building,/content/CompositeTiles/Composite tiles42.TIF,161,80.69529837251356,70,26.612793758602606,240.52079566003616,255,33.06413327629617,0,0,0,1106
not building,/content/CompositeTiles/Composite tiles42.TIF,162,150.6328233657858,150,14.537040377347758,123.13351877607789,119,51.559965253717245,0,0,0,719
building,/content/CompositeTiles/Composite tiles42.TIF,163,69.76260504,68,7.537326495034408,161.6092437,152,34.085449941981615,0,0,0,476
not building,/content/CompositeTiles/Composite tiles42.TIF,164,147.7408536585366,148,11.742793919138864,143.90853658536585,142,47.48456926,0,0,0,328
not building,/content/CompositeTiles/Composite tiles42.TIF,165,118.17381974248927,123,28.63200438511314,144.37982832618025,133,54.83967601296145,0,0,0,466
not building,/content/CompositeTiles/Composite tiles42.TIF,166,145.2840909090909,145.5,10.66957107,127.41477272727273,110,50.993912381267116,0,0,0,176
not building,/content/CompositeTiles/Composite tiles42.TIF,167,139.26415094339623,145,21.428380883724525,131.72327044025158,116,48.83767387278208,0,0,0,159
not building,/content/CompositeTiles/Composite tiles42.TIF,168,145.84326018808778,149,15.60023340085469,213.91222570532915,236,49.39335881,0,0,0,319
building,/content/CompositeTiles/Composite tiles42.TIF,169,255,255,0,255,255,0,255,255,0,14195
not building,/content/CompositeTiles/Composite tiles42.TIF,170,165.7846153846154,166,8.355239058451044,105.41538461538461,85,51.54820267682517,0,0,0,195
building,/content/CompositeTiles/Composite tiles42.TIF,171,67.04032258064517,65,5.607309736102232,122.62903225806451,117,20.792937596746285,0,0,0,124
building,/content/CompositeTiles/Composite tiles42.TIF,172,71.57638888888889,70,5.168789699714678,129.875,122.5,28.05027109,0,0,0,144
building,/content/CompositeTiles/Composite tiles42.TIF,173,74.87850467,72,16.724099953639477,107.65420560747664,104,18.426972714864508,0,0,0,107
not building,/content/CompositeTiles/Composite tiles42.TIF,174,148.43076923076924,145.5,11.39023769694467,84,74,35.81190176,0,0,0,130
building,/content/CompositeTiles/Composite tiles42.TIF,175,69.41304347826087,68,5.864074189465794,152.02173913043478,148.5,21.69901733943647,0,0,0,138
building,/content/CompositeTiles/Composite tiles42.TIF,176,69.64492753623189,69,4.922295806759459,121.6376811594203,113,30.617069698810482,0,0,0,138
building,/content/CompositeTiles/Composite tiles42.TIF,177,70.98484848484848,69,6.412564428744614,129.81060606060606,125,20.130307534930317,0,0,0,132
building,/content/CompositeTiles/Composite tiles42.TIF,178,64.85185185185185,65,4.509280173348716,135.06666666666666,130,25.267223681928186,0,0,0,135
building,/content/CompositeTiles/Composite tiles42.TIF,179,73.40259740259741,68,14.735556203622691,126.05844155844156,118,28.39110822322173,0,0,0,154
building,/content/CompositeTiles/Composite tiles42.TIF,180,71.20529801324503,70,6.300759841,128.56291390728478,122,21.915423266266338,0,0,0,151
building,/content/CompositeTiles/Composite tiles42.TIF,181,73.49438202247191,71,9.246467403801542,123.80898876404494,119.5,23.645260543466488,0,0,0,178
building,/content/CompositeTiles/Composite tiles42.TIF,182,71.72549019607843,70,10.612753022684176,121.05228758169935,116,23.097630484156944,0,0,0,153
building,/content/CompositeTiles/Composite tiles42.TIF,183,71.02094240837697,70,3.6149169067568487,137.03141361256544,130,30.65240111007974,0,0,0,191
building,/content/CompositeTiles/Composite tiles42.TIF,184,72.92361111111111,70,9.644428343,176.45138888888889,174,19.436802813902887,0,0,0,144
not building,/content/CompositeTiles/Composite tiles42.TIF,185,137.08333333333334,137,13.89137603993313,55.97727272727273,47,27.08948859912242,0,0,0,132
building,/content/CompositeTiles/Composite tiles42.TIF,186,71.21875,68.5,8.812222956638127,131.75,123,27.306134841826296,0,0,0,128
building,/content/CompositeTiles/Composite tiles42.TIF,187,72.89041095890411,69,10.44235532639163,135.58904109589042,121,41.02215759987517,0,0,0,146
not building,/content/CompositeTiles/Composite tiles42.TIF,188,164.73846153846154,164,7.478743052,148.33846153846153,133.5,54.782584802409026,0,0,0,130
building,/content/CompositeTiles/Composite tiles42.TIF,189,71.74157303370787,70,7.732941487068094,155.73595505617976,152,20.324970788933836,0,0,0,178
building,/content/CompositeTiles/Composite tiles42.TIF,190,69.97183098591549,68,5.575276993,132.85211267605635,124,29.71080023267932,0,0,0,142
building,/content/CompositeTiles/Composite tiles42.TIF,191,67.72357723577235,66,6.700686547773616,132.4471544715447,126,23.568686423045428,0,0,0,123
building,/content/CompositeTiles/Composite tiles42.TIF,192,71.89285714285714,70,8.913630355946392,131.34285714285716,121,31.033109376132785,0,0,0,140
building,/content/CompositeTiles/Composite tiles42.TIF,193,71.74242424242425,71,3.7871817540488046,176.12121212121212,172,25.559802218324247,0,0,0,132
building,/content/CompositeTiles/Composite tiles42.TIF,194,66.28148148148148,65,6.942783999021176,162.55555555555554,161,25.487154837847143,0,0,0,135
building,/content/CompositeTiles/Composite tiles42.TIF,195,73.70588235294117,71,11.044773615672405,147.4264705882353,148,17.63628960616899,0,0,0,136
not building,/content/CompositeTiles/Composite tiles42.TIF,196,139.3661971830986,142,11.337013339238716,108.24647887323944,95,41.07228026189349,0,0,0,142
building,/content/CompositeTiles/Composite tiles42.TIF,197,70.44571428571429,70,5.898781610620613,158.22285714285715,155,19.08931018306597,0,0,0,175
building,/content/CompositeTiles/Composite tiles42.TIF,198,66.01449275362319,64,6.226387869553374,159.71014492753622,153,26.47563903473978,0,0,0,138
building,/content/CompositeTiles/Composite tiles42.TIF,199,72.70967741935483,70,7.050021955523336,130.07096774193548,119,34.401070815557816,0,0,0,155
building,/content/CompositeTiles/Composite tiles42.TIF,200,76.26717557251908,75,7.055747943734255,132.9618320610687,126,26.773407274786067,0,0,0,131
building,/content/CompositeTiles/Composite tiles42.TIF,201,68.22222222222223,68,5.642650634,146.5185185185185,140,29.842120001773907,0,0,0,324
building,/content/CompositeTiles/Composite tiles42.TIF,202,70.75657894736842,70,4.099096034054202,121.53289473684211,112.5,27.711606385458854,0,0,0,152
building,/content/CompositeTiles/Composite tiles42.TIF,203,73.26050420168067,72,6.321182456,142.32773109243698,136,29.321202711783567,0,0,0,119
building,/content/CompositeTiles/Composite tiles42.TIF,204,73.28346456692914,71,6.931495660480802,147.85826771653544,149,28.793788812251655,0,0,0,127
building,/content/CompositeTiles/Composite tiles42.TIF,205,64.97241379310344,64,4.300673287443141,151.4896551724138,151,22.202241962400013,0,0,0,145
building,/content/CompositeTiles/Composite tiles42.TIF,206,73.65789473684211,75.5,4.985644211077038,172.56578947368422,170,15.154325009118502,0,0,0,152
building,/content/CompositeTiles/Composite tiles42.TIF,207,69.18125,68.5,2.761050241755844,152.5,147,28.224103174414594,0,0,0,160
building,/content/CompositeTiles/Composite tiles42.TIF,208,63.58278145695364,63,3.7334315942300624,135.35099337748343,123,35.47972066523917,0,0,0,151
not building,/content/CompositeTiles/Composite tiles42.TIF,209,153.20884520884522,154,12.597262695259877,103.28501228501229,91,35.22817649415086,0,0,0,407
building,/content/CompositeTiles/Composite tiles42.TIF,210,73.63181818181818,71,11.129236123571774,142.88181818181818,140.5,31.02395901650612,0,0,0,220
building,/content/CompositeTiles/Composite tiles42.TIF,211,70.92957746478874,68,8.553598935596726,137.49295774647888,125.5,32.80345792,0,0,0,142
building,/content/CompositeTiles/Composite tiles42.TIF,212,73.99061033,72,7.306175026935268,151.19248826291079,149,29.8699142,0,0,0,213
building,/content/CompositeTiles/Composite tiles42.TIF,213,69.21126760563381,68,6.65955946,151.32394366197184,148,18.657230330423104,0,0,0,142
building,/content/CompositeTiles/Composite tiles42.TIF,214,74.46052631578948,70,9.829387716479925,167.07894736842104,166,24.743560117998772,0,0,0,152
not building,/content/CompositeTiles/Composite tiles42.TIF,215,141.26814516129033,142,22.05122960754648,101.23588709677419,77,54.19601895,0,0,0,496
not building,/content/CompositeTiles/Composite tiles42.TIF,216,146.69230769230768,147,14.357142740322992,137.86752136752136,114.5,64.55617355,0,0,0,234
building,/content/CompositeTiles/Composite tiles42.TIF,217,69.52142857142857,67,9.978883316528856,130.12857142857143,116,37.04125940028475,0,0,0,140
building,/content/CompositeTiles/Composite tiles42.TIF,218,68.29411764705883,69,2.948373547295943,157.90441176470588,152.5,35.90200688239295,0,0,0,136
building,/content/CompositeTiles/Composite tiles42.TIF,219,67.11956522,67,2.542432895546191,165.85326086956522,163.5,21.469776284688106,0,0,0,184
building,/content/CompositeTiles/Composite tiles42.TIF,220,69.40645161290323,69,3.637966064488283,146.80645161290323,144,21.130652486511703,0,0,0,155
building,/content/CompositeTiles/Composite tiles42.TIF,221,73.56115107913669,72,7.465137301752034,201.33812949640287,199,26.42092966870716,0,0,0,139
building,/content/CompositeTiles/Composite tiles42.TIF,222,68.44827586206897,68,2.3623416236625525,142.08620689655172,137,21.54648901934239,0,0,0,174
building,/content/CompositeTiles/Composite tiles42.TIF,223,64.54385964912281,64.5,2.4820066544901143,133.82456140350877,126,27.124225468458516,0,0,0,114
building,/content/CompositeTiles/Composite tiles42.TIF,224,72.69718309859155,70,6.135775300965616,135.11971830985917,123.5,31.073625063203327,0,0,0,142
not building,/content/CompositeTiles/Composite tiles42.TIF,225,158.8653846153846,159,12.61490090536073,131.29807692307693,119,58.535308182276474,0,0,0,104
building,/content/CompositeTiles/Composite tiles42.TIF,226,69.94117647058823,69,4.3618747754942975,185.68382352941177,183,21.813953375103996,0,0,0,136
not building,/content/CompositeTiles/Composite tiles42.TIF,227,141.60733944954129,142,13.218139513090573,251.3862385321101,255,14.230229922581168,0,0,0,1090
building,/content/CompositeTiles/Composite tiles42.TIF,228,70.50931677018633,70,3.0647626891246307,172.59006211180125,168,22.560470032130898,0,0,0,161
not building,/content/CompositeTiles/Composite tiles42.TIF,229,162.09174311926606,163,8.648637039997032,118.90825688073394,91,68.22501106,0,0,0,109
building,/content/CompositeTiles/Composite tiles42.TIF,230,68.46017699115045,68,3.4023297541956086,179.46902654867256,175,26.218979410977795,0,0,0,113
building,/content/CompositeTiles/Composite tiles42.TIF,231,75.71323529411765,74,5.440734282509299,147.15441176470588,141.5,30.367329260550477,0,0,0,136
building,/content/CompositeTiles/Composite tiles42.TIF,232,79.84745762711864,76,13.25092073,148.73728813559322,143.5,35.448082821171575,0,0,0,118
building,/content/CompositeTiles/Composite tiles42.TIF,233,60.983050847457626,60,3.3957011312180843,186.28813559322035,183,27.68571651201887,0,0,0,177
building,/content/CompositeTiles/Composite tiles42.TIF,234,76.82065217391305,75,7.614731689633191,142.02717391304347,135.5,30.932857172960887,0,0,0,184
building,/content/CompositeTiles/Composite tiles42.TIF,235,70.37908496732027,68,8.857629580034056,170.75816993464053,166,28.78612277860144,0,0,0,153
building,/content/CompositeTiles/Composite tiles42.TIF,236,71.05,68,11.349842667254405,180.37142857142857,183,20.236580335458594,0,0,0,140
building,/content/CompositeTiles/Composite tiles42.TIF,237,70.90285714285714,70,5.443396298755597,166.99428571428572,162,24.641080018736922,0,0,0,175
not building,/content/CompositeTiles/Composite tiles42.TIF,238,155.75,155,10.006670072803738,67.68918919,55,35.040295597480366,0,0,0,148
not building,/content/CompositeTiles/Composite tiles42.TIF,239,155.13861386138615,156.5,18.186073282733588,147.45049504950495,139.5,32.720841826791926,0,0,0,202
building,/content/CompositeTiles/Composite tiles42.TIF,240,68.7032967,67,10.035097206551324,171.1043956043956,163.5,32.78845083487766,0,0,0,182
not building,/content/CompositeTiles/Composite tiles42.TIF,241,154.95959595959596,155,16.99084781,160.2589531680441,153,82.62116057996276,0,0,0,1089
building,/content/CompositeTiles/Composite tiles42.TIF,242,71.90322580645162,71,4.507018460204523,160.50806451612902,154.5,28.045900156863226,0,0,0,124
not building,/content/CompositeTiles/Composite tiles42.TIF,243,159.40174672489084,159,8.952821346,118.3406113537118,113,35.15315413891698,0,0,0,229
building,/content/CompositeTiles/Composite tiles42.TIF,244,76.49222797927462,71,18.93378677297824,136.03626943005182,109,56.892260057732194,0,0,0,193
building,/content/CompositeTiles/Composite tiles42.TIF,245,71.43609022556392,68,9.214530355697457,187.7593984962406,187,29.359106738972383,0,0,0,133
not building,/content/CompositeTiles/Composite tiles42.TIF,246,75.29042904,71,13.899265389356986,207.53135313531354,230,54.58645766318996,0,0,0,303
not building,/content/CompositeTiles/Composite tiles42.TIF,247,35.117801047120416,0,55.92982932905455,30.667539267015705,0,78.93168856,0,0,0,382
building,/content/CompositeTiles/Composite tiles42.TIF,248,67.83333333333333,66,5.769985705591916,208.16666666666666,205,36.92001634395097,0,0,0,156
not building,/content/CompositeTiles/Composite tiles42.TIF,249,147.78297872340426,147,5.9271937010494335,182.94893617021276,177.5,33.93155734673328,0,0,0,470
building,/content/CompositeTiles/Composite tiles42.TIF,250,86.72222222222223,76.5,23.965133035535914,172.42857142857142,166,29.35589732035104,0,0,0,126
not building,/content/CompositeTiles/Composite tiles42.TIF,251,150.6652719665272,153,12.246632490313917,205.73221757322176,221,51.27866529395272,0,0,0,239
not building,/content/CompositeTiles/Composite tiles42.TIF,252,143.1,145,9.93871219,253.748,255,6.117229438234274,0,0,0,250
building,/content/CompositeTiles/Composite tiles42.TIF,253,72.28421052631579,70,9.671078052240132,127.96842105263158,123,21.37162537550983,0,0,0,95
building,/content/CompositeTiles/Composite tiles42.TIF,254,70.86021505376344,70,3.1163509052262657,130.5268817204301,124,22.037402905866028,0,0,0,93
not building,/content/CompositeTiles/Composite tiles42.TIF,255,128.76363636363635,131,13.04811186112749,114.23636363636363,107,35.12676453613198,0,0,0,55
building,/content/CompositeTiles/Composite tiles42.TIF,256,72.76767676767676,71,4.672784480864892,171.67676767676767,170,21.254983150875603,0,0,0,99
not building,/content/CompositeTiles/Composite tiles42.TIF,257,140.36363636363637,146,16.33794279,113.66666666666667,100.5,41.331011665001924,0,0,0,66
building,/content/CompositeTiles/Composite tiles42.TIF,258,71.4,72,4.160128203152718,130.2111111111111,118,32.08997574336691,0,0,0,90
building,/content/CompositeTiles/Composite tiles42.TIF,259,70.5952381,69,4.904126172,173.66666666666666,172,15.603214971931825,0,0,0,42
not building,/content/CompositeTiles/Composite tiles42.TIF,260,110.99022801302931,115,32.72538837926018,152.68729641693812,122,66.72098988,0,0,0,614
not building,/content/CompositeTiles/Composite tiles42.TIF,261,127.91379310344827,119.5,19.076329874334714,139.6206896551724,131.5,30.34674758816088,0,0,0,58
not building,/content/CompositeTiles/Composite tiles42.TIF,262,150.5268817204301,152,10.237598212376424,153.29032258064515,151,45.88053225149953,0,0,0,93
not building,/content/CompositeTiles/Composite tiles42.TIF,263,130.6851851851852,133,9.618316003515597,117.74074074074075,112.5,33.99792215066112,0,0,0,54
building,/content/CompositeTiles/Composite tiles42.TIF,264,67.27450980392157,67,2.694063418125913,158.9607843137255,154,27.828579458516558,0,0,0,51
building,/content/CompositeTiles/Composite tiles42.TIF,265,68.23469387755102,68,3.7979613769198286,149.39795918367346,146.5,21.259206791084402,0,0,0,98
not building,/content/CompositeTiles/Composite tiles42.TIF,266,153.62888198757764,155,18.07499485816577,110.7748447204969,83.5,66.33334266097535,0,0,0,644
not building,/content/CompositeTiles/Composite tiles42.TIF,267,164.7972972972973,164,8.819480480087325,112.12162162162163,96,46.87099970756502,0,0,0,74
not building,/content/CompositeTiles/Composite tiles42.TIF,268,110.175,99.5,35.16026699272916,147.525,143,23.461657550139122,0,0,0,40
building,/content/CompositeTiles/Composite tiles42.TIF,269,70.62295081967213,64,16.73434079324508,191.75409836065575,185,24.213974922843537,0,0,0,61
not building,/content/CompositeTiles/Composite tiles42.TIF,270,150.48979591836735,151,13.037813841065113,92.82653061,74,52.913295561201075,0,0,0,98
not building,/content/CompositeTiles/Composite tiles42.TIF,271,139.2002600780234,145,22.72877222945615,145.86605981794537,133,52.49426501788127,0,0,0,769
not building,/content/CompositeTiles/Composite tiles42.TIF,272,147.35714285714286,148.5,15.766633587861346,131.71428571428572,121,49.696836018041246,0,0,0,28
not building,/content/CompositeTiles/Composite tiles42.TIF,273,65.96551724137932,64,5.530372305361515,173.55172413793105,162,22.00562029604154,0,0,0,29
not building,/content/CompositeTiles/Composite tiles42.TIF,274,154.21428571428572,154.5,11.33060691495493,157.80357142857142,155.5,45.29404708712407,0,0,0,56
not building,/content/CompositeTiles/Composite tiles42.TIF,275,150.16470588235293,152,13.151467874972587,143.38823529411764,132,42.96677077700232,0,0,0,85
not building,/content/CompositeTiles/Composite tiles42.TIF,276,136.08333333333334,134,15.896147331979533,154.97222222222223,146.5,32.67303178728352,0,0,0,36
not building,/content/CompositeTiles/Composite tiles42.TIF,277,115.48259493670886,121.5,34.54596572,134.67088607594937,127,49.982236469629974,0,0,0,632
not building,/content/CompositeTiles/Composite tiles42.TIF,278,162.78428571428572,163,13.363940134495042,201.43857142857144,211,55.251481668192504,0,0,0,700
not building,/content/CompositeTiles/Composite tiles42.TIF,279,150.375,151,15.675917038565878,106.57954545454545,108,47.52887198872556,0,0,0,88
building,/content/CompositeTiles/Composite tiles42.TIF,280,69.75862068965517,68,4.0399314812710685,146.5,144,25.661758748553567,0,0,0,58
not building,/content/CompositeTiles/Composite tiles42.TIF,281,115.85365853658537,126,27.60307598236618,108.65853658536585,101,24.473589304966566,0,0,0,41
not building,/content/CompositeTiles/Composite tiles42.TIF,282,128.61764705882354,135,13.928419330703075,193.35294117647058,196,47.98644560641803,0,0,0,34
building,/content/CompositeTiles/Composite tiles42.TIF,283,91.02631578947368,83.5,23.222592042307312,144.52631578947367,143.5,17.37320508276022,0,0,0,38
not building,/content/CompositeTiles/Composite tiles42.TIF,284,86.00416666666666,69.5,29.45851573493742,124.29166666666667,109,47.373673390983264,0,0,0,240
not building,/content/CompositeTiles/Composite tiles42.TIF,285,141.2982456140351,141,11.504331620956384,92.36842105263158,84,32.67631342288224,0,0,0,57
not building,/content/CompositeTiles/Composite tiles42.TIF,286,141.71428571428572,140,9.235763083139972,162.8095238095238,143.5,43.861925182618506,0,0,0,42
not building,/content/CompositeTiles/Composite tiles42.TIF,287,160.90140845070422,161,7.113080451,154.25352112676057,129,68.89852066,0,0,0,71
not building,/content/CompositeTiles/Composite tiles42.TIF,288,158.55357142857142,159,11.007983536080177,151.58928571428572,146.5,36.94241502746166,0,0,0,56
not building,/content/CompositeTiles/Composite tiles42.TIF,289,125.27065527065527,147,37.83805978795014,138.7150997150997,122,47.07857013865861,0,0,0,351
building,/content/CompositeTiles/Composite tiles42.TIF,290,71,71.5,2.4053511772118195,153.25,148.5,21.73480585867483,0,0,0,28
building,/content/CompositeTiles/Composite tiles42.TIF,291,77.94444444444444,77,3.908284963769235,204,201.5,10.97977939466707,0,0,0,18
building,/content/CompositeTiles/Composite tiles42.TIF,292,66.35227272727273,64,4.975028032646634,168.7840909090909,168,22.893751064644636,0,0,0,88
not building,/content/CompositeTiles/Composite tiles42.TIF,293,145.2246835443038,145,8.171190024644094,254.96617879746836,255,1.0485840903874823,0,0,0,5056
not building,/content/CompositeTiles/Composite tiles42.TIF,294,124.14634146341463,127,10.514939373564841,194.34146341463415,188,37.49836403332139,0,0,0,41
not building,/content/CompositeTiles/Composite tiles42.TIF,295,90.79012345679013,86,12.893405386238898,255,255,0,0,0,0,81
not building,/content/CompositeTiles/Composite tiles42.TIF,296,163.19298245614036,164,6.801544191259595,169.19298245614036,154,51.36024764809236,0,0,0,57
not building,/content/CompositeTiles/Composite tiles42.TIF,297,152.1590909090909,152,10.872072608749324,74.13636363636364,64,29.743288707547052,0,0,0,88
not building,/content/CompositeTiles/Composite tiles42.TIF,298,85.68181818181819,75,16.56498597435502,149.9090909090909,139,35.07642187995843,0,0,0,22
not building,/content/CompositeTiles/Composite tiles42.TIF,299,133.16098548768142,134,24.472871395299588,237.1117111036112,255,41.02998921183326,0,0,0,2963
not building,/content/CompositeTiles/Composite tiles42.TIF,300,156.28205128205127,155,11.613318432860227,142.05128205128204,128,34.675749834163256,0,0,0,39
building,/content/CompositeTiles/Composite tiles42.TIF,301,72.09183673469387,72,3.335298948,144.81632653061226,130.5,39.312029352499025,0,0,0,98
building,/content/CompositeTiles/Composite tiles42.TIF,302,103.48648648648648,100,22.361431107349464,171.83783783783784,162,26.21482303,0,0,0,37
not building,/content/CompositeTiles/Composite tiles42.TIF,303,161.36948431685275,161,10.005532982856002,129.00903774587985,110,65.39870296069456,0,0,0,1881
not building,/content/CompositeTiles/Composite tiles42.TIF,304,108.56504468718967,110,17.95441346391346,254.67527308838132,255,3.5374032492305747,0,0,0,1007
not building,/content/CompositeTiles/Composite tiles42.TIF,305,120.8018018018018,134,34.45373443581015,233.0563063063063,255,40.75187477979803,0,0,0,444
not building,/content/CompositeTiles/Composite tiles42.TIF,306,109.00981683667018,110,37.66721028407905,219.19906114009078,255,59.447036614249186,0,0,0,245191
not building,/content/CompositeTiles/Composite tiles42.TIF,307,100.00386556426501,91,31.980273268452358,225.9353591753463,255,50.30079935961679,0,0,0,9313
building,/content/CompositeTiles/Composite tiles42.TIF,308,67.70833333333333,66,8.067316606048273,154.29166666666666,149.5,18.339345605070598,0,0,0,48
not building,/content/CompositeTiles/Composite tiles42.TIF,309,96.36619718309859,105,23.133561642578474,108.88732394366197,103,32.26935462,0,0,0,71
building,/content/CompositeTiles/Composite tiles42.TIF,310,67.63095238095238,67,4.239215341548261,177.8452380952381,176,20.056761149309565,0,0,0,84
building,/content/CompositeTiles/Composite tiles42.TIF,311,75.06060606060606,71,7.907058835665151,142.35353535353536,127,39.270703381362196,0,0,0,99
building,/content/CompositeTiles/Composite tiles42.TIF,312,75.03260869565217,71,11.748682707802608,132.2826086956522,125,31.162730697085173,0,0,0,92
not building,/content/CompositeTiles/Composite tiles42.TIF,313,161.1,159.5,6.564297372910524,176.2,174,47.290168111352706,0,0,0,50
building,/content/CompositeTiles/Composite tiles42.TIF,314,83.57894736842105,79,13.591725254109384,160.8421052631579,156,21.51277831093851,0,0,0,57
building,/content/CompositeTiles/Composite tiles42.TIF,315,68.85393258426966,69,4.45338039,162.6067415730337,151,37.3783023,0,0,0,89
not building,/content/CompositeTiles/Composite tiles42.TIF,316,62.453125,60,7.719556511508611,202.015625,203.5,28.451434601077235,0,0,0,64
not building,/content/CompositeTiles/Composite tiles42.TIF,317,131.52941176470588,133.5,14.475608885126585,78.88235294117646,72,18.226943059306382,0,0,0,34
building,/content/CompositeTiles/Composite tiles42.TIF,318,74.87012987012987,73,7.8183112557779815,148.5194805194805,148,19.464660211078368,0,0,0,77
not building,/content/CompositeTiles/Composite tiles42.TIF,319,74.02061855670104,71,8.329526887770315,172.8556701030928,163,36.81522256050923,0,0,0,97
building,/content/CompositeTiles/Composite tiles42.TIF,320,71.48351648351648,70,4.53887394,183.98901098901098,183,25.29278857632966,0,0,0,91
not building,/content/CompositeTiles/Composite tiles42.TIF,321,144.29032258064515,143,7.003195346213902,127.93548387096774,106,45.34309029685885,0,0,0,31
not building,/content/CompositeTiles/Composite tiles42.TIF,322,66.47872340425532,65,6.1483931881293366,198.5531914893617,190,20.83349237905188,0,0,0,94
building,/content/CompositeTiles/Composite tiles42.TIF,323,75.45238095238095,73.5,11.969609097631944,169.03571428571428,161.5,30.53625730511324,0,0,0,84
not building,/content/CompositeTiles/Composite tiles42.TIF,324,134.78571428571428,128.5,14.702665314389046,144.92857142857142,143,30.50635597874713,0,0,0,14
building,/content/CompositeTiles/Composite tiles42.TIF,325,70.02985074626865,70,3.268895241075539,193.49253731343285,192,26.539957560127785,0,0,0,67
not building,/content/CompositeTiles/Composite tiles42.TIF,326,119.19607843137256,121,15.225133513491842,134,124,32.43273582264032,0,0,0,51
not building,/content/CompositeTiles/Composite tiles42.TIF,327,143.2004018754186,149,25.916101601743414,212.56186648805536,255,67.56700825351427,0,0,0,22395
not building,/content/CompositeTiles/Composite tiles42.TIF,328,115.40625,115.5,7.569921461778847,181.78125,166,43.07314590829767,0,0,0,32
not building,/content/CompositeTiles/Composite tiles42.TIF,329,156.47826086956522,164,17.56198851080612,159.56521739130434,143,38.04439750442212,0,0,0,23
building,/content/CompositeTiles/Composite tiles42.TIF,330,67.62352941176471,67,5.621338485341548,182.2,180,20.320838333795074,0,0,0,85
not building,/content/CompositeTiles/Composite tiles42.TIF,331,72.88095238095238,69,7.284041202232979,195.07142857142858,183.5,29.00524817629919,0,0,0,42
not building,/content/CompositeTiles/Composite tiles42.TIF,332,128.28378378378378,133,13.682223888967945,134.02702702702703,119,57.28236674413934,0,0,0,74
not building,/content/CompositeTiles/Composite tiles42.TIF,333,84.37209302325581,83,16.36505530556305,161.46511627906978,167,33.39499254846542,0,0,0,43
building,/content/CompositeTiles/Composite tiles42.TIF,334,72.16666666666667,72,4.20977698,201.02083333333334,198,15.862021707174936,0,0,0,48
building,/content/CompositeTiles/Composite tiles43.TIF,0,71.33023255813953,68,7.525322673564606,107.72093023255815,98,29.644345773586736,0,0,0,215
not building,/content/CompositeTiles/Composite tiles43.TIF,1,157.13309352517985,161,15.233444314464817,145.97841726618705,139,52.28098786804801,0,0,0,278
building,/content/CompositeTiles/Composite tiles43.TIF,2,78.97090909090909,78,6.547662253944956,109.75272727272727,104,22.867140812213925,0,0,0,275
building,/content/CompositeTiles/Composite tiles43.TIF,3,73.76063829787235,68,17.19911995574629,107.15957446808511,100,23.030416147000665,0,0,0,188
building,/content/CompositeTiles/Composite tiles43.TIF,4,70.72,68,8.957767579,121.96,115,25.569090715158413,0,0,0,100
not building,/content/CompositeTiles/Composite tiles43.TIF,5,109.97303921568627,121,29.845792533280775,230.91258169934642,255,39.71966354044557,0,0,0,1224
not building,/content/CompositeTiles/Composite tiles43.TIF,6,147.10294117647058,147,16.72951457801892,102.50490196078431,78.5,60.78136358274069,0,0,0,612
not building,/content/CompositeTiles/Composite tiles43.TIF,7,97.92349726775956,97,25.439409313878805,95.14207650273224,75,54.61000859101825,0,0,0,183
building,/content/CompositeTiles/Composite tiles43.TIF,8,71.76724137931035,72,1.703737061937313,164.69827586206895,164.5,17.333553184297376,0,0,0,116
building,/content/CompositeTiles/Composite tiles43.TIF,9,70.86301369863014,71,3.8634751497439535,127.02054794520548,118.5,30.87834484750881,0,0,0,146
building,/content/CompositeTiles/Composite tiles43.TIF,10,68.8,67,7.322064707372324,125.70526315789473,116.5,35.004623359060666,0,0,0,190
building,/content/CompositeTiles/Composite tiles43.TIF,11,66.77056277056278,66,2.6226121498391826,134.0909090909091,125,28.68919060578587,0,0,0,231
building,/content/CompositeTiles/Composite tiles43.TIF,12,72.27439024390245,70,6.8461545370573305,144.8658536585366,140.5,30.66012035802906,0,0,0,164
building,/content/CompositeTiles/Composite tiles43.TIF,13,71.55263157894737,69,10.362120714717195,104.64736842105263,95,29.84674659905961,0,0,0,190
building,/content/CompositeTiles/Composite tiles43.TIF,14,70.54545454545455,69,6.449528566707986,126.5,123,20.55277759006472,0,0,0,132
building,/content/CompositeTiles/Composite tiles43.TIF,15,65.46666666666667,65,4.1209491894734915,169.3,168.5,24.23837636659867,0,0,0,180
building,/content/CompositeTiles/Composite tiles43.TIF,16,64.90073529411765,63,5.516126042628657,154.26470588235293,153,34.10962760719809,0,0,0,272
building,/content/CompositeTiles/Composite tiles43.TIF,17,71.54074074074074,68,8.289898326645385,124.38518518518518,117,28.49690956218474,0,0,0,135
building,/content/CompositeTiles/Composite tiles43.TIF,18,65.15217391304348,65,3.392024263980936,168.59420289855072,168,21.87667597924468,0,0,0,138
building,/content/CompositeTiles/Composite tiles43.TIF,19,73.01675977653632,66,19.20878374,111.15083798882682,99,32.70205155,0,0,0,179
building,/content/CompositeTiles/Composite tiles43.TIF,20,69.88571428571429,66,10.802569611165744,120.83428571428571,106,34.59431781,0,0,0,175
not building,/content/CompositeTiles/Composite tiles43.TIF,21,126.27464788732394,137,24.633123344819413,112.2605633802817,92,59.86165736277115,0,0,0,142
not building,/content/CompositeTiles/Composite tiles43.TIF,22,79.43220339,73,16.43759581453512,107.27118644067797,90.5,43.79820076347637,0,0,0,118
building,/content/CompositeTiles/Composite tiles43.TIF,23,68.86363636363636,68,3.454844485,179.03787878787878,179,23.417296541630098,0,0,0,132
building,/content/CompositeTiles/Composite tiles43.TIF,24,71.71929824561404,70,9.213683669358458,127.82456140350877,114,39.265681997163504,0,0,0,171
building,/content/CompositeTiles/Composite tiles43.TIF,25,72.82442748091603,73,1.7495077433317132,174.38931297709922,173,26.08722085417325,0,0,0,131
building,/content/CompositeTiles/Composite tiles43.TIF,26,69.66480446927375,67,7.912188556591901,126.1340782122905,113,31.52748044219501,0,0,0,179
building,/content/CompositeTiles/Composite tiles43.TIF,27,73.77181208053692,70,12.688905900745537,128.45637583892616,124,23.699314186400517,0,0,0,149
not building,/content/CompositeTiles/Composite tiles43.TIF,28,139.3544474393531,148.5,27.43671425017253,122.7978436657682,95,74.21972983807618,0,0,0,742
building,/content/CompositeTiles/Composite tiles43.TIF,29,64.04347826086956,63,5.3232734361118785,174.50434782608696,177,23.37422360042137,0,0,0,115
building,/content/CompositeTiles/Composite tiles43.TIF,30,72.16993464052288,70,7.0736469868855165,149.43790849673204,145,27.963989463893114,0,0,0,153
building,/content/CompositeTiles/Composite tiles43.TIF,31,67.108,65,4.279291530148419,173.524,171.5,24.884079729819227,0,0,0,250
building,/content/CompositeTiles/Composite tiles43.TIF,32,69.38938053097345,67,8.161460944524668,200.18584070796462,205,24.167757601379794,0,0,0,113
building,/content/CompositeTiles/Composite tiles43.TIF,33,73.39130435,71,8.797355554841698,176.98757763975155,172,30.98306240906428,0,0,0,161
not building,/content/CompositeTiles/Composite tiles43.TIF,34,161.92659279778394,160,10.779398981742608,95.25484764542936,74,53.17817627729447,0,0,0,722
building,/content/CompositeTiles/Composite tiles43.TIF,35,69.65161290322581,67,11.889053544026822,134.98709677419356,120,41.36259602147568,0,0,0,155
not building,/content/CompositeTiles/Composite tiles43.TIF,36,158.7255717255717,157,11.632788939858047,164.97297297297297,148,69.65275691634241,0,0,0,481
not building,/content/CompositeTiles/Composite tiles43.TIF,37,134.94642857142858,133,18.521627939536316,118.05357142857143,109,24.379748360104966,0,0,0,112
not building,/content/CompositeTiles/Composite tiles43.TIF,38,154.9537037037037,153,12.37184996141499,147.7685185185185,138.5,53.633980122037734,0,0,0,108
not building,/content/CompositeTiles/Composite tiles43.TIF,39,147.7128712871287,151,13.781417129321056,137.86138613861385,112,57.314665533415905,0,0,0,101
not building,/content/CompositeTiles/Composite tiles43.TIF,40,159.23768736616702,158,12.539284453624067,109.99892933618844,91,59.72318369972044,0,0,0,1868
building,/content/CompositeTiles/Composite tiles43.TIF,41,92.5631068,87,19.805691985083783,155.44660194174756,141,47.691306764235186,0,0,0,103
not building,/content/CompositeTiles/Composite tiles43.TIF,42,154.9126984126984,161,18.010587645097633,135.11904761904762,122.5,51.56866391,0,0,0,126
building,/content/CompositeTiles/Composite tiles43.TIF,43,74.87421383647799,70,14.455632463387348,139.44654088050314,132,35.91808426604443,0,0,0,159
not building,/content/CompositeTiles/Composite tiles43.TIF,44,133.98602794411178,131,13.215313668638235,252.98003992015967,255,11.743924440997205,0,0,0,501
not building,/content/CompositeTiles/Composite tiles43.TIF,45,159.3340683572216,160,14.260599349687457,84.20176405733186,66,47.615328306351294,0,0,0,907
not building,/content/CompositeTiles/Composite tiles43.TIF,46,101.4553264604811,104,28.236290406370603,223.8287514318442,255,49.366245851628825,0,0,0,1746
not building,/content/CompositeTiles/Composite tiles43.TIF,47,149.61858190709046,151,13.773978760639496,199.84596577017115,201,50.06277955655203,0,0,0,409
not building,/content/CompositeTiles/Composite tiles43.TIF,48,138.62568306010928,138,9.801822984682309,157.9808743169399,147,55.13723232359971,0,0,0,732
not building,/content/CompositeTiles/Composite tiles43.TIF,49,148.85409252669038,149,7.5806500706217905,144.74377224199287,134.5,32.35213016,0,0,0,562
not building,/content/CompositeTiles/Composite tiles43.TIF,50,103.28591033851784,103,29.01157848519089,224.24290942360477,255,49.62193302828792,0,0,0,4372
not building,/content/CompositeTiles/Composite tiles43.TIF,51,7.625,0,29.976118967160065,1.3625,0,11.21596007556494,0,0,0,240
building,/content/CompositeTiles/Composite tiles43.TIF,52,80.51079136690647,67,27.562451495962105,144.36690647482015,137,27.51484723722187,0,0,0,139
not building,/content/CompositeTiles/Composite tiles43.TIF,53,93.36696230598669,90,25.727368490423544,213.40465631929047,255,56.313358507459355,0,0,0,902
building,/content/CompositeTiles/Composite tiles43.TIF,54,70.80487805,70,5.532474029542924,126.60365853658537,115.5,33.77952527905809,0,0,0,164
not building,/content/CompositeTiles/Composite tiles43.TIF,55,158.34453781512605,159,12.59147168682703,209.96638655462183,212,37.81799242171058,0,0,0,119
not building,/content/CompositeTiles/Composite tiles43.TIF,56,158.68250539956804,160,14.427470220475724,91.42980561555076,68.5,58.266989359244334,0,0,0,926
not building,/content/CompositeTiles/Composite tiles43.TIF,57,114.16438356164383,114,6.906446658153639,205.5136986,204.5,20.756328066719455,0,0,0,146
not building,/content/CompositeTiles/Composite tiles43.TIF,58,146.37708129285014,148,17.67316241196851,135.71008814887367,123,45.69905587886317,0,0,0,1021
not building,/content/CompositeTiles/Composite tiles43.TIF,59,141.07258064516128,146.5,18.12486858110166,254.20967741935485,255,5.069316607165473,0,0,0,248
not building,/content/CompositeTiles/Composite tiles43.TIF,60,152.86977886977888,153,10.341597769341345,210.46437346437347,226,49.08542504532461,0,0,0,407
not building,/content/CompositeTiles/Composite tiles43.TIF,61,150.79644495412845,151,17.078756084094575,141.02981651376146,125,53.622846450316516,0,0,0,1744
not building,/content/CompositeTiles/Composite tiles43.TIF,62,95.33443435177539,83,29.143053217821148,254.91990090834022,255,1.8339919116634809,0,0,0,1211
not building,/content/CompositeTiles/Composite tiles43.TIF,63,72.49718045112782,69,9.658549892975993,219.68703007518798,255,53.40467212438797,0,0,0,1064
not building,/content/CompositeTiles/Composite tiles43.TIF,64,151.7431506849315,153,12.29248800308795,254.92465753424656,255,1.325904273690669,0,0,0,584
building,/content/CompositeTiles/Composite tiles43.TIF,65,76.70406504,75,5.699542106468904,128.8617886178862,125,19.592360052086683,0,0,0,1230
not building,/content/CompositeTiles/Composite tiles43.TIF,66,110.88940092165899,121,31.801302751901996,152.4660961158657,141,52.670151269260394,0,0,0,1519
building,/content/CompositeTiles/Composite tiles43.TIF,67,71.80152671755725,69,7.630212994464126,122.76335877862596,118,22.975869207014625,0,0,0,131
building,/content/CompositeTiles/Composite tiles43.TIF,68,72.78195488721805,71,7.214582502799047,120.30827067669173,114,24.431023187781598,0,0,0,133
building,/content/CompositeTiles/Composite tiles43.TIF,69,72.82352941176471,72,5.393190631742162,133.98319327731093,125,30.61113742317974,0,0,0,119
not building,/content/CompositeTiles/Composite tiles43.TIF,70,78.91666666666667,77,10.400539239630596,130.5272988505747,120,44.37454032984906,0,0,0,696
not building,/content/CompositeTiles/Composite tiles43.TIF,71,91.24615384615385,90,16.33239420880221,107.18461538461538,94.5,33.217878553894764,0,0,0,260
building,/content/CompositeTiles/Composite tiles43.TIF,72,81.98501872659176,81,5.396607366,160.46441947565543,157,17.952539593230593,0,0,0,267
not building,/content/CompositeTiles/Composite tiles43.TIF,73,154.493007,154,7.744044861578019,136.78321678321677,121,56.693833591270604,0,0,0,286
not building,/content/CompositeTiles/Composite tiles43.TIF,74,153.01960784313727,153,8.830946151474745,141.78991596638656,133,54.36713158105255,0,0,0,357
not building,/content/CompositeTiles/Composite tiles43.TIF,75,134.97338403041826,134,10.428247264992379,164.64638783269962,159,43.372825070922644,0,0,0,263
not building,/content/CompositeTiles/Composite tiles43.TIF,76,26.631736526946106,0,59.21951712367908,11.182634730538922,0,46.31523912379297,0,0,0,334
not building,/content/CompositeTiles/Composite tiles43.TIF,77,139.40201005025125,140,10.662675990401326,171.66582914572865,165.5,52.18344515198865,0,0,0,796
building,/content/CompositeTiles/Composite tiles43.TIF,78,74.29341317,73,5.6444677777411565,117.32335329341318,109,24.928945602956894,0,0,0,167
building,/content/CompositeTiles/Composite tiles43.TIF,79,74.54838709677419,74,4.217006350461605,121.44516129032257,113,27.592458515135423,0,0,0,155
building,/content/CompositeTiles/Composite tiles43.TIF,80,73.11538461538461,72,6.785317423995631,120.79230769230769,112,29.654081611356936,0,0,0,130
building,/content/CompositeTiles/Composite tiles43.TIF,81,71.51754385964912,69,7.827339016,119.28947368421052,114,21.08534191,0,0,0,114
building,/content/CompositeTiles/Composite tiles43.TIF,82,79.63478260869566,73,14.169367102421187,113.16521739130435,104,30.692848744995565,0,0,0,115
building,/content/CompositeTiles/Composite tiles43.TIF,83,73.33333333333333,72,5.649808441865033,118.30188679245283,113,24.11392111226558,0,0,0,159
building,/content/CompositeTiles/Composite tiles43.TIF,84,76.29746835443038,78,6.795856419675643,124.79746835443038,115.5,29.827088082214605,0,0,0,158
building,/content/CompositeTiles/Composite tiles43.TIF,85,79,79,10.50021644798551,117.72121212121212,110,29.678599141731922,0,0,0,165
building,/content/CompositeTiles/Composite tiles43.TIF,86,72.21666666666667,71,4.237104619378138,119.80833333333334,113,25.76829312460481,0,0,0,120
building,/content/CompositeTiles/Composite tiles43.TIF,87,73.38333333333334,71,6.966806218697983,124.83888888888889,116.5,27.55059263103042,0,0,0,180
building,/content/CompositeTiles/Composite tiles43.TIF,88,70.58267716535433,69,4.128718214,115.91338582677166,112,19.443446610496615,0,0,0,127
building,/content/CompositeTiles/Composite tiles43.TIF,89,73.60666666666667,72,5.239461380290493,114.51333333333334,108,23.479561797917402,0,0,0,150
building,/content/CompositeTiles/Composite tiles43.TIF,90,72.51282051282051,71,3.6388581486372904,115.16239316239316,110,21.046532599069945,0,0,0,117
building,/content/CompositeTiles/Composite tiles43.TIF,91,74.84768212,73,7.4751228427930085,127.17880794701986,120,23.86443114921658,0,0,0,151
building,/content/CompositeTiles/Composite tiles43.TIF,92,73.47967479674797,73,6.357058164916302,114.34146341463415,110,19.709198573953316,0,0,0,123
building,/content/CompositeTiles/Composite tiles43.TIF,93,74.94736842105263,74.5,4.532227881077949,108.34210526315789,106,12.919337435735368,0,0,0,114
building,/content/CompositeTiles/Composite tiles43.TIF,94,74.47058823529412,72,9.324967415548329,117,109,27.945535263731674,0,0,0,170
not building,/content/CompositeTiles/Composite tiles43.TIF,95,124.48837209302326,123,7.706954756,141.1705426356589,132,57.76430646390498,0,0,0,129
building,/content/CompositeTiles/Composite tiles43.TIF,96,73.96129032258065,72,7.6207559281027235,117.14193548387097,109,28.45152951490962,0,0,0,155
building,/content/CompositeTiles/Composite tiles43.TIF,97,71.66019417475728,72,2.914821175744407,115.40776699029126,108,24.59238057594889,0,0,0,103
building,/content/CompositeTiles/Composite tiles43.TIF,98,70.92592592592592,68,9.12570346,117.5246913580247,109,30.69990159981092,0,0,0,162
building,/content/CompositeTiles/Composite tiles43.TIF,99,74.01265823,73,5.841240701582559,116.28481012658227,108.5,24.772788197748962,0,0,0,316
building,/content/CompositeTiles/Composite tiles43.TIF,100,76.83832335329342,75,9.396341092753648,118.2934131736527,107,32.180313723521365,0,0,0,167
building,/content/CompositeTiles/Composite tiles43.TIF,101,77.22033898305085,75.5,5.806389807527127,111.00847457627118,106,24.074564875491912,0,0,0,118
not building,/content/CompositeTiles/Composite tiles43.TIF,102,99.73180263800684,88,30.47405745,255,255,0,0,0,0,2047
building,/content/CompositeTiles/Composite tiles43.TIF,103,73.03053435114504,71,7.336969995993063,136.00763358778627,130,25.48626218,0,0,0,131
building,/content/CompositeTiles/Composite tiles43.TIF,104,72.86607142857143,73,1.8779526072023114,117.07142857142857,108,30.88969843471696,0,0,0,112
building,/content/CompositeTiles/Composite tiles43.TIF,105,73.28823529411764,70,10.296451836201873,132.92352941176472,119,37.76599823700375,0,0,0,170
building,/content/CompositeTiles/Composite tiles43.TIF,106,72.88461538461539,69,10.8491767,133.17307692307693,120.5,32.970298106010674,0,0,0,156
not building,/content/CompositeTiles/Composite tiles43.TIF,107,132.8008658008658,132,12.546854148906755,203.74458874458875,209,50.53231492491409,0,0,0,231
not building,/content/CompositeTiles/Composite tiles43.TIF,108,117.87581699346406,120,15.645718268891176,255,255,0,0,0,0,153
building,/content/CompositeTiles/Composite tiles43.TIF,109,75.77911646586345,74,5.799477682347104,121.29317269076306,106,40.756776773761715,0,0,0,249
building,/content/CompositeTiles/Composite tiles43.TIF,110,82.56996587030717,71,22.02975150094468,255,255,0,0,0,0,293
not building,/content/CompositeTiles/Composite tiles43.TIF,111,95.69066366704162,81,27.318929034399257,198.52418447694038,230,63.66305893651215,0,0,0,889
not building,/content/CompositeTiles/Composite tiles43.TIF,112,91.50545454545454,81,23.743968304687286,188.61454545454546,200,62.68056027920141,0,0,0,1650
not building,/content/CompositeTiles/Composite tiles43.TIF,113,105.9027027027027,106,12.39752561376853,255,255,0,0,0,0,185
building,/content/CompositeTiles/Composite tiles43.TIF,114,255,255,0,255,255,0,255,255,0,15362
not building,/content/CompositeTiles/Composite tiles43.TIF,115,139.30434782608697,140,15.214699554893738,55.73913043478261,42.5,28.461594857852784,0,0,0,138
building,/content/CompositeTiles/Composite tiles43.TIF,116,92.25870647,79,25.25122993543378,128.55223880597015,120,31.669130683858842,0,0,0,201
building,/content/CompositeTiles/Composite tiles43.TIF,117,68.66129032258064,67,6.2228599077788855,119.01612903225806,112,26.62553463675477,0,0,0,124
building,/content/CompositeTiles/Composite tiles43.TIF,118,72.50793651,72,2.671858136340824,122.17460317460318,118,20.513673088276715,0,0,0,126
building,/content/CompositeTiles/Composite tiles43.TIF,119,72.01428571428572,70,5.410288762145318,125.67142857142858,120,24.61835635024717,0,0,0,140
building,/content/CompositeTiles/Composite tiles43.TIF,120,62.20625,62,4.834895132006484,124.06875,118,27.337959386858046,0,0,0,160
building,/content/CompositeTiles/Composite tiles43.TIF,121,76.09146341463415,73,8.995130135306578,119.34756097560975,110,29.951911562474304,0,0,0,164
building,/content/CompositeTiles/Composite tiles43.TIF,122,77.26388888888889,75.5,7.454789143419116,111.52314814814815,100,34.47475487110092,0,0,0,216
building,/content/CompositeTiles/Composite tiles43.TIF,123,76.10909090909091,73,7.779162673503265,157.9090909090909,158,22.440444597177844,0,0,0,110
building,/content/CompositeTiles/Composite tiles43.TIF,124,75.31543624161074,73,8.402689924307316,125.24161073825503,114,29.052059499524496,0,0,0,149
not building,/content/CompositeTiles/Composite tiles43.TIF,125,157.4316547,158,7.783075495491566,152.07194244604315,131,68.33714983305961,0,0,0,139
building,/content/CompositeTiles/Composite tiles43.TIF,126,77.45394736842105,73.5,10.668348917653981,123.75,117,24.25881554,0,0,0,152
building,/content/CompositeTiles/Composite tiles43.TIF,127,73.75362319,73,4.742364716509037,131.84782608695653,122.5,30.82721886272477,0,0,0,138
building,/content/CompositeTiles/Composite tiles43.TIF,128,68.64666666666666,68,5.443205754781725,109.76666666666667,97.5,34.59333590287136,0,0,0,150
building,/content/CompositeTiles/Composite tiles43.TIF,129,71.75,71,2.4330316186072998,169.69642857142858,168.5,22.779940771007556,0,0,0,112
building,/content/CompositeTiles/Composite tiles43.TIF,130,69.70769230769231,68,7.753357737975061,115.18461538461538,106,30.515515502618214,0,0,0,130
building,/content/CompositeTiles/Composite tiles43.TIF,131,63.73972602739726,63,4.576675222,118.06164383561644,108,32.407766404446974,0,0,0,146
building,/content/CompositeTiles/Composite tiles43.TIF,132,74.18840579710145,71,10.31500295028141,131.82608695652175,123,32.02714271044698,0,0,0,138
building,/content/CompositeTiles/Composite tiles43.TIF,133,68.11428571428571,68,4.882064913858607,120.56190476190476,106,40.21606497515847,0,0,0,105
building,/content/CompositeTiles/Composite tiles43.TIF,134,74.64028776978417,69,12.108031221510517,141.32374100719426,134,29.272034884726327,0,0,0,139
building,/content/CompositeTiles/Composite tiles43.TIF,135,70.90151515151516,70,6.870953187463577,176.18939393939394,181.5,21.900647761195632,0,0,0,132
building,/content/CompositeTiles/Composite tiles43.TIF,136,69.90845070422536,66,11.196644951192429,121.04225352112677,108.5,36.82713199883573,0,0,0,142
building,/content/CompositeTiles/Composite tiles43.TIF,137,69.34513274336283,66,10.344311344636171,122.87610619469027,113,31.38742568343206,0,0,0,113
building,/content/CompositeTiles/Composite tiles43.TIF,138,65.08196721311475,63,5.945917684737918,163.8415300546448,159,28.529191681272735,0,0,0,183
building,/content/CompositeTiles/Composite tiles43.TIF,139,72.53383458646617,70,9.811416453,119.57894736842105,110,31.06825145572288,0,0,0,133
building,/content/CompositeTiles/Composite tiles43.TIF,140,65.7890625,65,3.645743116443306,127.2890625,116,31.814195029437627,0,0,0,128
building,/content/CompositeTiles/Composite tiles43.TIF,141,72.12592592592593,67,14.66587352887251,109.5925925925926,103,28.07484608,0,0,0,135
building,/content/CompositeTiles/Composite tiles43.TIF,142,67.11585365853658,67,5.039356557653917,118.59756097560975,106,33.10141834559638,0,0,0,164
building,/content/CompositeTiles/Composite tiles43.TIF,143,76.50892857142857,73,8.6116569,116.08035714285714,108.5,26.74186738619838,0,0,0,112
building,/content/CompositeTiles/Composite tiles43.TIF,144,73.11627906976744,72,5.574899320503284,184.9922480620155,180,28.310705818443758,0,0,0,129
building,/content/CompositeTiles/Composite tiles43.TIF,145,69.20118343195266,69,1.9987566598482245,165.40828402366864,160,25.42896224237364,0,0,0,169
building,/content/CompositeTiles/Composite tiles43.TIF,146,73.65873015873017,73,5.267695346213467,119.76190476190476,108,31.664017074974282,0,0,0,126
building,/content/CompositeTiles/Composite tiles43.TIF,147,71.93939393939394,71,4.873797560731629,118.00757575757575,102.5,39.293475480481106,0,0,0,132
not building,/content/CompositeTiles/Composite tiles43.TIF,148,155.4251781472684,153,11.643037240328013,88.81235154,69,50.91234551,0,0,0,421
building,/content/CompositeTiles/Composite tiles43.TIF,149,74.04424778761062,73,4.543573465061021,115.61061946902655,105,31.86821137240738,0,0,0,113
building,/content/CompositeTiles/Composite tiles43.TIF,150,75.41891891891892,72,8.402069816994029,120.16891891891892,106,38.65166485584497,0,0,0,148
building,/content/CompositeTiles/Composite tiles43.TIF,151,72.22689075630252,69,7.665745015008302,163.10504201680672,155,29.398048722588946,0,0,0,238
building,/content/CompositeTiles/Composite tiles43.TIF,152,68.73571428571428,68,2.795687276313067,133.28214285714284,125,37.87803315,0,0,0,280
not building,/content/CompositeTiles/Composite tiles43.TIF,153,133.72794117647058,134,8.807973419649134,140.66176470588235,127,51.21698658192292,0,0,0,136
building,/content/CompositeTiles/Composite tiles43.TIF,154,75.93571428571428,73,10.080540457652424,131.55714285714285,120,33.416692028422695,0,0,0,140
building,/content/CompositeTiles/Composite tiles43.TIF,155,74.28571428571429,73,5.995265804569108,119.80745341614907,110,31.566456669740628,0,0,0,161
building,/content/CompositeTiles/Composite tiles43.TIF,156,73.95726495726495,69,16.161520810638574,140.7991452991453,129,34.86528162108188,0,0,0,234
building,/content/CompositeTiles/Composite tiles43.TIF,157,74.72580645,74,8.991338762205135,112.44354838709677,106,24.863920751781777,0,0,0,124
building,/content/CompositeTiles/Composite tiles43.TIF,158,74.472,75,5.926990467345126,115.24,108,28.34541232721796,0,0,0,125
building,/content/CompositeTiles/Composite tiles43.TIF,159,70.546875,69,4.496282101289353,116.140625,109,27.96754100040572,0,0,0,128
building,/content/CompositeTiles/Composite tiles43.TIF,160,70.87378640776699,71,3.800050106083772,128.64077669902912,119,33.04332383223842,0,0,0,103
building,/content/CompositeTiles/Composite tiles43.TIF,161,69.88495575221239,69,5.023400485,179.1504424778761,171.5,36.450043698806745,0,0,0,226
building,/content/CompositeTiles/Composite tiles43.TIF,162,71.02185792349727,68,8.732801229453674,142.20765027322403,129,35.409710416022094,0,0,0,183
building,/content/CompositeTiles/Composite tiles43.TIF,163,75.74626865671642,74,10.338802845882714,190.58955223880596,187,26.63131718528752,0,0,0,134
not building,/content/CompositeTiles/Composite tiles43.TIF,164,173.15436241610738,171,7.047037391903263,161.9731543624161,155,50.03876970852316,0,0,0,149
building,/content/CompositeTiles/Composite tiles43.TIF,165,81.23308270676692,73,20.188170145042605,171.11278195488723,174,23.27561379478283,0,0,0,133
building,/content/CompositeTiles/Composite tiles43.TIF,166,71.66451612903226,68,7.615160955539425,128.01290322580644,120,32.47668883026303,0,0,0,155
not building,/content/CompositeTiles/Composite tiles43.TIF,167,116.33973029045643,129,30.796383873407834,157.86825726141078,146,53.77073341959857,0,0,0,1928
not building,/content/CompositeTiles/Composite tiles43.TIF,168,107.88175675675676,104,22.579241953264862,252.97466216216216,255,10.332857256105632,0,0,0,1184
not building,/content/CompositeTiles/Composite tiles43.TIF,169,140.71,139.5,12.284376256041655,151.76,140,52.80854476313469,0,0,0,100
not building,/content/CompositeTiles/Composite tiles43.TIF,170,94.80528846153847,93,23.722718560028664,253.79567307692307,255,7.969538190512946,0,0,0,416
not building,/content/CompositeTiles/Composite tiles43.TIF,171,75.25023255813953,71,10.740303899466413,236.1153488372093,255,49.62131665664241,0,0,0,2150
building,/content/CompositeTiles/Composite tiles43.TIF,172,71.66428571428571,72,5.533806122740625,157.7,148,37.94896949,0,0,0,140
not building,/content/CompositeTiles/Composite tiles43.TIF,173,114.71626733921816,126,29.630068061953896,221.97730138713746,255,56.14359170524187,0,0,0,793
not building,/content/CompositeTiles/Composite tiles43.TIF,174,84.44230769,76.5,17.12641174589531,255,255,0,0,0,0,208
not building,/content/CompositeTiles/Composite tiles43.TIF,175,157.07177033492823,156,11.081240547936194,204.55980861244018,211,48.476280511319914,0,0,0,209
not building,/content/CompositeTiles/Composite tiles43.TIF,176,154.7192118226601,152,13.934575326380052,123.4088669950739,107,55.23175819666277,0,0,0,203
not building,/content/CompositeTiles/Composite tiles43.TIF,177,83.68175182481752,73,19.771675600595852,228.22554744525547,255,47.075008524906416,0,0,0,1370
not building,/content/CompositeTiles/Composite tiles43.TIF,178,156.6063227953411,159,18.196480615153764,170.4638935108153,164,68.77467932764893,0,0,0,3005
building,/content/CompositeTiles/Composite tiles43.TIF,179,66.84269662921348,66,3.759329597,173.56179775280899,176,18.288545599332696,0,0,0,89
not building,/content/CompositeTiles/Composite tiles43.TIF,180,146.60638297872342,147.5,10.271027300653722,149.25531914893617,137,66.60792492786439,0,0,0,94
not building,/content/CompositeTiles/Composite tiles43.TIF,181,85.95945945945945,81.5,17.366042656450368,79.32432432432432,70,27.027567562162268,0,0,0,74
not building,/content/CompositeTiles/Composite tiles43.TIF,182,107.32608695652173,112,17.684498674934012,113.8804347826087,98.5,51.09833707651236,0,0,0,92
not building,/content/CompositeTiles/Composite tiles43.TIF,183,162.0854816824966,159,13.723506097639333,102.18521031207598,78,58.425615406899226,0,0,0,1474
building,/content/CompositeTiles/Composite tiles43.TIF,184,69.06382978723404,70,3.521389083502502,182.0744680851064,177.5,25.812432828907347,0,0,0,94
building,/content/CompositeTiles/Composite tiles43.TIF,185,75.27835051546391,71,9.714207119,171.70103092783506,171,23.688774560417876,0,0,0,97
not building,/content/CompositeTiles/Composite tiles43.TIF,186,152.56521739130434,147,13.229828244823272,152.7391304347826,149,30.465543461003467,0,0,0,46
building,/content/CompositeTiles/Composite tiles43.TIF,187,72.16513761,72,3.1331719176364823,170.38990825688074,167,25.984457051254008,0,0,0,218
not building,/content/CompositeTiles/Composite tiles43.TIF,188,144.8395061728395,148,15.177514874999337,175.8641975308642,169,39.19333310855958,0,0,0,81
building,/content/CompositeTiles/Composite tiles43.TIF,189,91.97222222222223,91,15.981736296839852,165.97222222222223,160,28.436563035710744,0,0,0,36
building,/content/CompositeTiles/Composite tiles43.TIF,190,78.68965517,71,18.79246018091322,198.19540229885058,196,23.98507154506869,0,0,0,87
building,/content/CompositeTiles/Composite tiles43.TIF,191,75.22857142857143,74,4.9574516165679565,156.5142857142857,158,23.452531302394544,0,0,0,35
not building,/content/CompositeTiles/Composite tiles43.TIF,192,160.03076923076924,160,11.365222568153632,196.36923076923077,195,44.23071304344257,0,0,0,65
building,/content/CompositeTiles/Composite tiles43.TIF,193,64.40909091,63,5.5914633871570105,167.48863636363637,168,19.034653994384833,0,0,0,88
building,/content/CompositeTiles/Composite tiles43.TIF,194,79.88461538461539,79.5,7.412706985445398,175.84615384615384,171.5,18.314963003579486,0,0,0,26
building,/content/CompositeTiles/Composite tiles43.TIF,195,64.84931506849315,63,4.452708065875185,187.54794520547946,189,20.93763806,0,0,0,73
not building,/content/CompositeTiles/Composite tiles43.TIF,196,151.3684210526316,152,3.9895986648941526,147.1578947368421,128,58.059192261813145,0,0,0,19
not building,/content/CompositeTiles/Composite tiles43.TIF,197,18.188854489164086,0,50.62520817145323,0.955108359,0,5.956979170657849,0,0,0,646
not building,/content/CompositeTiles/Composite tiles43.TIF,198,16.734078212290502,0,48.121363223125584,2.623463687150838,0,19.081890776352243,0,0,0,895
not building,/content/CompositeTiles/Composite tiles43.TIF,199,76.07709012,70,15.001756198369227,254.06080347448426,255,8.704498257118251,0,0,0,921
not building,/content/CompositeTiles/Composite tiles43.TIF,200,143.25,142,5.356071321407137,160.08333333333334,144,55.82779823,0,0,0,12
building,/content/CompositeTiles/Composite tiles43.TIF,201,71.80555555555556,71.5,1.8903180867610092,184.63888888888889,182.5,22.25190725630524,0,0,0,72
not building,/content/CompositeTiles/Composite tiles43.TIF,202,45.549019607843135,0,74.23526822244558,10.803921568627452,0,39.080620345410125,0,0,0,51
not building,/content/CompositeTiles/Composite tiles43.TIF,203,147.8855421686747,146,10.396021395256527,176.02409638554218,175.5,48.01756102044496,0,0,0,166
not building,/content/CompositeTiles/Composite tiles43.TIF,204,138.2875,140.5,8.099681707,255,255,0,0,0,0,80
not building,/content/CompositeTiles/Composite tiles43.TIF,205,142.94565217391303,159.5,36.34507446158485,189.33695652173913,188.5,35.51676798539732,0,0,0,92
not building,/content/CompositeTiles/Composite tiles43.TIF,206,155.9287288758266,155,11.37782388427715,194.2314474650992,199,55.33766559001747,0,0,0,1361
not building,/content/CompositeTiles/Composite tiles43.TIF,207,128.02777777777777,126,6.747370315377651,138.52777777777777,118,54.208182096182114,0,0,0,36
building,/content/CompositeTiles/Composite tiles43.TIF,208,76.91555555555556,76,5.714204091127804,119.75555555555556,116,15.211334305642774,0,0,0,675
not building,/content/CompositeTiles/Composite tiles43.TIF,209,139.4949494949495,139,11.10316520289155,188.56565656565655,188,33.883687448003236,0,0,0,99
not building,/content/CompositeTiles/Composite tiles43.TIF,210,134.20238095238096,136.5,13.844183721061142,163.0952380952381,149.5,37.49718054,0,0,0,84
building,/content/CompositeTiles/Composite tiles43.TIF,211,69.31358024691357,68,7.8553552243263045,186.19753086419752,178,37.09248359954319,0,0,0,405
not building,/content/CompositeTiles/Composite tiles43.TIF,212,123.79310344827586,119,15.974935778500942,194.10344827586206,193,32.18732329990864,0,0,0,29
building,/content/CompositeTiles/Composite tiles43.TIF,213,81.40909091,81,2.2494260057561135,207.0909090909091,205,8.959043632549033,0,0,0,22
not building,/content/CompositeTiles/Composite tiles43.TIF,214,155.25274725274724,158,13.091892807679384,128.32967032967034,112,52.74113747,0,0,0,91
not building,/content/CompositeTiles/Composite tiles43.TIF,215,123.92430278884463,129,17.615363829356173,182.65737051792829,171,68.28206480447349,0,0,0,251
building,/content/CompositeTiles/Composite tiles43.TIF,216,73.40489642184558,72,6.806990323776798,137.0131826741996,115,49.60387164665303,0,0,0,531
not building,/content/CompositeTiles/Composite tiles43.TIF,217,152.2058823529412,153,6.935753115579938,193.8235294117647,187,37.95157176334016,0,0,0,34
not building,/content/CompositeTiles/Composite tiles43.TIF,218,129.09859154929578,129,9.510046474,146.01760563380282,132,57.13373587075066,0,0,0,284
not building,/content/CompositeTiles/Composite tiles43.TIF,219,125.62666666666667,127,10.591535404379396,193.04,206,64.01050747077909,0,0,0,75
not building,/content/CompositeTiles/Composite tiles43.TIF,220,114.98684210526316,122,18.643111766641596,255,255,0,0,0,0,76
building,/content/CompositeTiles/Composite tiles43.TIF,221,70.5,71,2.362907813126304,225.33333333333334,222.5,15.456030825826174,0,0,0,6
building,/content/CompositeTiles/Composite tiles43.TIF,222,70.5,70.5,1.9621416870348585,237.2,243,18.829763673503713,0,0,0,10
not building,/content/CompositeTiles/Composite tiles43.TIF,223,112.05083683370779,117,37.52251074802399,223.13261941975188,255,60.93989338732955,0,0,0,245688
building,/content/CompositeTiles/Composite tiles43.TIF,224,72.02197802197803,71,3.694302182,168.46153846153845,167,22.446178701339715,0,0,0,91
not building,/content/CompositeTiles/Composite tiles43.TIF,225,41.93397072,0,69.55288166948777,29.534508515088138,0,70.61391715213172,0,0,0,3347
building,/content/CompositeTiles/Composite tiles43.TIF,226,73.83116883116882,71,8.398210380484205,131.8961038961039,121,36.37059766392029,0,0,0,77
building,/content/CompositeTiles/Composite tiles43.TIF,227,76.47916666666667,76,13.131529460509244,152.97916666666666,145.5,36.485721855344394,0,0,0,96
not building,/content/CompositeTiles/Composite tiles43.TIF,228,159.08139534883722,158.5,7.214673543000501,160.5,154.5,51.838243492349285,0,0,0,86
not building,/content/CompositeTiles/Composite tiles43.TIF,229,125.77464788732394,123,11.850235848486268,143.43661971830986,121,46.62699828270511,0,0,0,71
building,/content/CompositeTiles/Composite tiles43.TIF,230,74.5,71,10.086042874664237,173.80434782608697,170.5,15.250972264398483,0,0,0,46
not building,/content/CompositeTiles/Composite tiles43.TIF,231,123.27118644067797,126,11.673278929471353,255,255,0,0,0,0,59
building,/content/CompositeTiles/Composite tiles43.TIF,232,73.63291139240506,73,3.8192623556801886,123.11392405063292,108,41.48569597677947,0,0,0,79
not building,/content/CompositeTiles/Composite tiles43.TIF,233,148.23809523809524,149,8.103916916390192,192.34920634920636,191,39.68213333125281,0,0,0,63
building,/content/CompositeTiles/Composite tiles43.TIF,234,83.54838709677419,79,10.94317298743613,179.7741935483871,179,18.85720479648913,0,0,0,93
building,/content/CompositeTiles/Composite tiles43.TIF,235,88.20512821,77,26.106958977154832,168.0897435897436,164,29.79381535264638,0,0,0,78
building,/content/CompositeTiles/Composite tiles43.TIF,236,70.44827586206897,70,4.952089123038963,176.10344827586206,172,14.413463121119655,0,0,0,29
not building,/content/CompositeTiles/Composite tiles43.TIF,237,159.18867924528303,158,5.446330264494304,193,192,52.48360031368649,0,0,0,53
building,/content/CompositeTiles/Composite tiles43.TIF,238,71.8,68,10.920622692868756,162.55,163.5,18.085376228691878,0,0,0,60
building,/content/CompositeTiles/Composite tiles43.TIF,239,71.68888888888888,68,9.471177851,171.7888888888889,170,22.540085006467155,0,0,0,90
building,/content/CompositeTiles/Composite tiles43.TIF,240,70.92307692307692,64,14.202175014691552,177.8,173,22.36425719759098,0,0,0,65
building,/content/CompositeTiles/Composite tiles43.TIF,241,74.40425531914893,68,14.990294128617746,161.59574468085106,161,19.86942436120006,0,0,0,47
building,/content/CompositeTiles/Composite tiles43.TIF,242,68.84848484848484,68,5.149019003093199,127.95959595959596,112,41.68833841055206,0,0,0,99
not building,/content/CompositeTiles/Composite tiles43.TIF,243,140.03773584905662,140,10.462804314279396,185.52830188679246,180,36.753951795529545,0,0,0,53
building,/content/CompositeTiles/Composite tiles45.TIF,0,77.02298850574712,77,5.754013115287657,106.70402298850574,106,9.536758041,0,0,0,696
building,/content/CompositeTiles/Composite tiles45.TIF,1,76.37115516062885,76,5.882040668424728,104.27682843472317,103,9.061379687,0,0,0,1463
not building,/content/CompositeTiles/Composite tiles45.TIF,2,120.21350762527233,121,19.037234256380174,170.8954248366013,163,52.39270559899453,0,0,0,459
not building,/content/CompositeTiles/Composite tiles45.TIF,3,64.20689655172414,63.5,3.7243773869377064,208.4051724137931,203,33.16390290669595,0,0,0,116
building,/content/CompositeTiles/Composite tiles45.TIF,4,64.93364928909952,64,3.8386109565901565,139.72985781990522,135,29.00838266620004,0,0,0,211
not building,/content/CompositeTiles/Composite tiles45.TIF,5,148.84567901234567,147,9.584948970190945,128.28395061728395,112.5,57.12175313038737,0,0,0,162
not building,/content/CompositeTiles/Composite tiles45.TIF,6,152.5935251798561,151,9.343383059554363,108.23381294964028,84.5,57.20812068676767,0,0,0,278
building,/content/CompositeTiles/Composite tiles45.TIF,7,68.47967479674797,68,3.5529664543800807,121,112,26.954040980959647,0,0,0,123
not building,/content/CompositeTiles/Composite tiles45.TIF,8,151.88571428571427,149,9.416952918411226,135.52698412698413,112,66.96795065,0,0,0,315
not building,/content/CompositeTiles/Composite tiles45.TIF,9,135.5921589,136,7.148186586731382,254.98935604044703,255,0.48415763439378046,0,0,0,5637
building,/content/CompositeTiles/Composite tiles45.TIF,10,66.75898520084567,67,2.6820696281542062,164.61099365750528,163,12.619527707577952,0,0,0,473
not building,/content/CompositeTiles/Composite tiles45.TIF,11,115.00205023065095,122,28.995306994023032,184.09328549461816,177,55.848797401687634,0,0,0,1951
not building,/content/CompositeTiles/Composite tiles45.TIF,12,147.7412141,145,13.197690564100407,142.16613418530352,130,64.75619947679512,0,0,0,313
building,/content/CompositeTiles/Composite tiles45.TIF,13,65.37931034482759,65,3.8610682200963264,121.84482758620689,117,21.01830214290092,0,0,0,116
not building,/content/CompositeTiles/Composite tiles45.TIF,14,97.73595505617978,85,38.094839507754536,148.75842696629215,134,49.20985858336953,0,0,0,178
not building,/content/CompositeTiles/Composite tiles45.TIF,15,137.05645161290323,138.5,10.074962914647857,131.1048387096774,104,69.51256774,0,0,0,124
not building,/content/CompositeTiles/Composite tiles45.TIF,16,128.22131147540983,130,12.70031557743236,226.58196721311475,255,53.294958213638374,0,0,0,366
not building,/content/CompositeTiles/Composite tiles45.TIF,17,153.33877551020407,154,11.264515648102186,170.0408163265306,148.5,47.316114174328604,0,0,0,490
not building,/content/CompositeTiles/Composite tiles45.TIF,18,130.4164524421594,150,57.159465177643746,91.51928020565553,76,73.29422878,0,0,0,389
not building,/content/CompositeTiles/Composite tiles45.TIF,19,142.78021978021977,143,10.183447962547318,140.4798534798535,116,69.3866414,0,0,0,273
not building,/content/CompositeTiles/Composite tiles45.TIF,20,87.69873817,81,20.38553714256142,217.7223974763407,255,48.31689462210947,0,0,0,634
not building,/content/CompositeTiles/Composite tiles45.TIF,21,143.82228116710874,143,8.197025539030808,152.45888594164455,133,74.55398081251126,0,0,0,377
not building,/content/CompositeTiles/Composite tiles45.TIF,22,133.51282051282053,135,17.10093983752819,197.16666666666666,185,42.98909124198796,0,0,0,156
not building,/content/CompositeTiles/Composite tiles45.TIF,23,123.51282051282051,136,32.726492936273445,195.52350427350427,200,46.90845652654725,0,0,0,468
not building,/content/CompositeTiles/Composite tiles45.TIF,24,151.31617647058823,150,8.676965962927325,155.76470588235293,142.5,42.48723602,0,0,0,136
building,/content/CompositeTiles/Composite tiles45.TIF,25,70.49425287356321,70,4.412296202107857,150.41379310344828,147.5,23.103242407729205,0,0,0,174
building,/content/CompositeTiles/Composite tiles45.TIF,26,69.05663189269747,68,3.372512714439691,76.14157973174366,76,3.041740567717452,0,0,0,2013
not building,/content/CompositeTiles/Composite tiles45.TIF,27,126.68940153794718,126,12.223586470762537,254.6858910063524,255,3.6102029809296354,0,0,0,5982
building,/content/CompositeTiles/Composite tiles45.TIF,28,64.39174311926605,65,3.2495201746111606,121.84311926605504,122,11.924616947841473,0,0,0,2180
not building,/content/CompositeTiles/Composite tiles45.TIF,29,151.31554524361948,149,13.581504914654817,94.69373549883991,80,38.17627855,0,0,0,431
building,/content/CompositeTiles/Composite tiles45.TIF,30,72.47682119205298,71,4.855302879751214,140.89403973509934,137,23.878043425974532,0,0,0,151
not building,/content/CompositeTiles/Composite tiles45.TIF,31,118.97122302158273,121,12.476707764218677,255,255,0,0,0,0,139
building,/content/CompositeTiles/Composite tiles45.TIF,32,72.64992614475628,72,4.391820061315219,127.96159527326441,114,26.50155374,0,0,0,677
building,/content/CompositeTiles/Composite tiles45.TIF,33,69.98226950354609,70,2.805229818043496,85.89674593241551,85,6.826655914,0,0,0,4794
building,/content/CompositeTiles/Composite tiles45.TIF,34,71.62820512820512,73,4.984266734233106,111.06636500754148,110,9.96987014,0,0,0,1326
building,/content/CompositeTiles/Composite tiles45.TIF,35,70.61297539149888,69,4.827380753858172,70.63087248322148,69,8.704798315043769,0,0,0,1341
building,/content/CompositeTiles/Composite tiles45.TIF,36,71.18781362007168,71,5.360735575,103.87455197132617,100,19.191153999287273,0,0,0,1395
building,/content/CompositeTiles/Composite tiles45.TIF,37,67.12093862815884,66,6.124593423758168,116.90252707581227,116,6.3209491333199175,0,0,0,554
building,/content/CompositeTiles/Composite tiles45.TIF,38,71.508,72,4.798326374893646,108,107,6.887670143089026,0,0,0,1000
building,/content/CompositeTiles/Composite tiles45.TIF,39,71.91021671826626,74,5.583699264488822,120.41486068111455,119,11.410766827588466,0,0,0,323
building,/content/CompositeTiles/Composite tiles45.TIF,40,67.79629629629629,69,3.1084093206656513,186.0462962962963,169,32.56429090028116,0,0,0,108
not building,/content/CompositeTiles/Composite tiles45.TIF,41,41.64075067024129,0,59.76997597783454,29.65147453,0,78.21148705235721,0,0,0,373
building,/content/CompositeTiles/Composite tiles45.TIF,42,66.73491592482691,67,5.056843789130652,126.85361028684471,122,18.436844758024797,0,0,0,1011
not building,/content/CompositeTiles/Composite tiles45.TIF,43,102.68932698844324,95,39.17747989,242.35893949694085,255,30.61742260420167,0,0,0,1471
building,/content/CompositeTiles/Composite tiles45.TIF,44,69.89956332,71,2.6896940267958223,79.48908296943232,79,6.054058766095221,0,0,0,229
not building,/content/CompositeTiles/Composite tiles45.TIF,45,132.02092050209205,133,15.379290454533118,243.5941422594142,255,26.7310823,0,0,0,239
building,/content/CompositeTiles/Composite tiles45.TIF,46,70.09391814772542,70,3.3484009911118293,82.73993151801729,83,10.082103766861612,0,0,0,6133
building,/content/CompositeTiles/Composite tiles45.TIF,47,255,255,0,255,255,0,255,255,0,95891
building,/content/CompositeTiles/Composite tiles45.TIF,48,62.39953810623557,62,1.4222578312729373,105.27944572748268,101,18.177669921017024,0,0,0,433
building,/content/CompositeTiles/Composite tiles45.TIF,49,70.32758620689656,70,12.036708123464027,124.73793103448276,123,21.26516357628782,0,0,0,290
not building,/content/CompositeTiles/Composite tiles45.TIF,50,151.18857142857144,154,25.162418364679965,158.56571428571428,145,60.53357954938089,7.285714285714286,0,42.48264952,175
building,/content/CompositeTiles/Composite tiles45.TIF,51,61.740196078431374,61,4.1664100266983874,150.2107843137255,141,32.05692977257297,0,0,0,204
not building,/content/CompositeTiles/Composite tiles45.TIF,52,87.28441754916793,80,21.47025982,174.99848714069591,164,60.04344113833282,0,0,0,661
building,/content/CompositeTiles/Composite tiles45.TIF,53,62.220238095238095,59,6.5369149517312675,116.16071428571429,112,20.92797465832085,0,0,0,168
not building,/content/CompositeTiles/Composite tiles45.TIF,54,141.8050847457627,139,12.216450755461455,140.3135593220339,116.5,72.89482778523934,0,0,0,118
building,/content/CompositeTiles/Composite tiles45.TIF,55,64.26618705035972,64,4.219815433872364,140.69064748201438,131,27.211362660736935,0,0,0,139
not building,/content/CompositeTiles/Composite tiles45.TIF,56,147.47402597402598,146,7.491291959342164,149.47402597402598,128.5,68.75905589,0,0,0,154
building,/content/CompositeTiles/Composite tiles45.TIF,57,63.65,64,1.520142537176476,176.975,174,10.185334636950651,0,0,0,120
not building,/content/CompositeTiles/Composite tiles45.TIF,58,66.36363636363636,65,6.478554213629568,134.92207792207793,111.5,37.90033623322267,0,0,0,154
building,/content/CompositeTiles/Composite tiles45.TIF,59,76.35233160621762,77,6.686170651673614,154.9015544041451,149,35.51626129,0,0,0,193
not building,/content/CompositeTiles/Composite tiles45.TIF,60,128.95238095238096,132,13.439964771576765,160.42857142857142,150,64.36643961532154,0,0,0,126
not building,/content/CompositeTiles/Composite tiles45.TIF,61,134.16265060240963,136,14.542129994658133,150.44578313253012,125.5,74.20295402362689,0,0,0,166
not building,/content/CompositeTiles/Composite tiles45.TIF,62,65.14388489208633,65,2.5854077258823858,174.25899280575538,173,19.044188724264835,0,0,0,139
not building,/content/CompositeTiles/Composite tiles45.TIF,63,150.83242655059848,153,11.611230243987134,252.85745375408052,255,11.278757293936325,0,0,0,919
not building,/content/CompositeTiles/Composite tiles45.TIF,64,105.55,101,28.335012873571355,231.02545454545455,255,41.56490310644227,0,0,0,1100
not building,/content/CompositeTiles/Composite tiles45.TIF,65,143.93271028037384,143,9.589283111802755,157.09719626168226,141,76.63040252,0,0,0,535
not building,/content/CompositeTiles/Composite tiles45.TIF,66,125.04040404040404,129,16.275357335628854,169.74242424242425,158,65.50471737335756,0,0,0,198
not building,/content/CompositeTiles/Composite tiles45.TIF,67,103.51655629139073,112,35.22426183948297,248.3421633554084,255,20.822701817804113,0,0,0,453
not building,/content/CompositeTiles/Composite tiles45.TIF,68,143.21830985915494,142,8.932545492434384,161.25352112676057,146,62.335918321251825,0,0,0,142
not building,/content/CompositeTiles/Composite tiles45.TIF,69,143.82089552238807,142.5,10.539797178844287,150.98507462686567,141,47.99268990894263,0,0,0,134
not building,/content/CompositeTiles/Composite tiles45.TIF,70,143.15656565656565,142,8.978128999212325,160.62121212121212,146.5,61.07234453676746,0,0,0,198
building,/content/CompositeTiles/Composite tiles45.TIF,71,81.352,80,8.358235220427813,136.328,139,16.031856286781018,0,0,0,125
not building,/content/CompositeTiles/Composite tiles45.TIF,72,66.27272727272727,66,1.2856486930664501,198.86363636363637,194.5,28.67576654209717,0,0,0,22
not building,/content/CompositeTiles/Composite tiles45.TIF,73,86.5,68,31.883903985135404,205.1,206.5,39.87927615524969,0,0,0,30
not building,/content/CompositeTiles/Composite tiles45.TIF,74,127.73608617594255,132,23.73076863513101,184.6032315978456,177,53.329020299212615,0,0,0,557
not building,/content/CompositeTiles/Composite tiles45.TIF,75,128.9047619047619,132,8.456638766615548,186.23809523809524,190,20.01643315807994,0,0,0,21
building,/content/CompositeTiles/Composite tiles45.TIF,76,65.27027027027027,65,4.771246359060269,203.65540540540542,210,15.36392442,0,0,0,148
not building,/content/CompositeTiles/Composite tiles45.TIF,77,133.4090909090909,141,22.91616954131473,177.8181818181818,175,38.589490283373515,0,0,0,22
not building,/content/CompositeTiles/Composite tiles45.TIF,78,148.171875,149.5,6.813485450514663,187.171875,183,38.60033787396653,0,0,0,64
not building,/content/CompositeTiles/Composite tiles45.TIF,79,158.52272727272728,159,8.055175175465646,197.9318181818182,199,39.62402721907317,0,0,0,44
building,/content/CompositeTiles/Composite tiles45.TIF,80,63.766666666666666,63,3.9973602400695496,186.46666666666667,180,13.522162877620167,0,0,0,30
building,/content/CompositeTiles/Composite tiles45.TIF,81,69.57961618257261,69,4.960465011537979,107.87863070539419,107,8.093130109636524,0,0,0,3856
building,/content/CompositeTiles/Composite tiles45.TIF,82,67.62797619047619,68,4.906111659805627,126.51587301587301,122,16.50525247181873,0,0,0,4032
building,/content/CompositeTiles/Composite tiles45.TIF,83,66.48571428571428,67,4.795065490817043,93.17142857142858,84,13.374785903302664,0,0,0,35
building,/content/CompositeTiles/Composite tiles45.TIF,84,67.77142857142857,69,4.573749410873905,96.6,85,17.486647967602515,0,0,0,35
not building,/content/CompositeTiles/Composite tiles45.TIF,85,113.09349593495935,112,18.000773424383734,252.79674796747966,255,12.423397378833801,0,0,0,246
building,/content/CompositeTiles/Composite tiles45.TIF,86,67.23055028462998,66,5.804449013467019,140.33681214421253,118,28.270203295902476,0,0,0,1054
not building,/content/CompositeTiles/Composite tiles45.TIF,87,154.53947368421052,154,6.618237938243246,154.23684210526315,132.5,58.56886823961862,0,0,0,76
not building,/content/CompositeTiles/Composite tiles45.TIF,88,80.16981132075472,67,25.69981708257099,206.79245283018867,192,27.749117606617478,0,0,0,53
not building,/content/CompositeTiles/Composite tiles45.TIF,89,65.2,66,1.8690461025168246,174.93333333333334,181,28.53878452601341,0,0,0,15
not building,/content/CompositeTiles/Composite tiles45.TIF,90,87.65151515151516,67,36.72770089259374,195.45454545454547,196,39.95155468518197,0,0,0,66
not building,/content/CompositeTiles/Composite tiles45.TIF,91,148.5609756097561,149,9.286887636609741,171.6341463414634,164,51.010642647350146,0,0,0,41
not building,/content/CompositeTiles/Composite tiles45.TIF,92,104.81971014492754,80,42.83753555,239.9049275362319,255,37.64096140801118,0,0,0,1725
not building,/content/CompositeTiles/Composite tiles45.TIF,93,101.65188868512068,80,38.200051566537944,222.17279407239653,255,60.91733151465105,0,0,0,162494
building,/content/CompositeTiles/Composite tiles45.TIF,94,68.90243902439025,69.5,2.314375836931992,180.34146341463415,167.5,26.37312911510184,0,0,0,82
not building,/content/CompositeTiles/Composite tiles45.TIF,95,65.33962264150944,65,2.509930437481644,115.28301886792453,106,22.28069420558217,0,0,0,53
not building,/content/CompositeTiles/Composite tiles45.TIF,96,122.64893617021276,129,16.34254821,169.3404255319149,164.5,65.45138738374627,0,0,0,94
building,/content/CompositeTiles/Composite tiles45.TIF,97,69.81355932,68,4.674034211,152.40677966101694,148,18.233066110748034,0,0,0,59
building,/content/CompositeTiles/Composite tiles45.TIF,98,76.01504629629629,74,5.652433554713337,103.25578703703704,102,10.593743298086746,0,0,0,864
not building,/content/CompositeTiles/Composite tiles45.TIF,99,71.98823529411764,59,25.37089305745606,179.64705882352942,169,23.35289673,0,0,0,85
not building,/content/CompositeTiles/Composite tiles45.TIF,100,122.64912280701755,124,8.935423743513596,168.1578947368421,152,60.650794956877526,0,0,0,57
building,/content/CompositeTiles/Composite tiles45.TIF,101,66.44736842105263,64,11.080322454981678,172.97368421052633,168,20.89382538,0,0,0,38
not building,/content/CompositeTiles/Composite tiles45.TIF,102,125.75,130,11.01176319085316,142.14285714285714,121,61.46159134682695,0,0,0,84
not building,/content/CompositeTiles/Composite tiles45.TIF,103,131.54054054054055,133,6.664121744591319,178.0810810810811,158,62.111224723628666,0,0,0,37
not building,/content/CompositeTiles/Composite tiles45.TIF,104,146.6315789473684,145,9.213322883713388,178.43157894736842,176,47.022872963244716,0,0,0,95
not building,/content/CompositeTiles/Composite tiles45.TIF,105,112.97560975609755,116,21.690154903784084,216.6829268292683,245,45.42398583341895,0,0,0,41
not building,/content/CompositeTiles/Composite tiles45.TIF,106,144.09803921568627,147,15.531441737000293,223.7450980392157,255,42.21181097482909,0,0,0,51
not building,/content/CompositeTiles/Composite tiles45.TIF,107,141.36,146,11.45732953178881,150.48,146,32.04262161559194,0,0,0,25
not building,/content/CompositeTiles/Composite tiles45.TIF,108,140.52857142857144,140.5,6.159131266597885,148.68571428571428,130.5,57.29186999,0,0,0,70
not building,/content/CompositeTiles/Composite tiles46.TIF,1,122.48007590132828,123,19.41983672532449,249.9525616698292,255,20.030518179099527,0,0,0,527
not building,/content/CompositeTiles/Composite tiles46.TIF,2,134.87800565770863,132,14.164233098751986,250.84794908062236,255,15.287492670301027,0,0,0,2828
not building,/content/CompositeTiles/Composite tiles46.TIF,3,140.69230769230768,146,20.402169509884462,121.9171597633136,100,64.03183565799026,0,0,0,169
not building,/content/CompositeTiles/Composite tiles46.TIF,4,118.05699481865285,119,18.78875932517227,73.48186528497409,66,26.046608933510324,0,0,0,193
building,/content/CompositeTiles/Composite tiles46.TIF,5,68.51643192488262,68,3.1047385322031547,183.14084507042253,180,17.265093369313533,0,0,0,213
building,/content/CompositeTiles/Composite tiles46.TIF,6,68.89613526570048,68,3.755361325760439,188.17391304347825,188,20.894575392272426,0,0,0,414
not building,/content/CompositeTiles/Composite tiles46.TIF,7,109.10511363636364,108,10.14988675421802,254.1818181818182,255,6.270503558410047,0,0,0,352
not building,/content/CompositeTiles/Composite tiles46.TIF,8,142.04924242424244,144,18.239397070262083,157.29924242424244,150,68.12748076796701,0,0,0,264
not building,/content/CompositeTiles/Composite tiles46.TIF,9,70.05844748858448,69,4.543675353451453,255,255,0,0,0,0,1095
not building,/content/CompositeTiles/Composite tiles46.TIF,10,97.16265060240964,105,21.946989131316627,226.85341365461846,255,53.83748226263084,0,0,0,498
not building,/content/CompositeTiles/Composite tiles46.TIF,11,108.46827794561933,114,25.85506997202084,141.4984894259819,94,84.30560057166058,0,0,0,331
not building,/content/CompositeTiles/Composite tiles46.TIF,12,159.6,160,12.480818365302381,180.6421052631579,174,50.970316503727666,0,0,0,1995
building,/content/CompositeTiles/Composite tiles46.TIF,13,69.27419355,69.5,4.419541240869162,190.33333333333334,189,19.77254169341719,0,0,0,186
building,/content/CompositeTiles/Composite tiles46.TIF,14,75.90361445783132,71,14.902991094481692,185.53012048192772,185,34.52512175960578,0,0,0,166
building,/content/CompositeTiles/Composite tiles46.TIF,15,65.24082569,65,1.9825577161978711,167.84174311926606,167,6.5378362921958795,0,0,0,436
not building,/content/CompositeTiles/Composite tiles46.TIF,16,150.76113360323887,154,16.34478050409639,151.55546558704452,141,68.78099345909794,0,0,0,1235
building,/content/CompositeTiles/Composite tiles46.TIF,17,68.11292962356792,67,4.649623439335352,187.45335515548283,182,23.442425925234712,0,0,0,611
not building,/content/CompositeTiles/Composite tiles46.TIF,18,91.95151515151515,81,23.226110192496996,253.70606060606062,255,8.155772798191526,0,0,0,330
not building,/content/CompositeTiles/Composite tiles46.TIF,19,158.2872340425532,160,14.949718805030393,129.69148936170214,117,57.49416743697715,0,0,0,940
building,/content/CompositeTiles/Composite tiles46.TIF,20,67.38938053097345,67,4.719445048219206,182.01769911504425,178.5,17.858084756381505,0,0,0,226
building,/content/CompositeTiles/Composite tiles46.TIF,21,69.55135411343893,69,3.930417323,144.20950434338272,144,20.75476813202721,0,0,0,1957
building,/content/CompositeTiles/Composite tiles46.TIF,22,70.15760111576012,70,3.9683530293533056,129.46443514644352,127,20.064204583624754,0,0,0,717
not building,/content/CompositeTiles/Composite tiles46.TIF,23,71.84076433,0,78.37453030602278,64.38216560509554,0,97.69428038932404,0,0,0,157
building,/content/CompositeTiles/Composite tiles46.TIF,24,72.42671394799055,73,3.0229532209178265,111.6660756501182,106,19.35814519288193,0,0,0,1692
not building,/content/CompositeTiles/Composite tiles46.TIF,25,136.15531561461793,144,30.078100019094254,168.34579180509414,169,80.21001487,0,0,0,3612
building,/content/CompositeTiles/Composite tiles46.TIF,26,68.98368298368298,69,1.5243828518413063,134.41958041958043,129,21.52000617003206,0,0,0,429
building,/content/CompositeTiles/Composite tiles46.TIF,27,69.80333333333333,69,3.5727658131419076,119.43,115,19.423828149981148,0,0,0,300
building,/content/CompositeTiles/Composite tiles46.TIF,28,70.10485436893204,70,3.7245806081956303,122.37669902912621,120,12.799189931007316,0,0,0,515
building,/content/CompositeTiles/Composite tiles46.TIF,29,66.49230769230769,66.5,2.1058386008946064,170.12307692307692,167,10.717358590059819,0,0,0,130
not building,/content/CompositeTiles/Composite tiles46.TIF,30,148.17471264367816,149,10.061274551819045,121.8551724137931,109,33.90595091910702,0,0,0,435
building,/content/CompositeTiles/Composite tiles46.TIF,31,69.31304347826087,70,3.4029787907484166,152.4304347826087,151,12.02287438621132,0,0,0,230
building,/content/CompositeTiles/Composite tiles46.TIF,32,66.875,66,3.7413463983358217,153.6409574468085,146,33.773987899828526,0,0,0,376
building,/content/CompositeTiles/Composite tiles46.TIF,33,64.28846153846153,63,3.150111140458168,173.10256410256412,172,13.455615302503555,0,0,0,156
building,/content/CompositeTiles/Composite tiles46.TIF,34,68.70469798657719,68,3.5612317623176417,138.48098434004476,129,34.36628558214287,0,0,0,447
not building,/content/CompositeTiles/Composite tiles46.TIF,35,159.3476377952756,159,12.841002791359612,206.77716535433072,243,54.73013204,0,0,0,2540
building,/content/CompositeTiles/Composite tiles46.TIF,36,56.38109756097561,56,3.5045105103724716,149.72103658536585,141,35.27453197765442,0,0,0,656
building,/content/CompositeTiles/Composite tiles46.TIF,37,70.78348778433025,72,3.564232639075785,132.54085930918282,133,17.21891282839891,0,0,0,1187
not building,/content/CompositeTiles/Composite tiles46.TIF,38,126.75471698113208,128,20.299244643483682,253.30817610062894,255,7.924128970671248,0,0,0,159
not building,/content/CompositeTiles/Composite tiles46.TIF,39,82.67953020134229,81,10.401002651433569,228.7701342281879,232,25.325515305425444,0,0,0,596
not building,/content/CompositeTiles/Composite tiles46.TIF,40,35.33983286908078,0,51.77082938740245,29.18384401114206,0,77.79241476322953,0,0,0,359
building,/content/CompositeTiles/Composite tiles46.TIF,41,62.495450785773365,61,7.647324739101808,140.8428453267163,123,35.368673205877386,0,0,0,1209
building,/content/CompositeTiles/Composite tiles46.TIF,42,67.53506097560975,66,4.055106987,163.7515243902439,165,10.893224740048742,0,0,0,656
not building,/content/CompositeTiles/Composite tiles46.TIF,43,72.64620938628158,69,10.643438093018247,253.31407942238266,255,9.434492957522055,0,0,0,277
not building,/content/CompositeTiles/Composite tiles46.TIF,44,85.08333333333333,80,15.450608933796778,255,255,0,0,0,0,276
not building,/content/CompositeTiles/Composite tiles46.TIF,45,67.08923512747876,64,9.207197746861649,254.89376770538243,255,1.3668643308733004,0,0,0,706
building,/content/CompositeTiles/Composite tiles46.TIF,46,56.12105263157895,56,3.5065471016624437,129.66842105263157,125,21.958107305828833,0,0,0,380
not building,/content/CompositeTiles/Composite tiles46.TIF,47,117.60446009389672,120,32.76888952882952,238.5199530516432,255,39.20726585433424,0,0,0,1704
not building,/content/CompositeTiles/Composite tiles46.TIF,48,144.87449933244326,147,10.391958155648268,254.99973297730307,255,0.016338647,0,0,0,3745
not building,/content/CompositeTiles/Composite tiles46.TIF,49,120.1086956521739,125,23.298654804301066,255,255,0,0,0,0,920
not building,/content/CompositeTiles/Composite tiles46.TIF,50,155.37272727272727,155,8.549969793576722,183.27045454545456,172.5,39.79283900599484,0,0,0,440
not building,/content/CompositeTiles/Composite tiles46.TIF,51,145.85905044510386,153,22.276639764943003,148.48813056379822,138,58.36923813111399,0,0,0,674
not building,/content/CompositeTiles/Composite tiles46.TIF,52,148.50196078431372,155,14.02263562533146,115.68235294117648,103,57.265849611426965,0,0,0,255
building,/content/CompositeTiles/Composite tiles46.TIF,53,81.31531531531532,71,24.063722455474128,135.03603603603602,127,25.363635715713592,0,0,0,111
not building,/content/CompositeTiles/Composite tiles46.TIF,54,95.19917695473251,89,22.358614752340632,255,255,0,0,0,0,1215
not building,/content/CompositeTiles/Composite tiles46.TIF,55,122.29677419354839,122,13.883001531717003,255,255,0,0,0,0,155
not building,/content/CompositeTiles/Composite tiles46.TIF,56,0.1,0,2.718455443813638,0.014864864864864866,0,0.40409472813445974,0,0,0,740
not building,/content/CompositeTiles/Composite tiles46.TIF,57,93.05546451531578,82,29.521857966098363,243.91655111559308,255,33.283916226831636,0,0,0,7933
building,/content/CompositeTiles/Composite tiles46.TIF,58,68.57142857142857,68,3.1658609787799357,138.60846560846562,136,21.266391307246845,0,0,0,189
building,/content/CompositeTiles/Composite tiles46.TIF,59,69.79523809523809,69,4.358459337937377,134.86666666666667,126,29.949422974540536,0,0,0,420
not building,/content/CompositeTiles/Composite tiles46.TIF,60,154.64752475247525,157,15.804828151012925,226.9108910891089,255,36.12823667638063,0,0,0,505
not building,/content/CompositeTiles/Composite tiles46.TIF,61,84.5,72,23.660528063322978,213.49485294117648,255,57.28210610120877,0,0,0,1360
not building,/content/CompositeTiles/Composite tiles46.TIF,62,156.5703125,161,14.847234377228096,255,255,0,0,0,0,256
not building,/content/CompositeTiles/Composite tiles46.TIF,63,71.28346456692914,67,11.29308731338079,250.45275590551182,255,9.648330823545354,0,0,0,254
building,/content/CompositeTiles/Composite tiles46.TIF,64,68.16080402,67,3.9359535066890725,108.27638190954774,103,26.493556531035814,0,0,0,199
building,/content/CompositeTiles/Composite tiles46.TIF,65,74.44217687,71,12.89946961505275,154.05442176870747,149,23.40933656195943,0,0,0,147
not building,/content/CompositeTiles/Composite tiles46.TIF,66,88.54746091754367,82,18.678871638116142,255,255,0,0,0,0,9787
building,/content/CompositeTiles/Composite tiles46.TIF,67,67.97986577181209,68,1.943738177530133,160.20805369127515,152,16.178233437290974,0,0,0,149
not building,/content/CompositeTiles/Composite tiles46.TIF,68,143.69064748201438,151,16.963714521652797,255,255,0,0,0,0,139
building,/content/CompositeTiles/Composite tiles46.TIF,69,81.89808917197452,77,10.77398654898239,148.2420382165605,141,31.496921550895305,0,0,0,157
building,/content/CompositeTiles/Composite tiles46.TIF,70,75.14121037463977,73,12.162928593245462,173.9048991354467,176,30.140681751738246,0,0,0,347
building,/content/CompositeTiles/Composite tiles46.TIF,71,70.96911196911196,70,4.2142215995561525,135.59073359073358,126,35.27238836987264,0,0,0,259
not building,/content/CompositeTiles/Composite tiles46.TIF,72,128.42613636363637,126,16.098377784848974,254.58677685950414,255,5.280921409534457,0,0,0,1936
not building,/content/CompositeTiles/Composite tiles46.TIF,73,114.90604026845638,118,15.610331410211428,255,255,0,0,0,0,298
building,/content/CompositeTiles/Composite tiles46.TIF,74,74.83794466403162,73,9.418331240964445,165.66403162055337,165,28.359106190148843,0,0,0,253
not building,/content/CompositeTiles/Composite tiles46.TIF,75,61.25233644859813,0,67.85362110020488,76.26168224299066,0,106.71276289832606,0,0,0,107
not building,/content/CompositeTiles/Composite tiles46.TIF,76,94.07317073170732,139.5,77.43034328141758,87.92073170731707,10,117.20010950403284,0,0,0,164
not building,/content/CompositeTiles/Composite tiles46.TIF,77,126.54385964912281,129,21.014951660430796,240.56140350877192,255,23.985876114933205,0,0,0,171
not building,/content/CompositeTiles/Composite tiles46.TIF,78,76.12976839237058,74,7.099467451400624,254.69788828337875,255,2.274055999863828,0,0,0,2936
not building,/content/CompositeTiles/Composite tiles46.TIF,79,105.82931354359926,114,29.073711478889653,232.5417439703154,255,48.71791910052675,0,0,0,539
not building,/content/CompositeTiles/Composite tiles46.TIF,80,66.65994962216625,64,8.849012411132323,209.7153652392947,206,37.33026528,0,0,0,397
not building,/content/CompositeTiles/Composite tiles46.TIF,81,140.20491803278688,136,13.742323356070091,85.81147540983606,67,44.26935660125116,0,0,0,122
building,/content/CompositeTiles/Composite tiles46.TIF,82,68.03980099502488,69,2.930099069555831,143.54228855721394,136,30.143511677557463,0,0,0,804
building,/content/CompositeTiles/Composite tiles46.TIF,83,70.87037037037037,71.5,3.1713199512499775,182.28703703703704,178.5,18.474732958490012,0,0,0,108
building,/content/CompositeTiles/Composite tiles46.TIF,84,69.78544223444774,66,11.993848388197286,207.52877697841726,255,55.87540850091463,0,0,0,4726
not building,/content/CompositeTiles/Composite tiles46.TIF,85,95.43790849673202,88,28.879472336297972,237.9346405228758,255,23.13124621952224,0,0,0,153
not building,/content/CompositeTiles/Composite tiles46.TIF,86,70.18811881188118,63,16.033203710226054,150.94059405940595,131,55.82040185284794,0,0,0,101
building,/content/CompositeTiles/Composite tiles46.TIF,87,76.93684210526315,70,16.131571220054816,169.29473684210527,174,31.649685683717557,0,0,0,95
not building,/content/CompositeTiles/Composite tiles46.TIF,88,107.3175487465181,103,18.930439993216222,199.8523676880223,199,45.940835619331196,0,0,0,359
building,/content/CompositeTiles/Composite tiles46.TIF,89,75.89655172413794,73,13.630623469062984,230.9655172413793,236,21.659033992034214,0,0,0,87
not building,/content/CompositeTiles/Composite tiles46.TIF,90,86.78571428571429,80,20.491038359761678,190.86904761904762,189,43.51047486413466,0,0,0,84
not building,/content/CompositeTiles/Composite tiles46.TIF,91,110.65625,111.5,24.540284960397262,196.625,189,19.061987698034013,0,0,0,32
not building,/content/CompositeTiles/Composite tiles46.TIF,92,83.33898305084746,72,19.811493128554535,182.83050847457628,180,45.157033929397706,0,0,0,59
not building,/content/CompositeTiles/Composite tiles46.TIF,93,109.73873873873873,111,17.819268704073096,77.14414414414415,70,24.793143067921616,0,0,0,111
not building,/content/CompositeTiles/Composite tiles46.TIF,94,68.61666666666666,70,2.9500941604558246,195.38333333333333,183,30.187796467373296,0,0,0,60
not building,/content/CompositeTiles/Composite tiles46.TIF,95,136.75,144.5,20.868521564971783,252.69230769230768,255,8.826399348,0,0,0,52
not building,/content/CompositeTiles/Composite tiles46.TIF,96,134.5,141.5,18.84576990940569,253.6304347826087,255,8.154376514,0,0,0,92
not building,/content/CompositeTiles/Composite tiles46.TIF,97,69.32142857142857,63.5,11.467511784629316,198.03571428571428,192,45.72783002478371,0,0,0,28
not building,/content/CompositeTiles/Composite tiles46.TIF,98,10.049169859514688,0,38.723857938490184,13.93933588761175,0,57.760113182975736,0,0,0,1566
building,/content/CompositeTiles/Composite tiles46.TIF,99,68.83050847457628,67,4.523582435032919,124.44067796610169,119.5,20.605882973065825,0,0,0,118
not building,/content/CompositeTiles/Composite tiles46.TIF,100,103.3506747846138,97,35.00625910238014,244.0963334991669,255,35.97228238512004,0.00302054,0,0.8776266245548032,253266
not building,/content/CompositeTiles/Composite tiles46.TIF,101,113.97815903326868,119,35.222438874683846,232.70884678502162,255,47.10444935402696,0,0,0,33515
not building,/content/CompositeTiles/Composite tiles46.TIF,102,7.255731922398589,0,32.795648044170875,9.780864197530864,0,48.6953424,0,0,0,2268
not building,/content/CompositeTiles/Composite tiles46.TIF,103,114.09861085724731,120,35.33998203171993,232.32145250715897,255,47.418951891745586,0,0,0,32826
not building,/content/CompositeTiles/Composite tiles46.TIF,104,120.70976011719465,131,38.33012991295578,207.26112433620216,255,63.68436927306588,0,0,0,5461
not building,/content/CompositeTiles/Composite tiles46.TIF,105,70.14215921065237,65,15.709777542201591,243.40137944247533,255,33.95569742893573,0,0,0,10439
building,/content/CompositeTiles/Composite tiles46.TIF,106,79.80722891566265,75,9.714549802397446,170.33734939759037,161,30.221781464731986,0,0,0,83
not building,/content/CompositeTiles/Composite tiles46.TIF,107,62.140625,62,2.149616153962144,157.8125,152.5,54.71142333873247,0,0,0,64
building,/content/CompositeTiles/Composite tiles46.TIF,108,64.30612245,64,4.180636030278085,188.3673469387755,178,30.55519854734033,0,0,0,49
not building,/content/CompositeTiles/Composite tiles46.TIF,109,153.7422680412371,154,6.420454347727011,170.57731958762886,161,62.904580832580116,0,0,0,97
building,/content/CompositeTiles/Composite tiles46.TIF,110,73.47826086956522,69,14.175513379914005,202.8913043478261,198.5,20.261580972768833,0,0,0,46
building,/content/CompositeTiles/Composite tiles46.TIF,111,74.24468085106383,71,8.756379036697426,193.0531914893617,189,24.480286042201644,0,0,0,94
not building,/content/CompositeTiles/Composite tiles46.TIF,112,67.17307692307692,67,1.251478415655688,188.73076923076923,190,19.71149155716746,0,0,0,52
not building,/content/CompositeTiles/Composite tiles46.TIF,113,128,134.5,20.76820121768329,138.4318181818182,125,37.49023978,0,0,0,44
not building,/content/CompositeTiles/Composite tiles46.TIF,114,65.77083333333333,63,8.155365267,136.83333333333334,126,40.95949896611964,0,0,0,48
not building,/content/CompositeTiles/Composite tiles46.TIF,115,133.59609952925354,142,24.169036216177027,255,255,0,0,0,0,7435
building,/content/CompositeTiles/Composite tiles46.TIF,116,74.42307692307692,68.5,10.481386714343733,211.69230769230768,203,24.72116693593885,0,0,0,26
building,/content/CompositeTiles/Composite tiles46.TIF,117,207.31032162562238,255,99.41076461274048,207.26981563719553,255,99.46006301016331,207.26685506661283,255,99.46606875,7431
