label,original_image_path,mask_index_in_image,band_1_mean,band_1_median,band_1_std,band_2_mean,band_2_median,band_2_std,band_3_mean,band_3_median,band_3_std,area
not building,/content/CompositeTiles/Composite tiles0.TIF,0,145,158,31.62714409,119,98,65.99422376,0,0,0,181
not building,/content/CompositeTiles/Composite tiles0.TIF,1,161.8390805,160,12.73563218,140.9616858,122,62.87595331,0,0,0,522
building,/content/CompositeTiles/Composite tiles0.TIF,2,86.79,86.5,8.227144097,179.58,183.5,30.41025485,0,0,0,100
not building,/content/CompositeTiles/Composite tiles0.TIF,3,133.0620155,134,7.838240526,160.2248062,150,56.06948075,0,0,0,129
not building,/content/CompositeTiles/Composite tiles0.TIF,4,154.8959538,156,14.76732721,158.1560694,146,54.56735348,0,0,0,519
not building,/content/CompositeTiles/Composite tiles0.TIF,5,155.6666667,156,15.72020992,144.2152778,130.5,55.04091448,0,0,0,288
not building,/content/CompositeTiles/Composite tiles0.TIF,6,165.8298969,167,9.322234423,92.90206186,85.5,27.8137342,0,0,0,194
not building,/content/CompositeTiles/Composite tiles0.TIF,7,147.6514286,151,16.4535254,128.2,108,60.13090482,0,0,0,175
not building,/content/CompositeTiles/Composite tiles0.TIF,8,160.2402402,161,10.14560376,145.2402402,124,67.54757595,0,0,0,333
not building,/content/CompositeTiles/Composite tiles0.TIF,9,167.9401709,167,5.948914428,232.3717949,233,12.7535237,0,0,0,234
not building,/content/CompositeTiles/Composite tiles0.TIF,10,139.223301,135,14.850669,191.1165049,208,62.1564423,0,0,0,103
not building,/content/CompositeTiles/Composite tiles0.TIF,11,167.0625,166,4.98120283,240.0094697,242,12.59666808,0,0,0,528
not building,/content/CompositeTiles/Composite tiles0.TIF,12,135.3445946,136,11.88271106,143.0945946,131,62.18263617,0,0,0,148
not building,/content/CompositeTiles/Composite tiles0.TIF,13,139.5787402,139,12.43248304,154.5314961,145,58.77011293,0,0,0,254
not building,/content/CompositeTiles/Composite tiles0.TIF,14,146.2454545,146,9.878062346,177.7681818,169.5,45.53506028,0,0,0,220
not building,/content/CompositeTiles/Composite tiles0.TIF,15,148.7735849,150,12.32929963,178.1886792,171,43.81122595,0,0,0,159
not building,/content/CompositeTiles/Composite tiles0.TIF,16,148.8783069,150,12.06906954,185.9365079,179,45.98235445,0,0,0,189
not building,/content/CompositeTiles/Composite tiles0.TIF,17,153.9220183,156,13.40643319,172.3669725,158,47.79796175,0,0,0,218
not building,/content/CompositeTiles/Composite tiles0.TIF,18,148.6753731,151,14.73962543,209.4402985,217.5,46.78244523,0,0,0,268
not building,/content/CompositeTiles/Composite tiles0.TIF,19,165.0315248,166,6.20194787,253.5762385,255,6.664449959,0,0,0,4663
not building,/content/CompositeTiles/Composite tiles0.TIF,20,142.6221374,143,12.08298147,163.9274809,151,59.33825994,0,0,0,262
not building,/content/CompositeTiles/Composite tiles0.TIF,21,162.3802083,163,3.223646996,226.8072917,226,13.13389972,0,0,0,192
building,/content/CompositeTiles/Composite tiles0.TIF,22,80.4497992,75,13.56490015,202.6064257,191,51.69098131,0,0,0,249
not building,/content/CompositeTiles/Composite tiles0.TIF,23,114.7280443,121,23.05117497,234.8856089,255,40.41987445,0,0,0,2710
not building,/content/CompositeTiles/Composite tiles0.TIF,24,82.0334728,79,10.27686442,117.4351464,105,36.18194057,0,0,0,239
not building,/content/CompositeTiles/Composite tiles0.TIF,25,156.5709271,157,5.607588781,254.6586826,255,2.567639688,0,0,0,4843
not building,/content/CompositeTiles/Composite tiles0.TIF,26,143.1944444,145,13.86339327,185.4074074,184,45.36131429,0,0,0,108
not building,/content/CompositeTiles/Composite tiles0.TIF,27,143.6443418,145,12.01630551,198.1200924,221,62.00202551,0,0,0,2598
not building,/content/CompositeTiles/Composite tiles0.TIF,28,148.1202532,149,8.116522916,110.2278481,94.5,47.95196683,0,0,0,158
not building,/content/CompositeTiles/Composite tiles0.TIF,29,145.7283951,148,12.15233793,105.7592593,94,35.61363409,0,0,0,162
not building,/content/CompositeTiles/Composite tiles0.TIF,30,147.01,149,9.097796437,95.73,81,37.40450641,0,0,0,100
building,/content/CompositeTiles/Composite tiles0.TIF,31,73.64066852,71,8.806595123,165.2506964,161,23.88035622,0,0,0,359
not building,/content/CompositeTiles/Composite tiles0.TIF,32,154.9763033,154,8.581055271,135.8246445,126,51.9663814,0,0,0,211
not building,/content/CompositeTiles/Composite tiles0.TIF,33,152.7619048,152,7.251303738,156.7238095,143,59.97213563,0,0,0,105
not building,/content/CompositeTiles/Composite tiles0.TIF,34,143.9519231,144.5,8.322097331,107.2019231,90,43.36725542,0,0,0,104
not building,/content/CompositeTiles/Composite tiles0.TIF,35,147.1302521,147.5,10.81373275,200.5084034,197,34.53359606,0,0,0,238
not building,/content/CompositeTiles/Composite tiles0.TIF,36,136.7586207,143,16.43480014,162.362069,154,65.61320785,0,0,0,174
not building,/content/CompositeTiles/Composite tiles0.TIF,37,147.8235294,148,11.75773787,116.9721362,101,48.7520659,0,0,0,323
building,/content/CompositeTiles/Composite tiles0.TIF,38,109.9627329,97,32.11177842,126.8881988,138,41.15249535,0,0,0,161
not building,/content/CompositeTiles/Composite tiles0.TIF,39,143.6703297,146,11.61632199,123.7472527,105,50.72650074,0,0,0,273
not building,/content/CompositeTiles/Composite tiles0.TIF,40,82.42857143,81,11.03256205,158.8131868,152,17.5645823,0,0,0,182
not building,/content/CompositeTiles/Composite tiles0.TIF,41,158.921798,161,10.10971428,255,255,0,0,0,0,1624
not building,/content/CompositeTiles/Composite tiles0.TIF,42,147.1587302,149,18.11620896,136.8253968,123,59.10510941,0,0,0,189
not building,/content/CompositeTiles/Composite tiles0.TIF,43,158.887574,161,12.5780084,106.443787,97,39.80155776,0,0,0,169
building,/content/CompositeTiles/Composite tiles0.TIF,44,74.90710383,72,10.37109812,132.1967213,125,24.00534071,0,0,0,183
building,/content/CompositeTiles/Composite tiles0.TIF,45,81.31677019,81,10.06588381,163.1180124,159,28.76924231,0,0,0,161
not building,/content/CompositeTiles/Composite tiles0.TIF,46,161.2486631,162,12.91414206,192.7139037,189.5,50.03416981,0,0,0,374
not building,/content/CompositeTiles/Composite tiles0.TIF,47,148.2243767,150,17.4615387,154.1578947,141,59.42466541,0,0,0,361
not building,/content/CompositeTiles/Composite tiles0.TIF,48,143.7627119,142,10.91933285,215,219,32.70256301,0,0,0,118
not building,/content/CompositeTiles/Composite tiles0.TIF,49,153.5597015,153,10.47492471,86.40298507,74,40.47278787,0,0,0,134
building,/content/CompositeTiles/Composite tiles0.TIF,50,76.4,72,12.23568551,135.168,126,26.20739926,0,0,0,125
not building,/content/CompositeTiles/Composite tiles0.TIF,51,149.1819088,151,13.5315637,254.9972589,255,0.173621693,0,0,0,4013
not building,/content/CompositeTiles/Composite tiles0.TIF,52,160.6151724,161,11.0765134,126.6855172,106,64.59266851,0,0,0,725
not building,/content/CompositeTiles/Composite tiles0.TIF,53,145.2906977,153,22.25139989,170.2267442,158.5,48.57936188,0,0,0,172
not building,/content/CompositeTiles/Composite tiles0.TIF,54,136.0238501,135,11.28382978,196.4991482,191,45.83721938,0,0,0,587
not building,/content/CompositeTiles/Composite tiles0.TIF,55,136.8850856,136,9.619611059,193.3765281,187,44.58178426,0,0,0,409
not building,/content/CompositeTiles/Composite tiles0.TIF,56,160.6712963,160,10.29555415,129.0416667,107,68.32888282,0,0,0,216
not building,/content/CompositeTiles/Composite tiles0.TIF,57,145.1025641,145,14.789107,132.9794872,123,51.18182359,0,0,0,195
not building,/content/CompositeTiles/Composite tiles0.TIF,58,148.0192308,150,15.94038218,192.0705128,186.5,45.49755026,0,0,0,156
not building,/content/CompositeTiles/Composite tiles0.TIF,59,111.6428571,112,8.912684278,206.5952381,209.5,46.82510156,0,0,0,126
not building,/content/CompositeTiles/Composite tiles0.TIF,60,127.4247788,131,13.64454269,220.0265487,217,25.56389191,0,0,0,113
not building,/content/CompositeTiles/Composite tiles0.TIF,61,134.192,132,13.91528426,157.46,142,58.040541,0,0,0,250
not building,/content/CompositeTiles/Composite tiles0.TIF,62,148.310559,156,22.7323711,107.447205,92,48.19885061,0,0,0,161
not building,/content/CompositeTiles/Composite tiles0.TIF,63,137.1244444,137,10.39284274,162.4488889,157,54.64510397,0,0,0,225
not building,/content/CompositeTiles/Composite tiles0.TIF,64,130.0786517,134,12.56016954,235.3258427,245,23.84961088,0,0,0,267
not building,/content/CompositeTiles/Composite tiles0.TIF,65,154.4984709,154,14.39968455,108.5504587,90,51.96625927,0,0,0,327
not building,/content/CompositeTiles/Composite tiles0.TIF,66,145.7575758,146,10.58722715,184.6161616,177,47.37387091,0,0,0,297
not building,/content/CompositeTiles/Composite tiles0.TIF,67,134.6401869,136,13.30857611,231.1892523,241.5,27.91114366,0,0,0,428
not building,/content/CompositeTiles/Composite tiles0.TIF,68,151.6217949,152.5,13.78978763,168.5897436,156,52.93366335,0,0,0,156
not building,/content/CompositeTiles/Composite tiles0.TIF,69,161.2833333,161,9.13891253,96.20277778,74,60.25580187,0,0,0,360
not building,/content/CompositeTiles/Composite tiles0.TIF,70,141.7366337,143,10.96366386,200.429703,201,38.79771746,0,0,0,505
not building,/content/CompositeTiles/Composite tiles0.TIF,71,150.569208,155,11.00142239,227.3086603,227,16.46260119,0,0,0,1351
not building,/content/CompositeTiles/Composite tiles0.TIF,72,136.1809524,138,10.01121367,171.1619048,163,41.03288433,0,0,0,105
not building,/content/CompositeTiles/Composite tiles0.TIF,73,160.2140397,160,5.045282528,252.9880611,255,6.4749968,0,0,0,17422
not building,/content/CompositeTiles/Composite tiles0.TIF,74,137.0057143,137,10.08393185,153.3657143,143,54.72041115,0,0,0,175
not building,/content/CompositeTiles/Composite tiles0.TIF,75,142.4872654,140,9.69909518,245.6322609,255,15.72046006,0,0,0,4476
not building,/content/CompositeTiles/Composite tiles0.TIF,76,136.1260504,137,13.46302413,167.6470588,157,58.29360462,0,0,0,119
not building,/content/CompositeTiles/Composite tiles0.TIF,77,143.9598394,143,10.40535821,151.8313253,142,58.78573563,0,0,0,249
not building,/content/CompositeTiles/Composite tiles0.TIF,78,151.3422819,151,9.272005794,126.5771812,108,51.61059425,0,0,0,149
not building,/content/CompositeTiles/Composite tiles0.TIF,79,159.5555556,162,13.57060955,96.97435897,86,42.14534508,0,0,0,117
building,/content/CompositeTiles/Composite tiles0.TIF,80,77.4025974,77,2.790334618,155.5324675,157.5,28.9080874,0,0,0,154
not building,/content/CompositeTiles/Composite tiles0.TIF,81,79.96994697,75,15.78862788,232.6876841,255,39.98308771,0,0,0,1697
not building,/content/CompositeTiles/Composite tiles0.TIF,82,129.3922697,138,25.85035818,215.7735392,255,61.80259856,0,0,0,9909
not building,/content/CompositeTiles/Composite tiles0.TIF,83,138.4054054,146,25.38829211,133.472973,117.5,61.79034364,0,0,0,148
not building,/content/CompositeTiles/Composite tiles0.TIF,84,165.4035088,166,7.762994349,87.33333333,77,33.60329279,0,0,0,171
not building,/content/CompositeTiles/Composite tiles0.TIF,85,153.4230769,153,11.57762003,144.451049,131,53.18672789,0,0,0,286
building,/content/CompositeTiles/Composite tiles0.TIF,86,82.23041475,83,7.077086822,138.7465438,128,44.03219705,0,0,0,217
not building,/content/CompositeTiles/Composite tiles0.TIF,87,72.08947368,71,7.829592632,150.8947368,146,16.58310725,0,0,0,190
not building,/content/CompositeTiles/Composite tiles0.TIF,88,124.8899083,123,15.86776748,175.0825688,170,56.2107973,0,0,0,109
building,/content/CompositeTiles/Composite tiles0.TIF,89,75.75,71,11.73575905,164.5675676,154.5,33.61952501,0,0,0,148
not building,/content/CompositeTiles/Composite tiles0.TIF,90,147.9028292,148,10.72994771,249.8827743,255,12.44994699,0,0,0,8377
not building,/content/CompositeTiles/Composite tiles0.TIF,91,122.0878244,129,24.81026346,253.500998,255,10.04115777,0,0,0,501
not building,/content/CompositeTiles/Composite tiles0.TIF,92,165.6915423,167,8.582313069,95.73134328,85.5,36.78899715,0,0,0,402
not building,/content/CompositeTiles/Composite tiles0.TIF,93,98.54278075,133,65.48964721,125.0247326,136,103.9059314,0,0,0,1496
not building,/content/CompositeTiles/Composite tiles0.TIF,94,139.5981735,142,23.99054601,147.0456621,125,66.16637199,0,0,0,219
not building,/content/CompositeTiles/Composite tiles0.TIF,95,24.88976378,0,57.70741138,14.77165354,0,58.05918633,0,0,0,127
not building,/content/CompositeTiles/Composite tiles0.TIF,96,149.1460674,149.5,17.21056023,142.2191011,136,46.91723858,0,0,0,178
not building,/content/CompositeTiles/Composite tiles0.TIF,97,125.9212121,126,11.07932165,216.4545455,223,39.43148328,0,0,0,165
not building,/content/CompositeTiles/Composite tiles0.TIF,98,145.2892562,146,11.25837651,211.4876033,219,42.25837796,0,0,0,121
not building,/content/CompositeTiles/Composite tiles0.TIF,99,135.4531351,135,9.101004452,179.3768584,179,61.91256472,0,0,0,1547
not building,/content/CompositeTiles/Composite tiles0.TIF,100,135.789916,141,19.87053642,151.7983193,147,56.00428853,0,0,0,119
not building,/content/CompositeTiles/Composite tiles0.TIF,101,141.7376426,143,9.304793709,254.1146116,255,5.515019094,0,0,0,1841
not building,/content/CompositeTiles/Composite tiles0.TIF,102,146.409396,151.5,20.25426077,132.3020134,116,60.91552129,0,0,0,298
not building,/content/CompositeTiles/Composite tiles0.TIF,103,141.3716814,145,14.98151941,199.0973451,203,45.53282675,0,0,0,113
not building,/content/CompositeTiles/Composite tiles0.TIF,104,137.9796954,137,13.68387075,144.5532995,129,66.72538959,0,0,0,394
not building,/content/CompositeTiles/Composite tiles0.TIF,105,135.173913,137,14.15165259,158.2222222,143,62.5408766,0,0,0,207
not building,/content/CompositeTiles/Composite tiles0.TIF,106,79.97839239,75,18.25495185,188.5462403,178,52.30816519,0,0,0,1157
not building,/content/CompositeTiles/Composite tiles0.TIF,107,133.6285714,134.5,14.74950016,190.4285714,185,45.42861635,0,0,0,140
not building,/content/CompositeTiles/Composite tiles0.TIF,108,100.9284165,87,33.16260595,237.7440347,255,33.62166033,0,0,0,461
not building,/content/CompositeTiles/Composite tiles0.TIF,109,139.0472441,139,9.691182995,200.6692913,201,34.14998302,0,0,0,127
not building,/content/CompositeTiles/Composite tiles0.TIF,110,158.3728191,158,14.34228804,154.067034,140,61.81837572,0,0,0,1089
not building,/content/CompositeTiles/Composite tiles0.TIF,111,141.6923077,140,13.20247422,185.5230769,182,44.06397716,0,0,0,65
not building,/content/CompositeTiles/Composite tiles0.TIF,112,139.8461538,142,17.45960681,137.5076923,129,38.13785645,0,0,0,65
not building,/content/CompositeTiles/Composite tiles0.TIF,113,95.73529412,90,16.28840949,254.4411765,255,3.210196773,0,0,0,34
not building,/content/CompositeTiles/Composite tiles0.TIF,114,147.8140244,148,11.86453717,179.9664634,174,60.54364056,0,0,0,328
not building,/content/CompositeTiles/Composite tiles0.TIF,115,163.8131868,164,2.493561326,237.9450549,237,7.6551536,0,0,0,91
not building,/content/CompositeTiles/Composite tiles0.TIF,116,166.1841155,165,3.83109551,246.7617329,247,6.724134657,0,0,0,277
not building,/content/CompositeTiles/Composite tiles0.TIF,117,141.6969697,142,7.333959402,173.8181818,170,35.74442491,0,0,0,33
not building,/content/CompositeTiles/Composite tiles0.TIF,118,147.4166667,144,14.11534823,202.6666667,207,37.56069163,0,0,0,24
building,/content/CompositeTiles/Composite tiles0.TIF,119,84.52941176,82,7.97877808,199.5686275,202,20.16039109,0,0,0,51
not building,/content/CompositeTiles/Composite tiles0.TIF,120,145.0555556,149.5,13.76578779,180.1111111,184,42.2784713,0,0,0,54
not building,/content/CompositeTiles/Composite tiles0.TIF,121,151.0810811,152,5.275534446,215.5,217.5,34.98658044,0,0,0,74
not building,/content/CompositeTiles/Composite tiles0.TIF,122,154.702381,155,7.882741489,104.7261905,82,54.96608287,0,0,0,84
not building,/content/CompositeTiles/Composite tiles0.TIF,123,151.8685482,155,10.16507583,254.9534706,255,0.935429313,0,0,0,7866
not building,/content/CompositeTiles/Composite tiles0.TIF,124,148.2432432,148,8.38404342,142.7162162,141,53.19762245,0,0,0,74
not building,/content/CompositeTiles/Composite tiles0.TIF,125,137.0140845,137,5.994112035,193.2816901,185,42.53786486,0,0,0,71
not building,/content/CompositeTiles/Composite tiles0.TIF,126,128,147,29.01213029,92.2345679,84,23.65715594,0,0,0,81
not building,/content/CompositeTiles/Composite tiles0.TIF,127,158.0731707,159,6.011737478,127.9878049,116,52.86672011,0,0,0,82
not building,/content/CompositeTiles/Composite tiles0.TIF,128,143.2985075,143,9.033957374,182.8358209,174,66.19410557,0,0,0,67
not building,/content/CompositeTiles/Composite tiles0.TIF,129,129.195122,133,24.57464439,175.0487805,162,46.77134375,0,0,0,41
not building,/content/CompositeTiles/Composite tiles0.TIF,130,143.0666075,144,10.98909537,210.3525755,212,39.53813084,0,0,0,1126
not building,/content/CompositeTiles/Composite tiles0.TIF,131,164,162,6.551989883,170.2142857,165,35.12463232,0,0,0,28
not building,/content/CompositeTiles/Composite tiles0.TIF,132,158.4505495,157,8.559120495,164.2417582,153,61.32929326,0,0,0,91
not building,/content/CompositeTiles/Composite tiles0.TIF,133,142.4081633,142,12.79336302,180.7142857,174,42.93754363,0,0,0,49
not building,/content/CompositeTiles/Composite tiles0.TIF,134,112.3473684,112,8.540637744,205.0421053,210,48.51324633,0,0,0,95
not building,/content/CompositeTiles/Composite tiles0.TIF,135,118.875,119.5,9.006074339,188.0625,182,34.3738068,0,0,0,16
not building,/content/CompositeTiles/Composite tiles0.TIF,136,118.972973,118,10.94083965,127.027027,114,44.8164343,0,0,0,37
not building,/content/CompositeTiles/Composite tiles0.TIF,137,154.7681159,154,6.363721743,197.6086957,203,50.18464959,0,0,0,69
not building,/content/CompositeTiles/Composite tiles0.TIF,138,141.75,141.5,5.915023246,201.45,200.5,26.27065854,0,0,0,20
not building,/content/CompositeTiles/Composite tiles0.TIF,139,136.5833333,136.5,12.07470957,186.5277778,182.5,28.65066037,0,0,0,36
not building,/content/CompositeTiles/Composite tiles0.TIF,140,138.1632653,141,11.32334943,198.3673469,193,32.72875156,0,0,0,49
not building,/content/CompositeTiles/Composite tiles0.TIF,141,124.6753554,125,8.73536329,253.3988515,255,10.09909167,0,0,0,24553
not building,/content/CompositeTiles/Composite tiles0.TIF,142,170.7303371,173,12.08189661,103.494382,92,33.31973926,0,0,0,89
not building,/content/CompositeTiles/Composite tiles0.TIF,143,156.7034013,159,8.075018602,252.9712377,255,9.902539457,0,0,0,51804
not building,/content/CompositeTiles/Composite tiles0.TIF,144,144.6533333,144,8.752132439,185.4,179,39.22720145,0,0,0,75
not building,/content/CompositeTiles/Composite tiles0.TIF,145,160.5714286,161,3.855378785,168.6428571,142,60.98236335,0,0,0,42
not building,/content/CompositeTiles/Composite tiles0.TIF,146,161.1333333,158,13.49501966,139.1333333,123,38.55535703,0,0,0,45
not building,/content/CompositeTiles/Composite tiles0.TIF,147,137.8629689,139,8.601628113,254.2608939,255,4.445611177,0,0,0,12530
not building,/content/CompositeTiles/Composite tiles0.TIF,148,163.2472024,164,7.483274658,253.5151577,255,10.56861917,0,0,0,24575
not building,/content/CompositeTiles/Composite tiles0.TIF,149,139.3695652,139,13.24740942,179.5217391,174,42.69443459,0,0,0,46
not building,/content/CompositeTiles/Composite tiles0.TIF,150,109.9444444,108.5,23.16000437,157.7222222,143,50.1993864,0,0,0,18
not building,/content/CompositeTiles/Composite tiles0.TIF,151,145.5591398,146,10.44747473,202.5268817,200,43.04575995,0,0,0,93
not building,/content/CompositeTiles/Composite tiles0.TIF,152,163.9587878,164,4.114435766,254.6148984,255,2.60910863,0,0,0,16136
not building,/content/CompositeTiles/Composite tiles0.TIF,153,137.6666667,135,9.657631245,196.3214286,193,36.6089895,0,0,0,84
not building,/content/CompositeTiles/Composite tiles0.TIF,154,156.3026316,157,7.27110311,146.8684211,126,55.1553648,0,0,0,76
not building,/content/CompositeTiles/Composite tiles0.TIF,155,160.0857143,160,5.788517839,170.7428571,166,44.85554137,0,0,0,35
not building,/content/CompositeTiles/Composite tiles0.TIF,156,145.0967742,146,6.883148373,178.5806452,159,40.26827311,0,0,0,31
not building,/content/CompositeTiles/Composite tiles0.TIF,157,152.8,152.5,6.193545027,171,158.5,46.35083602,0,0,0,20
not building,/content/CompositeTiles/Composite tiles0.TIF,158,139.5479452,138,12.7822432,253.8155954,255,6.130881013,0,0,0,949
not building,/content/CompositeTiles/Composite tiles0.TIF,159,143.6212121,142.5,12.62964904,171.3636364,161,47.04080639,0,0,0,66
not building,/content/CompositeTiles/Composite tiles0.TIF,160,150.9565217,152,13.24839042,177.3043478,164,40.3564927,0,0,0,23
not building,/content/CompositeTiles/Composite tiles0.TIF,161,154.0253807,155,12.94793814,153.3147208,135,60.7459755,0,0,0,197
not building,/content/CompositeTiles/Composite tiles0.TIF,162,127.5625,126,6.918893969,217,235,41.1658232,0,0,0,16
not building,/content/CompositeTiles/Composite tiles1.TIF,0,154.7032258,152,15.79839689,144.7032258,131,61.4488693,0,0,0,155
building,/content/CompositeTiles/Composite tiles1.TIF,1,71.76190476,72,3.035690943,118.1428571,108,33.60089892,0,0,0,147
building,/content/CompositeTiles/Composite tiles1.TIF,2,83.41923775,83,5.549996498,156.3176044,147,28.2954794,0,0,0,551
not building,/content/CompositeTiles/Composite tiles1.TIF,3,151.1529126,150,11.41445244,149.038835,136.5,63.68024222,0,0,0,412
not building,/content/CompositeTiles/Composite tiles1.TIF,4,145.4,148,12.44957831,192.496,186,37.66114688,0,0,0,125
not building,/content/CompositeTiles/Composite tiles1.TIF,5,134.4677419,133.5,10.14812511,200.8548387,196,45.06026315,0,0,0,310
not building,/content/CompositeTiles/Composite tiles1.TIF,6,146.5627837,144,15.53730782,165.8835098,151,61.0202718,0,0,0,661
not building,/content/CompositeTiles/Composite tiles1.TIF,7,142.476,140,20.2624881,218.871,255,58.66570002,0,0,0,2000
not building,/content/CompositeTiles/Composite tiles1.TIF,8,140.5714286,144,15.03920447,195.5588235,192.5,43.16757831,0,0,0,238
not building,/content/CompositeTiles/Composite tiles1.TIF,9,148.8434343,149,10.04061109,232.2272727,232,16.58476432,0,0,0,396
not building,/content/CompositeTiles/Composite tiles1.TIF,10,143.4635249,146,15.4396551,250.1581666,255,15.65720276,0,0,0,1549
not building,/content/CompositeTiles/Composite tiles1.TIF,11,148.7050847,148,11.84766907,197.5711864,196,46.71860425,0,0,0,590
not building,/content/CompositeTiles/Composite tiles1.TIF,12,143.6384615,143,13.14022236,204.6182692,208,46.25717671,0,0,0,1040
building,/content/CompositeTiles/Composite tiles1.TIF,13,82.56271186,83,5.368644001,157.6983051,151,29.09471087,0,0,0,295
not building,/content/CompositeTiles/Composite tiles1.TIF,14,148.340949,148,14.5229868,164.1256591,151,64.11048125,0,0,0,1138
not building,/content/CompositeTiles/Composite tiles1.TIF,15,151.1352683,157,21.2382638,254.8874589,255,1.853236831,0,0,0,3652
not building,/content/CompositeTiles/Composite tiles1.TIF,16,146.1437908,145,11.40686544,156.5098039,141,46.49114297,0,0,0,306
not building,/content/CompositeTiles/Composite tiles1.TIF,17,153.2792453,154,20.66200011,145.2075472,135,68.40637687,0,0,0,265
not building,/content/CompositeTiles/Composite tiles1.TIF,18,155.5322004,156,4.44287341,239.519678,242,13.98590739,0,0,0,1118
not building,/content/CompositeTiles/Composite tiles1.TIF,19,158.4048223,158,3.408682121,222.0609137,221,20.38114225,0,0,0,1576
not building,/content/CompositeTiles/Composite tiles1.TIF,20,163.2966258,165,6.237334723,254.0871166,255,4.186571393,0,0,0,3260
not building,/content/CompositeTiles/Composite tiles1.TIF,21,124.7149162,135,29.43412946,158.7078553,141,48.83509998,0,0,0,1133
not building,/content/CompositeTiles/Composite tiles1.TIF,22,151.5727273,149.5,14.57392384,183.5772727,181,42.83507942,0,0,0,220
not building,/content/CompositeTiles/Composite tiles1.TIF,23,125.2650602,126.5,26.26720175,169.1927711,162,60.21526801,0,0,0,166
not building,/content/CompositeTiles/Composite tiles1.TIF,24,150.8659574,151,3.836708285,255,255,0,0,0,0,470
not building,/content/CompositeTiles/Composite tiles1.TIF,25,89.52038835,77,25.57602548,255,255,0,0,0,0,1030
building,/content/CompositeTiles/Composite tiles1.TIF,26,71.31443299,71,2.515743816,149.3762887,147,22.3066181,0,0,0,194
not building,/content/CompositeTiles/Composite tiles1.TIF,27,133.2506263,133,8.054413997,254.5181311,255,3.119259853,0,0,0,22751
building,/content/CompositeTiles/Composite tiles1.TIF,28,72.62015504,72,3.884363004,127.0155039,121,22.60135981,0,0,0,129
building,/content/CompositeTiles/Composite tiles1.TIF,29,73.76258993,72,6.65337339,117.9136691,111,28.10859773,0,0,0,139
building,/content/CompositeTiles/Composite tiles1.TIF,30,77.17857143,76.5,5.814105824,133.95,127.5,25.87257925,0,0,0,140
building,/content/CompositeTiles/Composite tiles1.TIF,31,67.95652174,68,2.623388574,126.3768116,120,23.35615951,0,0,0,138
not building,/content/CompositeTiles/Composite tiles1.TIF,32,156.994152,157,14.90849166,106.4327485,95,34.14365734,0,0,0,171
not building,/content/CompositeTiles/Composite tiles1.TIF,33,148.0730253,146,10.03892734,254.8614009,255,2.58855393,0,0,0,671
building,/content/CompositeTiles/Composite tiles1.TIF,34,78.43,78,8.657083805,121.66,115,22.66901851,0,0,0,100
building,/content/CompositeTiles/Composite tiles1.TIF,35,75.43650794,74,5.499633511,127.468254,119.5,27.60856967,0,0,0,126
not building,/content/CompositeTiles/Composite tiles1.TIF,36,158.027027,156,14.15309437,88.46621622,74,38.28104032,0,0,0,148
not building,/content/CompositeTiles/Composite tiles1.TIF,37,128.9576271,128.5,27.43139179,104.1864407,95,27.82205842,0,0,0,118
not building,/content/CompositeTiles/Composite tiles1.TIF,38,152.9829787,162,26.06994943,191.248227,187,48.34652635,0,0,0,705
building,/content/CompositeTiles/Composite tiles1.TIF,39,72.7721519,71,7.67446756,148.0379747,144,25.13127208,0,0,0,158
building,/content/CompositeTiles/Composite tiles1.TIF,40,71.95698925,70,8.84443082,140.688172,135,34.80343528,0,0,0,186
not building,/content/CompositeTiles/Composite tiles1.TIF,41,129.1768707,138,23.5957164,251.462585,255,13.64081117,0,0,0,147
not building,/content/CompositeTiles/Composite tiles1.TIF,42,115.3756345,114,10.95820464,251.7005076,255,12.78310472,0,0,0,197
building,/content/CompositeTiles/Composite tiles1.TIF,43,89.28846154,90,6.449020613,143.8269231,133.5,26.69153411,0,0,0,156
not building,/content/CompositeTiles/Composite tiles1.TIF,44,136.0944625,138,12.25971138,254.8045603,255,1.842560193,0,0,0,307
not building,/content/CompositeTiles/Composite tiles1.TIF,45,134.6727273,138,11.21533779,254.9030303,255,1.096685046,0,0,0,165
building,/content/CompositeTiles/Composite tiles1.TIF,46,68.02006689,68,2.892661456,133.9197324,121,35.22019001,0,0,0,299
not building,/content/CompositeTiles/Composite tiles1.TIF,47,122.0226244,132,19.54098684,255,255,0,0,0,0,221
not building,/content/CompositeTiles/Composite tiles1.TIF,48,82.65550239,136,73.59397196,68.55980861,6,110.8151939,0,0,0,209
not building,/content/CompositeTiles/Composite tiles1.TIF,49,138.5664063,149,31.83164153,147.5703125,136.5,54.97892829,0,0,0,256
building,/content/CompositeTiles/Composite tiles1.TIF,50,74.44871795,73,5.641302441,148.7264957,128,46.5124051,0,0,0,468
not building,/content/CompositeTiles/Composite tiles1.TIF,51,118.4086538,121.5,18.26280694,255,255,0,0,0,0,208
building,/content/CompositeTiles/Composite tiles1.TIF,52,70.28930818,70,2.244058296,143.9433962,132,31.76965945,0,0,0,159
not building,/content/CompositeTiles/Composite tiles1.TIF,53,101.092827,79,33.20095811,210.6181435,255,53.43286896,0,0,0,474
not building,/content/CompositeTiles/Composite tiles1.TIF,54,111.1090909,112.5,20.6231756,190.7636364,184,39.90213648,0,0,0,110
not building,/content/CompositeTiles/Composite tiles1.TIF,55,132.3123093,133,12.36504446,245.768057,255,16.51871275,0,0,0,983
building,/content/CompositeTiles/Composite tiles1.TIF,56,77.37267081,77,7.618887837,136.6459627,123,35.21106015,0,0,0,161
building,/content/CompositeTiles/Composite tiles1.TIF,57,80.13513514,75,16.6530502,122.6756757,116,25.84383529,0,0,0,222
building,/content/CompositeTiles/Composite tiles1.TIF,58,64.11904762,60,7.904044718,131.8035714,126,20.97908792,0,0,0,168
not building,/content/CompositeTiles/Composite tiles1.TIF,59,147.2468085,152,25.98998867,89.74042553,77,37.08811623,0,0,0,235
not building,/content/CompositeTiles/Composite tiles1.TIF,60,151.0797342,151,18.9634275,114.8953488,107,42.16047509,0,0,0,602
not building,/content/CompositeTiles/Composite tiles1.TIF,61,150.3791209,151,7.886851159,174.0549451,171.5,55.48999764,0,0,0,182
building,/content/CompositeTiles/Composite tiles1.TIF,62,69.44525547,69,4.938925839,159.729927,154,23.61692565,0,0,0,137
building,/content/CompositeTiles/Composite tiles1.TIF,63,69.34911243,68,4.377458644,162.3195266,159,23.30308987,0,0,0,169
building,/content/CompositeTiles/Composite tiles1.TIF,64,72.59663866,71,5.587078922,177.7058824,178,21.39478965,0,0,0,119
not building,/content/CompositeTiles/Composite tiles1.TIF,65,143.1833745,149,30.47479353,182.9091358,206,74.88071814,0,0,0,6075
not building,/content/CompositeTiles/Composite tiles1.TIF,66,111.006993,108,11.87139508,255,255,0,0,0,0,143
not building,/content/CompositeTiles/Composite tiles1.TIF,67,150.4576923,148,23.16351031,159.5576923,156.5,55.18075663,0,0,0,260
not building,/content/CompositeTiles/Composite tiles1.TIF,68,148.9855491,151,25.21650344,203.2942197,255,70.4466807,0,0,0,1730
not building,/content/CompositeTiles/Composite tiles1.TIF,69,68.72815534,0,72.96683569,47.00970874,0,91.4875444,0,0,0,103
not building,/content/CompositeTiles/Composite tiles1.TIF,70,149.8628571,154,17.98582117,94.31428571,84,26.43220052,0,0,0,175
not building,/content/CompositeTiles/Composite tiles1.TIF,71,133.0136054,129,14.05479384,142.6598639,135,28.56559383,0,0,0,147
not building,/content/CompositeTiles/Composite tiles1.TIF,72,130.6347305,135,20.01043419,255,255,0,0,0,0,334
not building,/content/CompositeTiles/Composite tiles1.TIF,73,133.8231707,134,17.09012551,254.4481707,255,3.389869638,0,0,0,328
not building,/content/CompositeTiles/Composite tiles1.TIF,74,126.4633028,131,17.71450533,246.2775229,255,14.1250493,0,0,0,436
building,/content/CompositeTiles/Composite tiles1.TIF,75,89.02762431,80,19.91124809,130.5939227,127,17.4014436,0,0,0,362
building,/content/CompositeTiles/Composite tiles1.TIF,76,70.80188679,70,5.26006638,118.7830189,107,29.10488668,0,0,0,106
building,/content/CompositeTiles/Composite tiles1.TIF,77,75.56428571,74,6.75511522,133.3,124.5,26.46660969,0,0,0,140
building,/content/CompositeTiles/Composite tiles1.TIF,78,70.31125828,69,4.085486232,118.3377483,109,31.52438086,0,0,0,151
building,/content/CompositeTiles/Composite tiles1.TIF,79,79.03,79,5.181611718,132.41,122.5,30.3025065,0,0,0,100
building,/content/CompositeTiles/Composite tiles1.TIF,80,68.04285714,68,2.756476603,127.8142857,120.5,23.36865597,0,0,0,140
building,/content/CompositeTiles/Composite tiles1.TIF,81,75.70285714,75,4.567305283,154.0457143,151,28.15971127,0,0,0,175
building,/content/CompositeTiles/Composite tiles1.TIF,82,70.38095238,70,2.44145354,164.026455,159,25.33948001,0,0,0,189
building,/content/CompositeTiles/Composite tiles1.TIF,83,77.9375,78,5.942103479,129.7569444,119,28.33461922,0,0,0,144
building,/content/CompositeTiles/Composite tiles1.TIF,84,73.69503546,73,3.967855348,144.858156,136,35.63558297,0,0,0,141
building,/content/CompositeTiles/Composite tiles1.TIF,85,77.25806452,77,5.551911859,145.116129,129,38.29864898,0,0,0,155
not building,/content/CompositeTiles/Composite tiles1.TIF,86,71.34586466,0,72.9434232,78.84073821,0,115.6215155,0,0,0,1463
not building,/content/CompositeTiles/Composite tiles1.TIF,87,148.6518987,150.5,11.06192421,141.721519,137.5,35.63845765,0,0,0,158
building,/content/CompositeTiles/Composite tiles1.TIF,88,73.24161074,72,4.501529951,129.7852349,115,42.41178191,0,0,0,149
building,/content/CompositeTiles/Composite tiles1.TIF,89,72.85123967,72,2.983871679,135.6528926,127,29.90196399,0,0,0,121
not building,/content/CompositeTiles/Composite tiles1.TIF,90,124.2083333,125,17.37729801,254.03125,255,5.251560201,0,0,0,288
not building,/content/CompositeTiles/Composite tiles1.TIF,91,41.35514019,0,64.92774594,50.60747664,0,101.0156606,0,0,0,107
building,/content/CompositeTiles/Composite tiles1.TIF,92,77.84717608,78,7.248088326,133.3787375,121,33.4492636,0,0,0,301
not building,/content/CompositeTiles/Composite tiles1.TIF,93,122.5632184,126,16.62687283,254.7298851,255,2.519241582,0,0,0,174
building,/content/CompositeTiles/Composite tiles1.TIF,94,73.34210526,72,5.426670569,148.125,143,24.69666302,0,0,0,152
not building,/content/CompositeTiles/Composite tiles1.TIF,95,121.2846814,129,39.4930634,209.9227293,255,55.33836184,0,0,0,2213
not building,/content/CompositeTiles/Composite tiles1.TIF,96,153.225,154,18.87357611,116.525,97.5,63.35050809,0,0,0,160
not building,/content/CompositeTiles/Composite tiles1.TIF,97,153.4646818,155,8.343966826,244.3508465,251,13.40365594,0,0,0,1713
building,/content/CompositeTiles/Composite tiles1.TIF,98,75.0625,71,7.468655567,180.8958333,177.5,23.59811632,0,0,0,144
not building,/content/CompositeTiles/Composite tiles1.TIF,99,50.69117647,0,63.82615575,41.74117647,0,92.691792,0,0,0,340
not building,/content/CompositeTiles/Composite tiles1.TIF,100,102.5547945,105,27.50280953,223.0239726,255,41.52804104,0,0,0,292
not building,/content/CompositeTiles/Composite tiles1.TIF,101,148.9458918,149,9.804250344,170.5330661,163,42.81437317,0,0,0,499
not building,/content/CompositeTiles/Composite tiles1.TIF,102,93.94929093,85,26.08924896,225.5814353,255,46.04227387,0,0,0,2327
building,/content/CompositeTiles/Composite tiles1.TIF,103,74.36917563,73,5.465753566,140.0501792,127,35.59858327,0,0,0,279
building,/content/CompositeTiles/Composite tiles1.TIF,104,90.41853035,76,23.88712625,156.6198083,146,31.78732026,0,0,0,313
not building,/content/CompositeTiles/Composite tiles1.TIF,105,107.2158273,108,21.25615022,157.8920863,147,29.38033666,0,0,0,139
not building,/content/CompositeTiles/Composite tiles1.TIF,106,117.2321867,123,17.99225593,254.012285,255,6.420165286,0,0,0,814
building,/content/CompositeTiles/Composite tiles1.TIF,107,69.00793651,68,3.130738621,133.0396825,117,41.54504169,0,0,0,126
not building,/content/CompositeTiles/Composite tiles1.TIF,108,134.986701,134,8.238993264,254.9240951,255,2.152141756,0,0,0,15941
building,/content/CompositeTiles/Composite tiles1.TIF,109,72.02702703,71,5.283766503,185.3513514,181,20.88089288,0,0,0,37
not building,/content/CompositeTiles/Composite tiles1.TIF,110,118.2142857,118.5,7.654863733,155.2857143,145,31.60340979,0,0,0,14
not building,/content/CompositeTiles/Composite tiles1.TIF,111,141.5919261,152,27.98882621,234.5351275,255,44.96973002,0,0,0,6391
not building,/content/CompositeTiles/Composite tiles1.TIF,112,130.3,129,14.44333756,194.5,195.5,15.80664417,0,0,0,10
not building,/content/CompositeTiles/Composite tiles1.TIF,113,113.030303,114,7.673191618,184.969697,181,43.03098591,0,0,0,33
not building,/content/CompositeTiles/Composite tiles1.TIF,114,113.3043478,114,2.75735826,200.3913043,201,43.3135576,0,0,0,23
not building,/content/CompositeTiles/Composite tiles1.TIF,115,120.1688312,121,6.485553571,184.7792208,177,54.60688872,0,0,0,77
not building,/content/CompositeTiles/Composite tiles1.TIF,116,123.0555556,125,26.29562467,176.4444444,168.5,49.46329229,0,0,0,54
not building,/content/CompositeTiles/Composite tiles1.TIF,117,159.2834101,159,13.55133103,93.5483871,80,35.86946649,0,0,0,868
not building,/content/CompositeTiles/Composite tiles1.TIF,118,134.0385208,133,30.99053081,91.82126348,79,34.49935277,0,0,0,649
building,/content/CompositeTiles/Composite tiles1.TIF,119,78.65384615,76,9.021096248,173.2692308,176,10.26404363,0,0,0,26
building,/content/CompositeTiles/Composite tiles1.TIF,120,70.75280899,70,6.024819264,121.8426966,111,30.00969839,0,0,0,89
not building,/content/CompositeTiles/Composite tiles1.TIF,121,134.9411765,134,14.08157155,131.1764706,119,36.44372825,0,0,0,17
not building,/content/CompositeTiles/Composite tiles1.TIF,122,131.4444444,138,14.78821686,192.2222222,195,15.02426022,0,0,0,9
not building,/content/CompositeTiles/Composite tiles1.TIF,123,117.9324324,123,13.26479906,255,255,0,0,0,0,74
not building,/content/CompositeTiles/Composite tiles1.TIF,124,147.3111111,149,7.384133808,219.8444444,244,39.97607927,0,0,0,45
not building,/content/CompositeTiles/Composite tiles1.TIF,125,135.0390125,139,22.24075826,250.3355684,255,15.17175405,0,0,0,3281
not building,/content/CompositeTiles/Composite tiles1.TIF,126,99.58490566,92,30.06812012,187,182,55.87317174,0,0,0,53
not building,/content/CompositeTiles/Composite tiles1.TIF,127,126.5979381,129,25.9228275,155.371134,136,62.4737998,0,0,0,97
not building,/content/CompositeTiles/Composite tiles1.TIF,128,137.7571909,136,16.53912135,246.6628698,255,31.4252097,0,0,0,24406
not building,/content/CompositeTiles/Composite tiles1.TIF,129,97.14812034,85,29.57856594,228.7178861,255,49.18337928,0,0,0,21307
not building,/content/CompositeTiles/Composite tiles1.TIF,130,149.8748984,157,19.59757619,253.497597,255,7.926129639,0,0,0,97169
building,/content/CompositeTiles/Composite tiles1.TIF,131,74.31111111,74,7.083069712,176.5777778,170,27.61922751,0,0,0,45
not building,/content/CompositeTiles/Composite tiles1.TIF,132,130.173913,144,30.25277878,97.09782609,81.5,41.5749872,0,0,0,92
not building,/content/CompositeTiles/Composite tiles1.TIF,133,135.8717949,135,8.214057641,175.8589744,163,59.14816779,0,0,0,78
not building,/content/CompositeTiles/Composite tiles1.TIF,134,133.287234,133.5,15.24315147,189.9787234,187.5,47.55332477,0,0,0,94
building,/content/CompositeTiles/Composite tiles1.TIF,135,71.125,67,11.18523022,183.7916667,179,24.23492515,0,0,0,72
not building,/content/CompositeTiles/Composite tiles1.TIF,136,129,129,5.113008619,191.5,184.5,21.1449082,0,0,0,14
not building,/content/CompositeTiles/Composite tiles1.TIF,137,132.2661114,145,38.58781538,200.3844805,252,65.41616617,0,0,0,2281
building,/content/CompositeTiles/Composite tiles1.TIF,138,78.90625,75,9.101371377,173.75,168.5,12.86225097,0,0,0,32
not building,/content/CompositeTiles/Composite tiles1.TIF,139,150.2941176,148,5.87882247,185.8235294,181,27.99839343,0,0,0,17
not building,/content/CompositeTiles/Composite tiles1.TIF,140,129.5625,130.5,5.396396367,198.1875,197.5,26.85660708,0,0,0,16
not building,/content/CompositeTiles/Composite tiles1.TIF,141,153.9148936,157,15.88365919,253.7659574,255,4.886859349,0,0,0,47
not building,/content/CompositeTiles/Composite tiles1.TIF,142,145.6704225,148,10.08449367,193.4225352,192,49.06898334,0,0,0,355
not building,/content/CompositeTiles/Composite tiles1.TIF,143,93.73404255,148,79.50085983,90.32978723,6,115.505585,0,0,0,94
not building,/content/CompositeTiles/Composite tiles1.TIF,144,138.7164179,137,11.49276991,218.2835821,212,32.24755271,0,0,0,67
building,/content/CompositeTiles/Composite tiles10.TIF,0,68.42957746,68,1.976616427,122.4647887,119,17.73659461,0,0,0,142
building,/content/CompositeTiles/Composite tiles10.TIF,1,70.35294118,69,6.400031238,112.6339869,108,19.55510118,0,0,0,153
building,/content/CompositeTiles/Composite tiles10.TIF,2,69.01845018,68,2.990086788,115.6937269,110,21.98889181,0,0,0,271
building,/content/CompositeTiles/Composite tiles10.TIF,3,71.43670886,69,6.174091994,101.7278481,97,18.44274367,0,0,0,158
building,/content/CompositeTiles/Composite tiles10.TIF,4,69.91558442,68,6.599834019,119.3701299,114.5,20.8494764,0,0,0,154
building,/content/CompositeTiles/Composite tiles10.TIF,5,71.79194631,70,4.822034392,124.9395973,121,23.31063305,0,0,0,149
building,/content/CompositeTiles/Composite tiles10.TIF,6,71.67948718,70,5.048466611,116.474359,111,24.27657115,0,0,0,156
building,/content/CompositeTiles/Composite tiles10.TIF,7,67.02631579,66,3.180837709,116.4802632,111.5,21.26244849,0,0,0,152
building,/content/CompositeTiles/Composite tiles10.TIF,8,68.07534247,67,3.058976497,118.3972603,116,16.06343566,0,0,0,146
building,/content/CompositeTiles/Composite tiles10.TIF,9,68.73684211,68,3.969848271,113.0263158,108,23.79322863,0,0,0,152
building,/content/CompositeTiles/Composite tiles10.TIF,10,69.64827586,69,2.542144179,118.7172414,116,16.38195115,0,0,0,145
building,/content/CompositeTiles/Composite tiles10.TIF,11,70.14569536,68,8.308933476,116.1589404,111,20.00267953,0,0,0,151
building,/content/CompositeTiles/Composite tiles10.TIF,12,71.64885496,70,3.947989466,127.1221374,124,20.04575792,0,0,0,131
building,/content/CompositeTiles/Composite tiles10.TIF,13,71.90849673,70,7.201451812,96.92810458,93,17.17389133,0,0,0,153
building,/content/CompositeTiles/Composite tiles10.TIF,14,70.91712707,70,2.433373969,149.1823204,144,24.81634012,0,0,0,181
building,/content/CompositeTiles/Composite tiles10.TIF,15,70.67241379,70,3.276814744,146.1896552,144,23.57559879,0,0,0,174
building,/content/CompositeTiles/Composite tiles10.TIF,16,67.7388535,67,2.755761762,110.9171975,105,22.20201454,0,0,0,157
building,/content/CompositeTiles/Composite tiles10.TIF,17,68.04861111,67,2.387263255,111.8888889,106.5,19.34917135,0,0,0,144
building,/content/CompositeTiles/Composite tiles10.TIF,18,68.22826087,67,6.40584526,161.875,160,17.9340769,0,0,0,184
building,/content/CompositeTiles/Composite tiles10.TIF,19,70.64566929,69,6.35966319,129.9822835,115.5,42.40224609,0,0,0,508
not building,/content/CompositeTiles/Composite tiles10.TIF,20,99.13679245,111,25.01424434,222.8136792,255,44.04843712,0,0,0,424
building,/content/CompositeTiles/Composite tiles10.TIF,21,69.37016575,69,4.215335653,151.6740331,146,30.70081684,0,0,0,181
building,/content/CompositeTiles/Composite tiles10.TIF,22,69.53571429,69,2.778516342,155.4142857,153.5,25.39009529,0,0,0,140
building,/content/CompositeTiles/Composite tiles10.TIF,23,69.55026455,69,2.734042191,144,141,26.44311054,0,0,0,189
building,/content/CompositeTiles/Composite tiles10.TIF,24,69.31818182,67,7.51233146,136.1545455,131.5,20.8515037,0,0,0,110
not building,/content/CompositeTiles/Composite tiles10.TIF,25,135.0576923,135,8.464662885,113.5961538,99,47.93094376,0,0,0,104
not building,/content/CompositeTiles/Composite tiles10.TIF,26,161.0540541,165,17.72911172,147.036036,133,44.24703949,0,0,0,111
building,/content/CompositeTiles/Composite tiles10.TIF,27,70.17647059,69,5.503852064,123.5441176,117.5,26.64992761,0,0,0,136
building,/content/CompositeTiles/Composite tiles10.TIF,28,70.62352941,69,6.141105101,123.0058824,109,42.06477224,0,0,0,510
building,/content/CompositeTiles/Composite tiles10.TIF,29,70.87072243,70,3.769804265,171.6577947,167,26.79007261,0,0,0,263
building,/content/CompositeTiles/Composite tiles10.TIF,30,68.79113924,68,3.98581948,147.6518987,143,20.82930239,0,0,0,158
building,/content/CompositeTiles/Composite tiles10.TIF,31,73.69230769,72.5,5.787215557,165.7163462,161,25.35329826,0,0,0,208
building,/content/CompositeTiles/Composite tiles10.TIF,32,70.43333333,69,5.358378693,165.6095238,164,18.02696142,0,0,0,210
building,/content/CompositeTiles/Composite tiles10.TIF,33,69.25641026,68,3.94330298,140.7884615,136.5,27.33271019,0,0,0,156
building,/content/CompositeTiles/Composite tiles10.TIF,34,70.442,68,6.999331111,125.466,112,44.79853618,0,0,0,500
building,/content/CompositeTiles/Composite tiles10.TIF,35,68.96,68,5.010495651,124.84,114,29.04527041,0,0,0,150
building,/content/CompositeTiles/Composite tiles10.TIF,36,66.8490566,65,4.470994823,141.0188679,135,26.17538132,0,0,0,159
building,/content/CompositeTiles/Composite tiles10.TIF,37,70.27333333,70,2.665574776,169.2666667,164,28.39968701,0,0,0,150
building,/content/CompositeTiles/Composite tiles10.TIF,38,72.43859649,72,3.951537759,164.5701754,163.5,19.07693073,0,0,0,114
building,/content/CompositeTiles/Composite tiles10.TIF,39,69.91216216,69,5.494381718,174.722973,171.5,23.24802257,0,0,0,148
building,/content/CompositeTiles/Composite tiles10.TIF,40,70.625,70,3.320917441,180.1102941,176.5,23.97599068,0,0,0,136
building,/content/CompositeTiles/Composite tiles10.TIF,41,71.66666667,71,5.238581396,153.7179487,150,26.2115151,0,0,0,195
building,/content/CompositeTiles/Composite tiles10.TIF,42,68.98268398,70,4.928901749,182.008658,178,27.16711014,0,0,0,231
building,/content/CompositeTiles/Composite tiles10.TIF,43,69.22077922,68,6.230681055,180.3831169,178,22.56741648,0,0,0,154
building,/content/CompositeTiles/Composite tiles10.TIF,44,70.57591623,70,4.850999365,163.8429319,160,23.20738373,0,0,0,191
not building,/content/CompositeTiles/Composite tiles10.TIF,45,113.4100917,114.5,13.16604226,254.5605505,255,2.932341593,0,0,0,1090
not building,/content/CompositeTiles/Composite tiles10.TIF,46,150.9834711,158,21.97255368,138.2644628,129,59.25651878,0,0,0,121
building,/content/CompositeTiles/Composite tiles10.TIF,47,69.66929134,69,3.88020439,167.1653543,162,23.29805635,0,0,0,127
building,/content/CompositeTiles/Composite tiles10.TIF,48,70.78735632,69,7.488355782,159.7183908,152.5,29.20569158,0,0,0,174
building,/content/CompositeTiles/Composite tiles10.TIF,49,70.23480663,70,4.715391934,159.2099448,154,32.26616021,0,0,0,362
not building,/content/CompositeTiles/Composite tiles10.TIF,50,116.8007519,119,12.93628688,253.7669173,255,8.385349933,0,0,0,266
building,/content/CompositeTiles/Composite tiles10.TIF,51,94.15362319,75,30.48453435,206.4202899,208,45.67687576,0,0,0,345
not building,/content/CompositeTiles/Composite tiles10.TIF,52,129.1834625,130,8.675304902,255,255,0,0,0,0,387
building,/content/CompositeTiles/Composite tiles10.TIF,53,71.31818182,70,4.246778069,174.4191919,170,26.56820906,0,0,0,198
not building,/content/CompositeTiles/Composite tiles10.TIF,54,163.1891892,168,16.73011177,152.5743243,140.5,45.96739315,0,0,0,148
building,/content/CompositeTiles/Composite tiles10.TIF,55,70.04697987,69,6.622450702,190.4026846,178,40.04425731,0,0,0,447
building,/content/CompositeTiles/Composite tiles10.TIF,56,71.76229508,71,3.309334237,172.1557377,168.5,23.13113737,0,0,0,122
building,/content/CompositeTiles/Composite tiles10.TIF,57,68.72137405,68,6.481524037,171.1068702,163,29.46164589,0,0,0,262
building,/content/CompositeTiles/Composite tiles10.TIF,58,69.84020619,69,5.789274829,169.4742268,163,36.5688428,0,0,0,194
not building,/content/CompositeTiles/Composite tiles10.TIF,59,139.0885417,141,16.26753778,169.9895833,165,33.09393033,0,0,0,192
building,/content/CompositeTiles/Composite tiles10.TIF,60,75.46305419,70,15.66906414,169.2364532,164,34.94137597,0,0,0,203
building,/content/CompositeTiles/Composite tiles10.TIF,61,70.80626781,70,3.080508621,153.3219373,150,28.08070487,0,0,0,351
building,/content/CompositeTiles/Composite tiles10.TIF,62,66.60119048,65,6.83751894,179.4404762,165,52.33638932,0,0,0,336
building,/content/CompositeTiles/Composite tiles10.TIF,63,67.00653595,67,2.453480207,110.8300654,107,18.2577017,0,0,0,153
building,/content/CompositeTiles/Composite tiles10.TIF,64,70.33108108,70,2.182202314,111.2027027,107,17.09431684,0,0,0,148
not building,/content/CompositeTiles/Composite tiles10.TIF,65,150.3067485,148,9.343040642,113.6993865,96,51.12718833,0,0,0,163
building,/content/CompositeTiles/Composite tiles10.TIF,66,69.07432432,68,3.371364341,110.5540541,106.5,19.32030293,0,0,0,148
building,/content/CompositeTiles/Composite tiles10.TIF,67,71.01333333,71,2.986607142,113.7066667,110,17.00413544,0,0,0,150
building,/content/CompositeTiles/Composite tiles10.TIF,68,66.63265306,67,3.372722981,115.9863946,110,23.27884397,0,0,0,147
building,/content/CompositeTiles/Composite tiles10.TIF,69,70.27564103,69,5.468527339,111.8846154,106,20.6496916,0,0,0,156
building,/content/CompositeTiles/Composite tiles10.TIF,70,74.9047619,73,8.892657931,114.292517,111,17.62504823,0,0,0,147
building,/content/CompositeTiles/Composite tiles10.TIF,71,73.22,72,4.326461218,114.8733333,111,18.52504491,0,0,0,150
building,/content/CompositeTiles/Composite tiles10.TIF,72,70.87401575,69,6.873424946,119.5984252,112,24.32563207,0,0,0,127
not building,/content/CompositeTiles/Composite tiles10.TIF,73,151.0974026,149,9.34645995,126.8095238,109,54.82497215,0,0,0,462
building,/content/CompositeTiles/Composite tiles10.TIF,74,72.24691358,71,4.998841506,153.5123457,147,35.0726297,0,0,0,162
not building,/content/CompositeTiles/Composite tiles10.TIF,75,146.245614,146.5,9.754496402,141.3947368,128.5,54.70729423,0,0,0,114
not building,/content/CompositeTiles/Composite tiles10.TIF,76,140.1375,146,14.21640228,255,255,0,0,0,0,160
not building,/content/CompositeTiles/Composite tiles10.TIF,77,153.3333333,151,13.49994907,135.3762376,125,56.64291219,0,0,0,303
building,/content/CompositeTiles/Composite tiles10.TIF,78,67.61276596,68,1.155489584,216.2297872,219,29.25773886,0,0,0,235
not building,/content/CompositeTiles/Composite tiles10.TIF,79,148.7978196,148,13.19987218,160.4459861,150,61.04456857,0,0,0,1009
not building,/content/CompositeTiles/Composite tiles10.TIF,80,123.5508982,126,14.11677504,254.4491018,255,4.353618748,0,0,0,334
not building,/content/CompositeTiles/Composite tiles10.TIF,81,72.74038462,69,9.963389901,249.8221154,255,15.16264677,0,0,0,208
not building,/content/CompositeTiles/Composite tiles10.TIF,82,134.7193309,137,10.63526949,255,255,0,0,0,0,538
building,/content/CompositeTiles/Composite tiles10.TIF,83,68.63225806,67,4.818003006,113.7870968,109,20.44693749,0,0,0,155
building,/content/CompositeTiles/Composite tiles10.TIF,84,66.06369427,66,2.670149996,110.8280255,106,20.91419484,0,0,0,157
building,/content/CompositeTiles/Composite tiles10.TIF,85,66.8,65,5.788085649,108.7290323,105,16.89905883,0,0,0,155
building,/content/CompositeTiles/Composite tiles10.TIF,86,66.43292683,65,3.355249069,111.0731707,105.5,21.14109424,0,0,0,164
building,/content/CompositeTiles/Composite tiles10.TIF,87,68.72151899,68,5.82538467,115.4556962,108,24.88825531,0,0,0,158
building,/content/CompositeTiles/Composite tiles10.TIF,88,67.68944099,67,2.164754443,112.6335404,108,19.69288721,0,0,0,161
building,/content/CompositeTiles/Composite tiles10.TIF,89,67.63576159,67,3.09557138,116.3708609,111,23.80734371,0,0,0,151
building,/content/CompositeTiles/Composite tiles10.TIF,90,68.81168831,67,7.292381259,129.8376623,124,25.2970587,0,0,0,154
building,/content/CompositeTiles/Composite tiles10.TIF,91,65.5398773,65,4.125701872,113.3680982,108,22.95125725,0,0,0,163
building,/content/CompositeTiles/Composite tiles10.TIF,92,66.99367089,66.5,2.339795608,107.3860759,103,20.86779503,0,0,0,158
building,/content/CompositeTiles/Composite tiles10.TIF,93,67.25,67,2.421759558,118.2741935,114.5,20.42110653,0,0,0,124
building,/content/CompositeTiles/Composite tiles10.TIF,94,67.92666667,67,4.637667038,121.1933333,116,22.1030003,0,0,0,150
building,/content/CompositeTiles/Composite tiles10.TIF,95,66.94230769,66,2.56764979,115.3974359,110,21.82408675,0,0,0,156
building,/content/CompositeTiles/Composite tiles10.TIF,96,66.80536913,66,3.943694061,121.0939597,118,17.91341677,0,0,0,149
building,/content/CompositeTiles/Composite tiles10.TIF,97,78.35099338,77,10.23770377,147.5496689,145,18.51031169,0,0,0,151
building,/content/CompositeTiles/Composite tiles10.TIF,98,76.61926606,77,7.772982815,149.3853211,146.5,17.85178955,0,0,0,218
building,/content/CompositeTiles/Composite tiles10.TIF,99,75.85616438,76,5.050416673,155.5684932,154,21.20865277,0,0,0,146
building,/content/CompositeTiles/Composite tiles10.TIF,100,79.19333333,77,10.88405357,160.44,158,20.43607268,0,0,0,150
building,/content/CompositeTiles/Composite tiles10.TIF,101,74.40131579,74,4.75209077,153.8552632,153.5,20.93077811,0,0,0,152
building,/content/CompositeTiles/Composite tiles10.TIF,102,68.53636364,68,2.003076147,169.2090909,166,19.33019092,0,0,0,110
building,/content/CompositeTiles/Composite tiles10.TIF,103,71.5508982,71,3.227239384,148.3592814,143,25.53434263,0,0,0,167
building,/content/CompositeTiles/Composite tiles10.TIF,104,68.39784946,66.5,4.323329524,127.0591398,120,21.96139691,0,0,0,186
building,/content/CompositeTiles/Composite tiles10.TIF,105,71.19753086,70,5.531249987,150.8148148,148,18.98978138,0,0,0,243
building,/content/CompositeTiles/Composite tiles10.TIF,106,72.53731343,72,3.698843539,161.1243781,150,36.09784179,0,0,0,201
building,/content/CompositeTiles/Composite tiles10.TIF,107,73.10714286,72,4.944977869,124.3357143,117,21.37341831,0,0,0,140
building,/content/CompositeTiles/Composite tiles10.TIF,108,73.45695364,73,4.614238114,121.281457,118,19.34550585,0,0,0,604
building,/content/CompositeTiles/Composite tiles10.TIF,109,66.47530864,66,2.519554677,113.0061728,105,25.68649953,0,0,0,162
building,/content/CompositeTiles/Composite tiles10.TIF,110,69.31980907,67,5.978311154,132.5942721,121,35.36644265,0,0,0,419
building,/content/CompositeTiles/Composite tiles10.TIF,111,72.54601227,72,4.352846123,154.3680982,145,29.75440516,0,0,0,163
building,/content/CompositeTiles/Composite tiles10.TIF,112,73.78350515,72,6.116947565,165.8041237,159,32.840332,0,0,0,388
not building,/content/CompositeTiles/Composite tiles10.TIF,113,129.1022727,128.5,13.25667908,246.6477273,255,18.62002818,0,0,0,176
building,/content/CompositeTiles/Composite tiles10.TIF,114,73.75510204,72,5.776555757,181.2380952,179,22.36412741,0,0,0,147
building,/content/CompositeTiles/Composite tiles10.TIF,115,73.99441341,72,8.76838141,156.2532588,151,26.22143056,0,0,0,537
building,/content/CompositeTiles/Composite tiles10.TIF,116,71.47663551,70,5.50051676,143.9719626,131,39.43948192,0,0,0,321
building,/content/CompositeTiles/Composite tiles10.TIF,117,68.70792079,67,5.221702298,147.8415842,144,19.99367854,0,0,0,202
building,/content/CompositeTiles/Composite tiles10.TIF,118,66.13580247,65,7.145322369,117.3703704,106,34.23356394,0,0,0,162
building,/content/CompositeTiles/Composite tiles10.TIF,119,75.89908257,72.5,13.09733845,172.9495413,160.5,38.95612946,0,0,0,218
building,/content/CompositeTiles/Composite tiles10.TIF,120,87.99238579,71,27.69279338,215.5634518,214.5,37.75511912,0,0,0,394
building,/content/CompositeTiles/Composite tiles10.TIF,121,74.19607843,74,5.478488919,137.3464052,132,24.43728007,0,0,0,153
building,/content/CompositeTiles/Composite tiles10.TIF,122,70.55172414,70,3.598718229,178.4413793,174,27.04475878,0,0,0,145
building,/content/CompositeTiles/Composite tiles10.TIF,123,73.10948905,71,7.150123439,155.7761557,151,22.83045552,0,0,0,411
building,/content/CompositeTiles/Composite tiles10.TIF,124,76.26448363,76,8.049786708,155.7027708,151,26.26290864,0,0,0,397
not building,/content/CompositeTiles/Composite tiles10.TIF,125,138.7218543,143,20.64110184,115.3642384,110,22.79202935,0,0,0,151
not building,/content/CompositeTiles/Composite tiles10.TIF,126,117.7565789,114,18.47722521,245.5394737,255,16.39194346,0,0,0,152
building,/content/CompositeTiles/Composite tiles10.TIF,127,66.15294118,66,3.87131328,101.9398693,99,12.12361354,0,0,0,765
not building,/content/CompositeTiles/Composite tiles10.TIF,128,116.9813143,125,33.42536996,234.7622272,255,40.68967941,0,0,0,7974
building,/content/CompositeTiles/Composite tiles10.TIF,129,73.75,72,5.209858751,115.7083333,112,17.20115328,0,0,0,312
building,/content/CompositeTiles/Composite tiles10.TIF,130,76.88095238,78,3.750128987,109.0559006,106,12.30928975,0,0,0,966
building,/content/CompositeTiles/Composite tiles10.TIF,131,67.7987013,67,3.165109855,115.8636364,112.5,16.55532566,0,0,0,154
building,/content/CompositeTiles/Composite tiles10.TIF,132,66.99310345,67,2.109082336,117.062069,115,16.78062129,0,0,0,145
building,/content/CompositeTiles/Composite tiles10.TIF,133,67.625,67,2.561898196,126.9671053,121,25.99504451,0,0,0,152
building,/content/CompositeTiles/Composite tiles10.TIF,134,77.12861272,78,3.203040794,106.9710983,106,8.569793534,0,0,0,692
building,/content/CompositeTiles/Composite tiles10.TIF,135,71.42567568,71,3.448640971,136.027027,126,29.24337438,0,0,0,148
building,/content/CompositeTiles/Composite tiles10.TIF,136,74.23076923,73,4.426070741,123.6713287,120,20.71477167,0,0,0,143
building,/content/CompositeTiles/Composite tiles10.TIF,137,74.49479167,71,12.29752575,150.1822917,146,22.3012775,0,0,0,192
building,/content/CompositeTiles/Composite tiles10.TIF,138,69.06578947,68,3.434865838,126.4144737,121,26.43224807,0,0,0,152
not building,/content/CompositeTiles/Composite tiles10.TIF,139,116.3743316,119,9.110080446,255,255,0,0,0,0,187
building,/content/CompositeTiles/Composite tiles10.TIF,140,78.54418605,75,11.3131597,136.4674419,120,42.88597766,0,0,0,430
building,/content/CompositeTiles/Composite tiles10.TIF,141,70.43870968,68,8.248623636,121.0193548,114,27.54432697,0,0,0,155
building,/content/CompositeTiles/Composite tiles10.TIF,142,78.25,78,8.877098885,129.1346154,125,20.02981321,0,0,0,104
building,/content/CompositeTiles/Composite tiles10.TIF,143,69.02547771,68,4.235050958,95.95541401,91,21.52537947,0,0,0,157
building,/content/CompositeTiles/Composite tiles10.TIF,144,69.44736842,68,3.978212826,117.4605263,111.5,23.73867641,0,0,0,152
building,/content/CompositeTiles/Composite tiles10.TIF,145,67.78014184,67,3.484702534,125.2198582,121,23.96838704,0,0,0,141
building,/content/CompositeTiles/Composite tiles10.TIF,146,68.95424837,67,4.90343333,108.5228758,102,23.65550274,0,0,0,153
building,/content/CompositeTiles/Composite tiles10.TIF,147,69.2970297,68,3.396400408,109.9851485,105,24.81904365,0,0,0,202
building,/content/CompositeTiles/Composite tiles10.TIF,148,69.2875817,68,3.697151708,121.7124183,118,18.06801717,0,0,0,153
building,/content/CompositeTiles/Composite tiles10.TIF,149,70.27027027,70,2.971928563,115.0337838,111,21.65528945,0,0,0,148
building,/content/CompositeTiles/Composite tiles10.TIF,150,67.10526316,66,3.473883567,117.7171053,112,21.76048379,0,0,0,152
building,/content/CompositeTiles/Composite tiles10.TIF,151,66.72189349,66,4.980392914,113.4260355,109,22.20551206,0,0,0,169
building,/content/CompositeTiles/Composite tiles10.TIF,152,70.43396226,69,4.737815623,117.5974843,111,25.63486214,0,0,0,159
building,/content/CompositeTiles/Composite tiles10.TIF,153,68.01273885,67,2.590986978,116.0828025,109,28.83799727,0,0,0,157
building,/content/CompositeTiles/Composite tiles10.TIF,154,74.81858407,75,4.951786103,118.4026549,110,27.68025065,0,0,0,226
building,/content/CompositeTiles/Composite tiles10.TIF,155,69.45098039,68,3.52385183,110.248366,106,19.22222333,0,0,0,153
building,/content/CompositeTiles/Composite tiles10.TIF,156,70.14179104,69.5,3.934449809,136.761194,135,24.06867634,0,0,0,134
building,/content/CompositeTiles/Composite tiles10.TIF,157,66.90322581,66,6.448579932,117.7354839,112,22.4102734,0,0,0,155
building,/content/CompositeTiles/Composite tiles10.TIF,158,68.81168831,67,5.29980333,112.5844156,106,22.60321242,0,0,0,154
building,/content/CompositeTiles/Composite tiles10.TIF,159,67.00680272,66,2.420143917,122.9591837,119,20.23598114,0,0,0,147
building,/content/CompositeTiles/Composite tiles10.TIF,160,67.60784314,67,2.31571865,128.2222222,123,24.79490308,0,0,0,153
building,/content/CompositeTiles/Composite tiles10.TIF,161,69.53333333,68,3.449959742,116.0266667,111,25.26023137,0,0,0,150
building,/content/CompositeTiles/Composite tiles10.TIF,162,73.10798122,72,6.303928439,158.5352113,155,17.85872913,0,0,0,213
building,/content/CompositeTiles/Composite tiles10.TIF,163,69.17006803,68,4.501510177,119.9591837,114,23.92075282,0,0,0,147
building,/content/CompositeTiles/Composite tiles10.TIF,164,71.95,71,3.964710402,117.2,113.5,19.65531553,0,0,0,140
building,/content/CompositeTiles/Composite tiles10.TIF,165,65.82822086,66,1.942723065,111.1533742,106,21.23216186,0,0,0,163
building,/content/CompositeTiles/Composite tiles10.TIF,166,71.35820896,71,3.283616011,120.9552239,110.5,32.45751889,0,0,0,134
building,/content/CompositeTiles/Composite tiles10.TIF,167,67.30065359,67,2.323747726,114.2679739,110,20.42650032,0,0,0,153
building,/content/CompositeTiles/Composite tiles10.TIF,168,66.29411765,65,5.264112502,119.2287582,115,20.20499412,0,0,0,153
building,/content/CompositeTiles/Composite tiles10.TIF,169,65.26086957,65,1.425245927,110.3664596,105,21.19143429,0,0,0,161
not building,/content/CompositeTiles/Composite tiles10.TIF,170,155.4939751,157,9.021886027,235.2326951,255,47.88193067,0,0,0,14938
building,/content/CompositeTiles/Composite tiles10.TIF,171,67.55172414,67,2.016931895,125.8275862,122,19.2788413,0,0,0,145
building,/content/CompositeTiles/Composite tiles10.TIF,172,68.86708861,67,5.196279621,112.1075949,106,25.1591354,0,0,0,158
building,/content/CompositeTiles/Composite tiles10.TIF,173,67.52866242,67,2.903019534,122.4968153,116,26.35901668,0,0,0,157
not building,/content/CompositeTiles/Composite tiles10.TIF,174,142.7440476,144,8.342373923,166.077381,160.5,64.71052732,0,0,0,168
building,/content/CompositeTiles/Composite tiles10.TIF,175,66.03289474,66,2.240235429,111.7631579,108,17.96917567,0,0,0,152
building,/content/CompositeTiles/Composite tiles10.TIF,176,71.68421053,71,2.717925517,119.4407895,113,24.93484498,0,0,0,152
building,/content/CompositeTiles/Composite tiles10.TIF,177,72.88356164,70,10.8983537,127.7808219,119,30.7774809,0,0,0,146
building,/content/CompositeTiles/Composite tiles10.TIF,178,67.26623377,66.5,4.733196125,106.3701299,102.5,20.26863462,0,0,0,154
building,/content/CompositeTiles/Composite tiles10.TIF,179,71.2826087,69,6.251943617,125.9492754,118,30.89916336,0,0,0,138
building,/content/CompositeTiles/Composite tiles10.TIF,180,70.25827815,69,3.387674535,109.4238411,105,22.29912156,0,0,0,151
building,/content/CompositeTiles/Composite tiles10.TIF,181,67.78947368,66,5.678481518,134.2631579,126.5,31.21587333,0,0,0,152
building,/content/CompositeTiles/Composite tiles10.TIF,182,72.91219512,71,5.177069287,143.1512195,137,23.94346107,0,0,0,205
building,/content/CompositeTiles/Composite tiles10.TIF,183,68.1878453,68,2.518016034,167.3093923,163,23.21419289,0,0,0,181
building,/content/CompositeTiles/Composite tiles10.TIF,184,76.10869565,74,7.729751278,126.0869565,118,30.60465018,0,0,0,138
building,/content/CompositeTiles/Composite tiles10.TIF,185,72.34586466,70,6.72895786,117.7443609,110,28.36779232,0,0,0,133
building,/content/CompositeTiles/Composite tiles10.TIF,186,71.83435583,71,3.79257234,158.6503067,156,28.15546972,0,0,0,163
building,/content/CompositeTiles/Composite tiles10.TIF,187,72.50769231,72,3.88734862,146.3435897,142,28.90497069,0,0,0,195
building,/content/CompositeTiles/Composite tiles10.TIF,188,70.64968153,69,4.67254652,116.9808917,111,24.50983719,0,0,0,157
building,/content/CompositeTiles/Composite tiles10.TIF,189,71.54,71,2.674895637,128.8466667,118,32.34125058,0,0,0,150
building,/content/CompositeTiles/Composite tiles10.TIF,190,67.79470199,67,3.039078548,125.5562914,119,23.69358361,0,0,0,151
building,/content/CompositeTiles/Composite tiles10.TIF,191,72.17218543,70,6.636006129,155.0529801,150,22.87564658,0,0,0,151
building,/content/CompositeTiles/Composite tiles10.TIF,192,69.82945736,69,3.484459477,127.1007752,120,29.47468891,0,0,0,129
building,/content/CompositeTiles/Composite tiles10.TIF,193,71.50769231,69,6.713071238,124.9846154,118.5,28.45589965,0,0,0,130
building,/content/CompositeTiles/Composite tiles10.TIF,194,70.04827586,69,3.527881135,119.9517241,113,26.5481556,0,0,0,145
building,/content/CompositeTiles/Composite tiles10.TIF,195,67.08955224,67,2.893110756,146.4228856,144,19.37853543,0,0,0,201
building,/content/CompositeTiles/Composite tiles10.TIF,196,70.87951807,70,4.143212159,162.626506,160,29.02500411,0,0,0,166
building,/content/CompositeTiles/Composite tiles10.TIF,197,70.87573964,70,2.696030978,158.1301775,155,28.61219338,0,0,0,169
building,/content/CompositeTiles/Composite tiles10.TIF,198,72.33333333,70,5.83012334,157.0797101,150.5,30.61425774,0,0,0,138
building,/content/CompositeTiles/Composite tiles10.TIF,199,73.71186441,72,8.819375525,141.9576271,133.5,30.87684505,0,0,0,118
building,/content/CompositeTiles/Composite tiles10.TIF,200,72.22222222,70,6.478001711,174.6180556,171,26.89563072,0,0,0,144
building,/content/CompositeTiles/Composite tiles10.TIF,201,71.0516129,70,5.697530363,161.3354839,158,21.57097136,0,0,0,155
building,/content/CompositeTiles/Composite tiles10.TIF,202,70.40229885,69,3.309546519,171.454023,166,31.840942,0,0,0,174
building,/content/CompositeTiles/Composite tiles10.TIF,203,69.53378378,69,4.925684944,157.527027,154.5,25.80761619,0,0,0,148
building,/content/CompositeTiles/Composite tiles10.TIF,204,76.44594595,77,8.186412427,157.6013514,154,21.71770353,0,0,0,148
building,/content/CompositeTiles/Composite tiles10.TIF,205,72.83854167,72,4.999997287,150.1614583,143,29.00323211,0,0,0,192
building,/content/CompositeTiles/Composite tiles10.TIF,206,70.73275862,69,7.406145815,138.1724138,134.5,24.18045515,0,0,0,116
building,/content/CompositeTiles/Composite tiles10.TIF,207,71.30508475,70,4.022202101,165.1525424,159,28.33146036,0,0,0,177
building,/content/CompositeTiles/Composite tiles10.TIF,208,67.87817259,67,4.29796088,155.5989848,142,29.49759689,0,0,0,197
building,/content/CompositeTiles/Composite tiles10.TIF,209,72.15646259,72,3.323183213,171.4081633,166,28.68305696,0,0,0,147
building,/content/CompositeTiles/Composite tiles10.TIF,210,69.11235955,69,3.169156845,159.5786517,156,24.62201888,0,0,0,178
building,/content/CompositeTiles/Composite tiles10.TIF,211,65.6686747,65,2.247859904,114.6927711,106,27.51618706,0,0,0,166
building,/content/CompositeTiles/Composite tiles10.TIF,212,70.2254902,67,7.103446916,126.4460784,117,30.48323284,0,0,0,204
building,/content/CompositeTiles/Composite tiles10.TIF,213,72.11333333,71,3.403011738,162.2933333,160,23.61596823,0,0,0,150
building,/content/CompositeTiles/Composite tiles10.TIF,214,73.78680203,74,4.227685933,145.6497462,143,17.88270192,0,0,0,197
building,/content/CompositeTiles/Composite tiles10.TIF,215,67.17164179,66,3.908517525,124.5895522,112,33.54195695,0,0,0,134
building,/content/CompositeTiles/Composite tiles10.TIF,216,69.4502924,68,5.37610453,186.0350877,180,25.67860163,0,0,0,171
building,/content/CompositeTiles/Composite tiles10.TIF,217,72.83823529,71,8.081588178,168.4338235,166,24.26559602,0,0,0,136
not building,/content/CompositeTiles/Composite tiles10.TIF,218,134.1650485,133,18.65324724,110.9126214,100,26.26567282,0,0,0,103
building,/content/CompositeTiles/Composite tiles10.TIF,219,73.03864734,74,3.491667667,154.2028986,146,28.23020261,0,0,0,207
not building,/content/CompositeTiles/Composite tiles10.TIF,220,102.6799331,96,33.57075771,219.5384615,255,43.42963046,0,0,0,8970
not building,/content/CompositeTiles/Composite tiles10.TIF,221,89.02003339,78,21.45359396,212.9432387,242,48.95587721,0,0,0,599
building,/content/CompositeTiles/Composite tiles10.TIF,222,74.26829268,73,6.730978221,171.5,166.5,26.77082048,0,0,0,164
building,/content/CompositeTiles/Composite tiles10.TIF,223,73.29452055,71,8.14607041,187.1027397,184,24.18924516,0,0,0,146
building,/content/CompositeTiles/Composite tiles10.TIF,224,69.21192053,68,3.934243065,165.2649007,164,21.05895288,0,0,0,151
building,/content/CompositeTiles/Composite tiles10.TIF,225,68.28476821,68,2.088687548,181.3642384,179,23.02445675,0,0,0,151
building,/content/CompositeTiles/Composite tiles10.TIF,226,70.00518135,70,3.627039229,175.3367876,171,24.94793634,0,0,0,193
building,/content/CompositeTiles/Composite tiles10.TIF,227,70.01129944,69,4.432785787,197.2937853,199,32.15856927,0,0,0,177
not building,/content/CompositeTiles/Composite tiles10.TIF,228,147.1880819,146,13.20952789,149.8975791,136,62.82053548,0,0,0,537
building,/content/CompositeTiles/Composite tiles10.TIF,229,75.44522968,71,12.08654028,153.8939929,149,34.76782253,0,0,0,283
building,/content/CompositeTiles/Composite tiles10.TIF,230,66.32467532,65,4.089183997,139.961039,116,51.87942437,0,0,0,231
building,/content/CompositeTiles/Composite tiles10.TIF,231,73.81775972,76,5.579311369,152.4416715,120,58.77715417,0,0,0,1723
building,/content/CompositeTiles/Composite tiles10.TIF,232,70.33944954,71,3.023516949,171.8165138,166,27.09452199,0,0,0,109
not building,/content/CompositeTiles/Composite tiles10.TIF,233,107.453303,145,67.85373511,85.77676538,92,82.75465458,0,0,0,439
building,/content/CompositeTiles/Composite tiles10.TIF,234,76.07649513,72,13.71571045,172.1571627,159,40.11342126,0,0,0,719
building,/content/CompositeTiles/Composite tiles10.TIF,235,69.38539554,68,5.432375124,119.3529412,108,41.67629988,0,0,0,493
building,/content/CompositeTiles/Composite tiles10.TIF,236,69.29896907,67,5.036290871,107.4845361,103,20.14131181,0,0,0,97
building,/content/CompositeTiles/Composite tiles10.TIF,237,72.26069246,70,5.619762801,129.3034623,116,40.04131736,0,0,0,491
not building,/content/CompositeTiles/Composite tiles10.TIF,238,130.7260274,132,11.40446953,154.9726027,141,55.74697549,0,0,0,73
building,/content/CompositeTiles/Composite tiles10.TIF,239,72.08991826,70,7.886115951,170.6321526,167,26.33091347,0,0,0,367
not building,/content/CompositeTiles/Composite tiles10.TIF,240,157.203125,155,9.520011304,141.515625,132.5,34.17418259,0,0,0,64
not building,/content/CompositeTiles/Composite tiles10.TIF,241,124.4375,133,16.64570296,255,255,0,0,0,0,48
not building,/content/CompositeTiles/Composite tiles10.TIF,242,66.19117647,63,10.44630156,165.0147059,165,25.43647951,0,0,0,68
not building,/content/CompositeTiles/Composite tiles10.TIF,243,141.4121212,147,19.2038468,149.5878788,138,34.13005214,0,0,0,165
not building,/content/CompositeTiles/Composite tiles10.TIF,244,117.6949153,113,15.97164249,173.6949153,165,28.83045367,0,0,0,59
not building,/content/CompositeTiles/Composite tiles10.TIF,245,90.64935976,75,30.148862,222.5485587,255,57.05938432,0,0,0,17103
not building,/content/CompositeTiles/Composite tiles10.TIF,246,148.0060484,147,11.35340605,153.0577957,137,65.29339815,0,0,0,1488
building,/content/CompositeTiles/Composite tiles10.TIF,247,67.94565217,68,0.78524616,190.9130435,190,23.73250027,0,0,0,92
building,/content/CompositeTiles/Composite tiles10.TIF,248,75.0952381,72,12.22518775,160.0238095,153.5,28.36600757,0,0,0,168
not building,/content/CompositeTiles/Composite tiles10.TIF,249,101.5641026,102,14.81647536,130.8205128,121,29.59025463,0,0,0,39
not building,/content/CompositeTiles/Composite tiles10.TIF,250,149.5833333,149,6.921684927,161.4047619,151,49.2767015,0,0,0,84
not building,/content/CompositeTiles/Composite tiles10.TIF,251,70.28247423,68,11.19557175,236.9216495,255,24.93972208,0,0,0,485
building,/content/CompositeTiles/Composite tiles10.TIF,252,73.19392523,72,4.687152904,118.8364486,117,14.41836117,0,0,0,428
building,/content/CompositeTiles/Composite tiles10.TIF,253,70.66666667,69,5.845225972,166.75,161,24.41581341,0,0,0,36
not building,/content/CompositeTiles/Composite tiles10.TIF,254,154.3333333,155,5.811865258,151.3888889,149,37.07071154,0,0,0,18
not building,/content/CompositeTiles/Composite tiles10.TIF,255,97.41666667,99,9.687836016,187.0555556,176.5,27.59825321,0,0,0,36
building,/content/CompositeTiles/Composite tiles10.TIF,256,67.6835443,66,6.898072201,126.9620253,122,25.80375943,0,0,0,79
building,/content/CompositeTiles/Composite tiles10.TIF,257,88.35714286,80.5,21.28835075,148.4107143,142,25.27263963,0,0,0,56
not building,/content/CompositeTiles/Composite tiles10.TIF,258,76.07179487,69,14.61821745,168.5410256,159,53.14442932,0,0,0,390
not building,/content/CompositeTiles/Composite tiles10.TIF,259,73.23076923,73,5.213205808,190.9102564,183,18.46909123,0,0,0,78
not building,/content/CompositeTiles/Composite tiles10.TIF,260,93.48387097,95,12.39806862,182.2043011,171,38.36400619,0,0,0,93
not building,/content/CompositeTiles/Composite tiles10.TIF,261,148.0972222,148,7.331741725,131.8472222,113.5,46.11147716,0,0,0,72
building,/content/CompositeTiles/Composite tiles10.TIF,262,76.46184739,79,4.66547068,112.5140562,106,15.28605433,0,0,0,249
building,/content/CompositeTiles/Composite tiles10.TIF,263,72.18181818,72,2.095515348,180.2727273,181,12.95042465,0,0,0,33
not building,/content/CompositeTiles/Composite tiles10.TIF,264,144.8103448,144,6.323074592,200.8448276,207.5,38.21121054,0,0,0,58
not building,/content/CompositeTiles/Composite tiles10.TIF,265,82.45454545,78,14.27880589,211.7272727,215,17.42042119,0,0,0,22
building,/content/CompositeTiles/Composite tiles10.TIF,266,71.76666667,70,6.460220154,135.0888889,128.5,27.7507335,0,0,0,90
not building,/content/CompositeTiles/Composite tiles10.TIF,267,111.8513514,113,8.707999479,255,255,0,0,0,0,74
not building,/content/CompositeTiles/Composite tiles10.TIF,268,92.79494771,77,29.53215055,227.3683683,255,45.01725333,0,0,0,20941
not building,/content/CompositeTiles/Composite tiles10.TIF,269,133.1169389,133,8.465723546,254.763307,255,3.911869119,0,0,0,26997
building,/content/CompositeTiles/Composite tiles10.TIF,270,70.26804124,70,3.26340365,130.4536082,121,28.03091836,0,0,0,97
not building,/content/CompositeTiles/Composite tiles10.TIF,271,141.3180433,137,13.72960147,247.3372633,255,30.74509596,0,0,0,42664
not building,/content/CompositeTiles/Composite tiles10.TIF,272,69.35384615,69,2.003310869,175.2,172,23.24729926,0,0,0,65
building,/content/CompositeTiles/Composite tiles10.TIF,273,72.87179487,67,14.06063698,173.6666667,169,14.73411067,0,0,0,39
not building,/content/CompositeTiles/Composite tiles10.TIF,274,74.275,69,12.96145729,197.05,187,20.66149801,0,0,0,40
not building,/content/CompositeTiles/Composite tiles10.TIF,275,79.79166667,77,10.98286228,147.9166667,144,25.18749138,0,0,0,48
not building,/content/CompositeTiles/Composite tiles10.TIF,276,153.7540395,156,8.454897066,254.7244165,255,3.961936929,0,0,0,1114
building,/content/CompositeTiles/Composite tiles10.TIF,277,75.01298701,70,15.72118556,159.5194805,151,33.22868827,0,0,0,77
building,/content/CompositeTiles/Composite tiles10.TIF,278,71.73006135,70,5.038576766,157.2944785,151,25.77222848,0,0,0,163
building,/content/CompositeTiles/Composite tiles10.TIF,279,78.248,74.5,13.49231248,191.932,182,39.18274334,0,0,0,250
building,/content/CompositeTiles/Composite tiles10.TIF,280,67.47252747,67,2.077300971,223.5274725,223,17.61763643,0,0,0,91
building,/content/CompositeTiles/Composite tiles10.TIF,281,65.96551724,66,3.045434781,170.7241379,162,23.63646591,0,0,0,29
not building,/content/CompositeTiles/Composite tiles10.TIF,282,70.19883041,69,5.651807022,208.6900585,205,42.70362798,0,0,0,342
building,/content/CompositeTiles/Composite tiles11.TIF,0,59.48952381,58,4.865269019,132.9314286,132,7.899551697,0,0,0,525
building,/content/CompositeTiles/Composite tiles11.TIF,1,73.70193741,73,3.877480453,124.5409836,122,15.57150819,0,0,0,671
building,/content/CompositeTiles/Composite tiles11.TIF,2,70.9908046,71,3.668431096,81.49655172,78,15.07549925,0,0,0,435
building,/content/CompositeTiles/Composite tiles11.TIF,3,73.02666667,72,4.92740184,119.4466667,115,20.54978886,0,0,0,300
building,/content/CompositeTiles/Composite tiles11.TIF,4,72.53917051,72,3.758809652,126.2903226,122,19.54938325,0,0,0,217
building,/content/CompositeTiles/Composite tiles11.TIF,5,76.36454849,75,6.40110364,114.6287625,111,19.06754344,0,0,0,299
building,/content/CompositeTiles/Composite tiles11.TIF,6,71.02362205,71,3.449214373,131.1312336,131,21.71646438,0,0,0,381
building,/content/CompositeTiles/Composite tiles11.TIF,7,71.8879668,69,8.511153313,133.1991701,128,25.00078338,0,0,0,241
building,/content/CompositeTiles/Composite tiles11.TIF,8,74.06372549,72,7.863470885,124.4607843,121.5,16.96257216,0,0,0,204
building,/content/CompositeTiles/Composite tiles11.TIF,9,70.73544974,69,3.930686371,126.021164,124,13.70743346,0,0,0,567
building,/content/CompositeTiles/Composite tiles11.TIF,10,72.3699284,72,4.303795969,126.6221161,123,18.7570725,0,0,0,1257
building,/content/CompositeTiles/Composite tiles11.TIF,11,72.01388889,69.5,8.178267931,76.90740741,69,25.48893625,0,0,0,216
building,/content/CompositeTiles/Composite tiles11.TIF,12,71.69076305,69,6.460006327,130.4096386,127,18.85393196,0,0,0,249
building,/content/CompositeTiles/Composite tiles11.TIF,13,73.44,70,8.50025882,115.228,111,20.8606811,0,0,0,250
building,/content/CompositeTiles/Composite tiles11.TIF,14,71.30967742,71,4.134150054,122.7451613,119,19.22623105,0,0,0,310
building,/content/CompositeTiles/Composite tiles11.TIF,15,71.44196429,70,5.126631071,70.45535714,62,22.29225057,0,0,0,224
building,/content/CompositeTiles/Composite tiles11.TIF,16,72.11881188,69,9.571810022,121.7574257,118,19.1579048,0,0,0,202
building,/content/CompositeTiles/Composite tiles11.TIF,17,69.1372549,69,2.340489931,162.1568627,160,19.65124608,0,0,0,153
building,/content/CompositeTiles/Composite tiles11.TIF,18,68.85788114,67,6.801957361,155.2868217,154,16.26295252,0,0,0,387
building,/content/CompositeTiles/Composite tiles11.TIF,19,75.34126984,73,7.363749367,132.8809524,130,21.59571061,0,0,0,126
building,/content/CompositeTiles/Composite tiles11.TIF,20,71.64390244,71,3.720087121,119.4146341,112,26.82224742,0,0,0,205
building,/content/CompositeTiles/Composite tiles11.TIF,21,70.04285714,69,4.792660205,121.2285714,116,19.25295631,0,0,0,140
not building,/content/CompositeTiles/Composite tiles11.TIF,22,117.7833333,120.5,32.6464691,134.5222222,120.5,53.883254,0,0,0,180
building,/content/CompositeTiles/Composite tiles11.TIF,23,75.42268041,75,5.818270285,170.0103093,166,22.52649979,0,0,0,194
building,/content/CompositeTiles/Composite tiles11.TIF,24,73.63803681,72,6.686514297,155.6380368,151,20.53272775,0,0,0,163
building,/content/CompositeTiles/Composite tiles11.TIF,25,69.595,70,2.995158593,144.84,145,14.46735636,0,0,0,200
building,/content/CompositeTiles/Composite tiles11.TIF,26,73.50224215,73,3.29679072,175.1659193,172,23.75726096,0,0,0,223
building,/content/CompositeTiles/Composite tiles11.TIF,27,73.54098361,70.5,9.471395712,120.6803279,113,24.75296518,0,0,0,122
not building,/content/CompositeTiles/Composite tiles11.TIF,28,94.77369863,95,25.35901707,236.8128767,255,42.85764967,0,0,0,7300
building,/content/CompositeTiles/Composite tiles11.TIF,29,72.62035225,71,7.195664646,121.9589041,116,23.51591612,0,0,0,511
building,/content/CompositeTiles/Composite tiles11.TIF,30,70.00549451,67,8.49013471,151.7142857,151,14.25072639,0,0,0,182
building,/content/CompositeTiles/Composite tiles11.TIF,31,80.20634921,77,12.57537116,117.4166667,114,18.65467834,0,0,0,252
not building,/content/CompositeTiles/Composite tiles11.TIF,32,131.7640449,130,12.76672507,124.9550562,109.5,43.32913235,0,0,0,178
building,/content/CompositeTiles/Composite tiles11.TIF,33,72.8172043,73,4.125572587,175.1666667,174.5,23.92729055,0,0,0,186
building,/content/CompositeTiles/Composite tiles11.TIF,34,79.21323529,73,18.31762575,116.2426471,111,24.43252904,0,0,0,136
building,/content/CompositeTiles/Composite tiles11.TIF,35,73.37871287,70,9.21888088,118.5420792,113,23.89655329,0,0,0,404
building,/content/CompositeTiles/Composite tiles11.TIF,36,67.14285714,66,5.399462474,181.7857143,177.5,24.22369532,0,0,0,126
building,/content/CompositeTiles/Composite tiles11.TIF,37,74.88910891,74,4.859570551,120.6514851,113,21.22807134,0,0,0,505
not building,/content/CompositeTiles/Composite tiles11.TIF,38,133.7005988,130,13.83327368,120.5329341,113,28.69054058,0,0,0,167
building,/content/CompositeTiles/Composite tiles11.TIF,39,74.58950617,70,14.7041193,127.8641975,115,33.21432574,0,0,0,324
not building,/content/CompositeTiles/Composite tiles11.TIF,40,90.81127013,85,22.91969293,204.5241503,254,62.86812765,0,0,0,1118
building,/content/CompositeTiles/Composite tiles11.TIF,41,73.48913043,72,5.110364359,117.5126812,114,17.50858543,0,0,0,552
building,/content/CompositeTiles/Composite tiles11.TIF,42,69.19221411,67,6.572784536,198.4476886,192,38.62230944,0,0,0,411
building,/content/CompositeTiles/Composite tiles11.TIF,43,77.6996997,74,10.56397214,164.8228228,160,27.40260101,0,0,0,333
building,/content/CompositeTiles/Composite tiles11.TIF,44,73.34591195,71,7.591499788,142.1111111,122,42.76382195,0,0,0,477
building,/content/CompositeTiles/Composite tiles11.TIF,45,71.18352514,70,6.447824037,166.9606299,165,56.67049308,0,0,0,1651
building,/content/CompositeTiles/Composite tiles11.TIF,46,67.66452206,67,5.075401186,175.7637868,172,26.63516951,0,0,0,1088
not building,/content/CompositeTiles/Composite tiles11.TIF,47,101.6003063,95,33.43469051,241.9785605,255,27.36894709,0,0,0,653
not building,/content/CompositeTiles/Composite tiles11.TIF,48,108.8492218,109,10.50262286,254.963035,255,1.184610844,0,0,0,1028
not building,/content/CompositeTiles/Composite tiles11.TIF,49,125.1068702,125,18.45367706,246.221374,255,15.85203051,0,0,0,131
building,/content/CompositeTiles/Composite tiles11.TIF,50,71.39044944,72,6.149981166,178.9129213,175,25.74825731,0,0,0,356
building,/content/CompositeTiles/Composite tiles11.TIF,51,67.91836735,67,5.646635509,179.1564626,178,18.0480088,0,0,0,294
building,/content/CompositeTiles/Composite tiles11.TIF,52,70.35802469,69,5.640043433,124.2993827,117,25.07691624,0,0,0,324
not building,/content/CompositeTiles/Composite tiles11.TIF,53,147.9379845,150,12.76089805,214.9874776,212,24.12527849,0,0,0,1677
building,/content/CompositeTiles/Composite tiles11.TIF,54,76.29184549,72,13.14856583,168.888412,166,28.65520189,0,0,0,233
not building,/content/CompositeTiles/Composite tiles11.TIF,55,117.2600897,124,20.84567626,255,255,0,0,0,0,223
not building,/content/CompositeTiles/Composite tiles11.TIF,56,105.6622093,99,35.18518074,240.3860465,255,30.80108411,0,0,0,1720
building,/content/CompositeTiles/Composite tiles11.TIF,57,72.49066667,73,3.148636671,117.0817778,116,10.70005094,0,0,0,1125
building,/content/CompositeTiles/Composite tiles11.TIF,58,60.26410256,59,4.586434131,141.2435897,140,8.11327797,0,0,0,390
building,/content/CompositeTiles/Composite tiles11.TIF,59,74.13290461,74,2.539193277,100.0385852,98,11.83345535,0,0,0,933
building,/content/CompositeTiles/Composite tiles11.TIF,60,65.23230769,62,6.850931609,125.4123077,121,11.6816425,0,0,0,650
building,/content/CompositeTiles/Composite tiles11.TIF,61,63.35549133,60,6.560363237,131.3246628,134,13.14069371,0,0,0,1038
building,/content/CompositeTiles/Composite tiles11.TIF,62,67.54844444,67,3.924239179,124.08,119,22.52798359,0,0,0,1125
building,/content/CompositeTiles/Composite tiles11.TIF,63,72.24460432,72,2.727007812,158.6258993,155,23.72815872,0,0,0,139
building,/content/CompositeTiles/Composite tiles11.TIF,64,73.86956522,72,6.698286702,134.884058,130,19.91930792,0,0,0,207
building,/content/CompositeTiles/Composite tiles11.TIF,65,74.06389776,74,3.009421863,94.92651757,92,10.84059786,0,0,0,313
building,/content/CompositeTiles/Composite tiles11.TIF,66,72.68159204,72,4.046755282,141.7661692,139,21.47033241,0,0,0,201
building,/content/CompositeTiles/Composite tiles11.TIF,67,74.21172638,74,2.189877352,101.8729642,101,8.024807953,0,0,0,614
building,/content/CompositeTiles/Composite tiles11.TIF,68,70.38787879,69,8.026915237,113.9030303,108,27.01026163,0,0,0,165
building,/content/CompositeTiles/Composite tiles11.TIF,69,73.01169591,72,4.434036752,147.3157895,144,19.00245404,0,0,0,171
building,/content/CompositeTiles/Composite tiles11.TIF,70,72.17006803,72,2.241762395,157.8163265,154,19.58377102,0,0,0,147
building,/content/CompositeTiles/Composite tiles11.TIF,71,69.56701031,70,1.885414535,151.2525773,151,20.08392491,0,0,0,194
building,/content/CompositeTiles/Composite tiles11.TIF,72,69.73224044,69,4.047450646,150.8743169,149,21.06743133,0,0,0,183
building,/content/CompositeTiles/Composite tiles11.TIF,73,71.11111111,70,4.002111204,150.1345029,146,24.61230454,0,0,0,171
building,/content/CompositeTiles/Composite tiles11.TIF,74,71.12182741,70,5.058578753,149.9340102,148,21.25123372,0,0,0,197
building,/content/CompositeTiles/Composite tiles11.TIF,75,71.09444444,70,5.195828693,151.0777778,148,21.69240921,0,0,0,180
building,/content/CompositeTiles/Composite tiles11.TIF,76,68.97674419,68,4.95790828,155.0872093,148.5,24.3042359,0,0,0,172
building,/content/CompositeTiles/Composite tiles11.TIF,77,69.90909091,70,2.743554095,150.6767677,141.5,28.34895408,0,0,0,198
building,/content/CompositeTiles/Composite tiles11.TIF,78,72.05853659,71,4.746910451,145.6341463,140,24.5433972,0,0,0,205
building,/content/CompositeTiles/Composite tiles11.TIF,79,77.83962264,76,7.46328977,114.6037736,108.5,20.40240424,0,0,0,106
building,/content/CompositeTiles/Composite tiles11.TIF,80,71.44125326,70,5.744887203,156.7989556,152,25.83364736,0,0,0,383
not building,/content/CompositeTiles/Composite tiles11.TIF,81,158.22,153.5,14.87721748,100.31,81.5,45.01948356,0,0,0,100
not building,/content/CompositeTiles/Composite tiles11.TIF,82,126.7571429,125,10.18098468,252.6057143,255,8.764797866,0,0,0,350
building,/content/CompositeTiles/Composite tiles11.TIF,83,72.88983051,72,4.216159185,157.1779661,152,29.395068,0,0,0,236
building,/content/CompositeTiles/Composite tiles11.TIF,84,72.81214421,73,2.714219454,121.2428843,121,8.53555026,0,0,0,527
building,/content/CompositeTiles/Composite tiles11.TIF,85,63.46439628,63,2.938134324,134.2012384,127,20.87141226,0,0,0,323
building,/content/CompositeTiles/Composite tiles11.TIF,86,72.25,71,4.910597783,148.3382353,135.5,33.46842687,0,0,0,136
not building,/content/CompositeTiles/Composite tiles11.TIF,87,126.844086,123,22.79354258,249.1129032,255,13.77851472,0,0,0,372
building,/content/CompositeTiles/Composite tiles11.TIF,88,71.06594203,73,5.305384145,113.5898551,105,26.65784081,0,0,0,1380
building,/content/CompositeTiles/Composite tiles11.TIF,89,68.43811881,68,2.330094212,150.9752475,148,24.52205274,0,0,0,404
building,/content/CompositeTiles/Composite tiles11.TIF,90,68.69047619,69,2.647143671,136.4444444,128,34.08382653,0,0,0,126
not building,/content/CompositeTiles/Composite tiles11.TIF,91,88.35530881,78,23.23180837,223.3990285,255,40.93048184,0,0,0,1441
building,/content/CompositeTiles/Composite tiles11.TIF,92,71.06849315,70,7.469870257,130.4977169,114,38.89165074,0,0,0,219
building,/content/CompositeTiles/Composite tiles11.TIF,93,71.34313725,70.5,2.986883411,155.5931373,150,26.67021089,0,0,0,204
building,/content/CompositeTiles/Composite tiles11.TIF,94,96.54986523,74,34.15383888,186.9541779,162,53.42178758,0,0,0,371
building,/content/CompositeTiles/Composite tiles11.TIF,95,74.19072165,75,2.455735239,141.185567,141.5,10.20393081,0,0,0,194
building,/content/CompositeTiles/Composite tiles11.TIF,96,71.01384083,69,7.309269045,179.7681661,177,27.10376492,0,0,0,289
not building,/content/CompositeTiles/Composite tiles11.TIF,97,138.0471204,144,16.69319326,250.2617801,255,14.50381986,0,0,0,191
not building,/content/CompositeTiles/Composite tiles11.TIF,98,89.625,81,21.73172125,181.8458333,168,53.66156662,0,0,0,480
not building,/content/CompositeTiles/Composite tiles11.TIF,99,65.13676371,65,2.632844693,251.4197698,255,16.26635405,0,0,0,1477
not building,/content/CompositeTiles/Composite tiles11.TIF,100,152.13,162,28.10290199,191.56,192,53.02477157,0,0,0,200
not building,/content/CompositeTiles/Composite tiles11.TIF,101,115.8888889,120,14.52621926,250.5964912,255,16.63947921,0,0,0,171
not building,/content/CompositeTiles/Composite tiles11.TIF,102,139.2021277,142,15.50605907,246.1223404,255,19.81083227,0,0,0,188
not building,/content/CompositeTiles/Composite tiles11.TIF,103,130.2860759,132,12.29393938,252.9240506,255,9.814187808,0,0,0,395
not building,/content/CompositeTiles/Composite tiles11.TIF,104,101.8295964,100,21.25623355,160.1434978,152,35.28293126,0,0,0,223
not building,/content/CompositeTiles/Composite tiles11.TIF,105,142.8346457,145,13.22355556,253.6141732,255,6.739292755,0,0,0,127
not building,/content/CompositeTiles/Composite tiles11.TIF,106,101.3248408,98,24.3601472,147.3949045,137,30.1391165,0,0,0,157
not building,/content/CompositeTiles/Composite tiles11.TIF,107,138.4988662,145,18.37590909,232.4648526,255,41.46199268,0,0,0,441
not building,/content/CompositeTiles/Composite tiles11.TIF,108,130.9327354,131,14.44511664,253.2769058,255,11.52938361,0,0,0,892
building,/content/CompositeTiles/Composite tiles11.TIF,109,74.64344262,75,2.103840661,149.4446721,146,13.15267427,0,0,0,488
building,/content/CompositeTiles/Composite tiles11.TIF,110,74.95857988,75,1.524377959,142.8402367,142,7.473300163,0,0,0,338
building,/content/CompositeTiles/Composite tiles11.TIF,111,61.7250996,60,5.735203332,143.063745,136,27.79155337,0,0,0,251
building,/content/CompositeTiles/Composite tiles11.TIF,112,76.86772487,72,11.0020905,107.4656085,100,24.03337918,0,0,0,189
building,/content/CompositeTiles/Composite tiles11.TIF,113,74.02531646,71,11.56608507,103.1068917,99,19.37743683,0,0,0,711
building,/content/CompositeTiles/Composite tiles11.TIF,114,79.27152318,76,10.3750425,134.8675497,129,24.77225416,0,0,0,151
building,/content/CompositeTiles/Composite tiles11.TIF,115,70.99267399,70,5.363690623,135.6593407,132,24.57576449,0,0,0,273
not building,/content/CompositeTiles/Composite tiles11.TIF,116,149.8958333,151,13.65296675,161.1481481,143.5,61.68716849,0,0,0,432
not building,/content/CompositeTiles/Composite tiles11.TIF,117,151.2027076,155,13.28427262,254.9612148,255,0.855854928,0,0,0,2733
not building,/content/CompositeTiles/Composite tiles11.TIF,118,144.7697674,144,14.04148397,254.7418605,255,2.807939951,0,0,0,430
building,/content/CompositeTiles/Composite tiles11.TIF,119,70.69911504,68,8.574385559,169.1061947,163,25.34797223,0,0,0,113
not building,/content/CompositeTiles/Composite tiles11.TIF,120,66.7959799,65,8.933117421,214.3849246,255,64.92843818,0,0,0,995
not building,/content/CompositeTiles/Composite tiles11.TIF,121,112.6643836,116,20.78041669,154.869863,145.5,51.05694695,0,0,0,146
not building,/content/CompositeTiles/Composite tiles11.TIF,122,161.9192708,162,14.35637357,253.3645833,255,9.792503289,0,0,0,384
building,/content/CompositeTiles/Composite tiles11.TIF,123,73.93624161,72,10.06285424,100.4798658,99,12.74457105,0,0,0,298
not building,/content/CompositeTiles/Composite tiles11.TIF,124,130.1390476,128,23.02126758,82.60952381,60,53.27583125,0,0,0,525
building,/content/CompositeTiles/Composite tiles11.TIF,125,70.56834532,68,13.37346797,201.2374101,200,15.05843903,0,0,0,139
not building,/content/CompositeTiles/Composite tiles11.TIF,126,151.3333333,151,3.409592791,243.2015504,246,12.16003101,0,0,0,258
building,/content/CompositeTiles/Composite tiles11.TIF,127,73.4,71,6.859959739,175.6952381,171,28.09003342,0,0,0,105
building,/content/CompositeTiles/Composite tiles11.TIF,128,63.97701149,63,4.938651246,119.137931,101,42.21242733,0,0,0,261
not building,/content/CompositeTiles/Composite tiles11.TIF,129,164.9676512,166,15.58833348,155.464135,134,68.22479633,0,0,0,711
building,/content/CompositeTiles/Composite tiles11.TIF,130,78.7991453,74,14.13209353,158.542735,145.5,49.56063681,0,0,0,234
not building,/content/CompositeTiles/Composite tiles11.TIF,131,106.5813953,108,11.38930389,255,255,0,0,0,0,258
not building,/content/CompositeTiles/Composite tiles11.TIF,132,84.84004739,74.5,26.31745241,215.1954976,255,60.59433856,0,0,0,844
not building,/content/CompositeTiles/Composite tiles11.TIF,133,141.7656904,142,20.91853882,165.790795,150,64.09262191,0,0,0,239
building,/content/CompositeTiles/Composite tiles11.TIF,134,73.04401228,70,9.915771556,112.5435005,104,27.18066477,0,0,0,977
building,/content/CompositeTiles/Composite tiles11.TIF,135,74.9025641,71,9.95197409,134.8512821,129,27.81557276,0,0,0,390
not building,/content/CompositeTiles/Composite tiles11.TIF,136,111.0686275,109,16.49317138,254.2026144,255,6.272003857,0,0,0,306
not building,/content/CompositeTiles/Composite tiles11.TIF,137,76.04693878,75,8.667782289,195.2530612,255,70.13617397,0,0,0,490
not building,/content/CompositeTiles/Composite tiles11.TIF,138,165.2520325,168,16.17264251,141.2256098,116.5,64.1020521,0,0,0,492
building,/content/CompositeTiles/Composite tiles11.TIF,139,70.39908257,67,11.06948028,181.1559633,175,36.15681298,0,0,0,218
not building,/content/CompositeTiles/Composite tiles11.TIF,140,156.9707602,154,12.17101672,107.6842105,94,44.14297262,0,0,0,171
building,/content/CompositeTiles/Composite tiles11.TIF,141,71.23015873,71,3.844523415,133.3333333,129.5,24.4744765,0,0,0,126
building,/content/CompositeTiles/Composite tiles11.TIF,142,64.26143791,63,3.729008773,131.5098039,122,28.39799258,0,0,0,153
not building,/content/CompositeTiles/Composite tiles11.TIF,143,70.3030303,65,13.39866912,255,255,0,0,0,0,297
building,/content/CompositeTiles/Composite tiles11.TIF,144,73.40816327,72,10.14034516,153.7619048,150,36.29140063,0,0,0,147
building,/content/CompositeTiles/Composite tiles11.TIF,145,65.14285714,64,4.713879853,147.5535714,133.5,35.38369764,0,0,0,224
building,/content/CompositeTiles/Composite tiles11.TIF,146,70.25748503,69,3.388893575,123.7365269,111,26.60966543,0,0,0,167
not building,/content/CompositeTiles/Composite tiles11.TIF,147,137.284153,137,17.46334554,108.2513661,85,56.9129542,0,0,0,183
building,/content/CompositeTiles/Composite tiles11.TIF,148,73.98425197,70,12.41473867,102.8871391,99,18.41773559,0,0,0,381
not building,/content/CompositeTiles/Composite tiles11.TIF,149,86.53613054,133,83.30169129,84.10955711,6,113.1100486,0,0,0,429
not building,/content/CompositeTiles/Composite tiles11.TIF,150,112.8961749,111,9.860510002,254.7431694,255,3.464834238,0,0,0,183
not building,/content/CompositeTiles/Composite tiles11.TIF,151,142.4552239,144,14.00032818,245.4328358,255,21.43279944,0,0,0,134
building,/content/CompositeTiles/Composite tiles11.TIF,152,68.57671958,68,5.190619116,99.83597884,99,7.342676351,0,0,0,189
building,/content/CompositeTiles/Composite tiles11.TIF,153,72.88498403,71,6.774284071,117.5303514,113,22.32478541,0,0,0,313
building,/content/CompositeTiles/Composite tiles11.TIF,154,70.50887574,68,10.39180284,136.7278107,126,33.43185945,0,0,0,169
building,/content/CompositeTiles/Composite tiles11.TIF,155,81.92533333,81,11.42860847,123.0026667,114,30.594945,0,0,0,375
building,/content/CompositeTiles/Composite tiles11.TIF,156,79.77254902,76,10.57129073,121.7882353,116,24.07134532,0,0,0,255
building,/content/CompositeTiles/Composite tiles11.TIF,157,74.01578947,74,7.095199501,112.6210526,105.5,28.69097747,0,0,0,190
building,/content/CompositeTiles/Composite tiles11.TIF,158,73.34931507,71,8.343312034,120.8013699,114,22.49067382,0,0,0,146
building,/content/CompositeTiles/Composite tiles11.TIF,159,71.17326733,70,4.429276835,154.4653465,150,24.9883396,0,0,0,202
building,/content/CompositeTiles/Composite tiles11.TIF,160,69.25,69,1.946905539,120.3235294,116.5,18.86284956,0,0,0,136
building,/content/CompositeTiles/Composite tiles11.TIF,161,67.33980583,67,2.244965881,149.2815534,146,25.94670321,0,0,0,206
building,/content/CompositeTiles/Composite tiles11.TIF,162,71.11888112,70,5.586559183,116.8251748,112,24.04288554,0,0,0,143
building,/content/CompositeTiles/Composite tiles11.TIF,163,73.1503268,69,8.937525532,124.3267974,117,29.6577052,0,0,0,153
building,/content/CompositeTiles/Composite tiles11.TIF,164,71.29515419,70,6.458687647,146.7753304,146,27.31989818,0,0,0,227
not building,/content/CompositeTiles/Composite tiles11.TIF,165,98.50510204,96,9.531833051,255,255,0,0,0,0,3136
building,/content/CompositeTiles/Composite tiles11.TIF,166,70.41353383,69,5.882467667,132.2255639,127,25.36311232,0,0,0,133
building,/content/CompositeTiles/Composite tiles11.TIF,167,71.19736842,70,3.013215352,136.0328947,127,26.66986713,0,0,0,152
building,/content/CompositeTiles/Composite tiles11.TIF,168,72.01818182,71,8.020785669,159.1272727,150,30.77231413,0,0,0,165
building,/content/CompositeTiles/Composite tiles11.TIF,169,75.36407767,71,12.78342642,123.184466,110,38.6312534,0,0,0,206
building,/content/CompositeTiles/Composite tiles11.TIF,170,71.18064516,70,4.195959605,128.5870968,122,27.68015176,0,0,0,155
building,/content/CompositeTiles/Composite tiles11.TIF,171,70.79553903,70,3.485367526,119.3085502,113,22.99324212,0,0,0,269
building,/content/CompositeTiles/Composite tiles11.TIF,172,73.29957806,72,7.017076807,150.9915612,144,27.63657937,0,0,0,237
building,/content/CompositeTiles/Composite tiles11.TIF,173,71.0733945,71,2.341121906,155.4678899,150,29.20430055,0,0,0,109
building,/content/CompositeTiles/Composite tiles11.TIF,174,80.21487603,78,10.86521982,168.3305785,166,27.02964043,0,0,0,121
building,/content/CompositeTiles/Composite tiles11.TIF,175,67.01626016,67,6.049905919,163.7642276,160,25.42455164,0,0,0,123
building,/content/CompositeTiles/Composite tiles11.TIF,176,69.79347826,69,4.422123343,124.576087,119,24.57916832,0,0,0,184
building,/content/CompositeTiles/Composite tiles11.TIF,177,73.88181818,71.5,10.63590131,127.4727273,123,22.31498033,0,0,0,110
building,/content/CompositeTiles/Composite tiles11.TIF,178,73.09950249,72,5.126271205,156.7313433,153,26.2558681,0,0,0,201
building,/content/CompositeTiles/Composite tiles11.TIF,179,72.28632479,70,6.669171401,140.2606838,130.5,34.05658303,0,0,0,234
building,/content/CompositeTiles/Composite tiles11.TIF,180,70.18518519,69,4.309776335,167.5449735,160,29.54297988,0,0,0,189
building,/content/CompositeTiles/Composite tiles11.TIF,181,80.28472222,79,8.861326082,166.3958333,163.5,23.19189835,0,0,0,144
building,/content/CompositeTiles/Composite tiles11.TIF,182,70.34193548,68,5.757955181,121.6387097,112,28.78572313,0,0,0,155
building,/content/CompositeTiles/Composite tiles11.TIF,183,65.09655172,63,7.000811911,164.0827586,158,35.84997541,0,0,0,145
not building,/content/CompositeTiles/Composite tiles11.TIF,184,165.7019231,164.5,15.54576359,70.20192308,60,30.0267124,0,0,0,104
building,/content/CompositeTiles/Composite tiles11.TIF,185,68.46728972,65,10.00777059,173.5046729,170,15.30217371,0,0,0,107
building,/content/CompositeTiles/Composite tiles11.TIF,186,75.99056604,71,18.54545425,189.9716981,190,25.54812608,0,0,0,106
building,/content/CompositeTiles/Composite tiles11.TIF,187,69.38888889,67,10.12133183,187.8425926,180.5,25.17794524,0,0,0,108
building,/content/CompositeTiles/Composite tiles11.TIF,188,67.04705882,67,2.116633744,132.2647059,118.5,37.74520525,0,0,0,170
building,/content/CompositeTiles/Composite tiles11.TIF,189,68.19626168,68,2.19787175,153.3925234,150,22.26507974,0,0,0,107
not building,/content/CompositeTiles/Composite tiles11.TIF,190,100.3360049,96,27.56554656,211.6048089,219,44.7150292,0,0,0,1622
building,/content/CompositeTiles/Composite tiles11.TIF,191,75.12621359,73,7.575740038,123.3009709,115,30.59755525,0,0,0,103
building,/content/CompositeTiles/Composite tiles11.TIF,192,74.10679612,72,9.241015181,166.5825243,165,30.1908249,0,0,0,103
building,/content/CompositeTiles/Composite tiles11.TIF,193,72.28143713,74,3.353229255,111.7305389,109,11.32822088,0,0,0,167
building,/content/CompositeTiles/Composite tiles11.TIF,194,73.33858268,73,6.219375962,124.0787402,114,28.62480789,0,0,0,127
building,/content/CompositeTiles/Composite tiles11.TIF,195,69.39800995,67,8.416448952,171.0646766,165,26.01015485,0,0,0,201
not building,/content/CompositeTiles/Composite tiles11.TIF,196,120.2222222,120,9.312410411,141.8222222,130,41.82040379,0,0,0,135
building,/content/CompositeTiles/Composite tiles11.TIF,197,73.44285714,72,5.930877348,130.0714286,113.5,37.62325323,0,0,0,140
building,/content/CompositeTiles/Composite tiles11.TIF,198,75.89105058,71,15.04881156,156.0272374,144,42.99438065,0,0,0,514
not building,/content/CompositeTiles/Composite tiles11.TIF,199,82.89539749,80,15.79939421,254.416318,255,6.870614268,0,0,0,478
building,/content/CompositeTiles/Composite tiles11.TIF,200,68.01895735,67,5.627422773,159.2037915,158,17.47119999,0,0,0,211
not building,/content/CompositeTiles/Composite tiles11.TIF,201,93.74630262,75,28.81809935,229.5847554,255,51.08383254,0,0,0,879
building,/content/CompositeTiles/Composite tiles11.TIF,202,70.11158798,69,5.838711537,173.3175966,162.5,28.86385817,0,0,0,466
not building,/content/CompositeTiles/Composite tiles11.TIF,203,110.5558476,121,36.05879045,211.2785808,255,57.92422143,0,0,0,761
building,/content/CompositeTiles/Composite tiles11.TIF,204,67.00917431,66,4.200252096,131.293578,123,30.3016343,0,0,0,109
building,/content/CompositeTiles/Composite tiles11.TIF,205,64.68351648,64,3.523991984,143.2021978,132,28.65142529,0,0,0,455
not building,/content/CompositeTiles/Composite tiles11.TIF,206,128.9304813,147,37.81096354,109.5721925,103,36.35900725,0,0,0,187
not building,/content/CompositeTiles/Composite tiles11.TIF,207,144.6570862,146,18.0766826,145.3508424,131,51.3978034,0,0,0,1009
not building,/content/CompositeTiles/Composite tiles11.TIF,208,151.9444444,158.5,17.90907616,146.015873,120.5,62.27588187,0,0,0,126
not building,/content/CompositeTiles/Composite tiles11.TIF,209,156.1925643,156,14.73422318,159.650143,145,64.79039021,0,0,0,1049
not building,/content/CompositeTiles/Composite tiles11.TIF,210,148.0746269,148,10.62215852,117.8656716,107,48.19252296,0,0,0,134
building,/content/CompositeTiles/Composite tiles11.TIF,211,73.4173913,71,7.341345225,122.3652174,110,36.70335382,0,0,0,115
not building,/content/CompositeTiles/Composite tiles11.TIF,212,91.18508997,79,27.00836172,255,255,0,0,0,0,389
not building,/content/CompositeTiles/Composite tiles11.TIF,213,147.7963636,149.5,9.334315257,238.9,237,8.580474664,0,0,0,550
building,/content/CompositeTiles/Composite tiles11.TIF,214,80.6,79,8.202151798,125.4117647,122,19.18227989,0,0,0,85
building,/content/CompositeTiles/Composite tiles11.TIF,215,78.65555556,74,12.17571455,119.2666667,115.5,16.28755489,0,0,0,90
building,/content/CompositeTiles/Composite tiles11.TIF,216,71.75,68,9.577099422,166.8166667,165,9.424244738,0,0,0,60
building,/content/CompositeTiles/Composite tiles11.TIF,217,67.654,67,4.997427738,179.928,180,18.31640838,0,0,0,500
building,/content/CompositeTiles/Composite tiles11.TIF,218,71.4,70,6.906725501,179.9895238,161,65.90899126,0,0,0,1050
building,/content/CompositeTiles/Composite tiles11.TIF,219,82.51219512,78,13.90932649,192.4634146,189,13.51620087,0,0,0,41
building,/content/CompositeTiles/Composite tiles11.TIF,220,73.67485822,71,7.99031498,122.3137996,116,25.01001347,0,0,0,529
not building,/content/CompositeTiles/Composite tiles11.TIF,221,158.6615385,160,10.47528509,132.6153846,120,56.53907901,0,0,0,65
building,/content/CompositeTiles/Composite tiles11.TIF,222,72.17138103,73,3.467305761,113.4409318,111,11.17834199,0,0,0,601
not building,/content/CompositeTiles/Composite tiles11.TIF,223,104.0531061,94,34.93810538,226.1611905,255,45.85657378,0,0,0,26174
not building,/content/CompositeTiles/Composite tiles11.TIF,224,70.734375,67,9.50861811,184.484375,181,16.23267556,0,0,0,64
building,/content/CompositeTiles/Composite tiles11.TIF,225,66.40083428,66,3.960619484,196.0128934,255,65.60135628,0,0,0,2637
not building,/content/CompositeTiles/Composite tiles11.TIF,226,120.02,107,29.51846202,108.3,92.5,51.27426255,0,0,0,50
not building,/content/CompositeTiles/Composite tiles11.TIF,227,101.0588235,96,17.51460093,156.0588235,161,23.76470588,0,0,0,17
not building,/content/CompositeTiles/Composite tiles11.TIF,228,170.020202,169,7.812163267,202.0505051,206,45.62924229,0,0,0,99
not building,/content/CompositeTiles/Composite tiles11.TIF,229,127.5,136,24.3009406,191.1785714,186.5,44.96272549,0,0,0,28
not building,/content/CompositeTiles/Composite tiles11.TIF,230,176.3030303,180,15.58259489,80.33333333,68.5,32.92430866,0,0,0,66
not building,/content/CompositeTiles/Composite tiles11.TIF,231,148.8717949,144,12.95787947,126.0512821,109,35.73402366,0,0,0,39
building,/content/CompositeTiles/Composite tiles11.TIF,232,65.25,64,6.286559738,170.4444444,156,29.72227414,0,0,0,36
not building,/content/CompositeTiles/Composite tiles11.TIF,233,160.8571429,159,6.663945023,145.952381,137,35.99136959,0,0,0,21
building,/content/CompositeTiles/Composite tiles11.TIF,234,75.97368421,73.5,8.394819336,174.1578947,162,40.49498105,0,0,0,76
not building,/content/CompositeTiles/Composite tiles11.TIF,235,76.8,78,4.308131846,197.8,198,11.12474719,0,0,0,5
not building,/content/CompositeTiles/Composite tiles11.TIF,236,153.7142857,152,4.977500397,221,212,26.44130967,0,0,0,7
not building,/content/CompositeTiles/Composite tiles11.TIF,237,149.75,150,1.785357107,199,196.5,7.842193571,0,0,0,4
not building,/content/CompositeTiles/Composite tiles11.TIF,238,156.5,157,4.694221372,143.1071429,136.5,31.76176867,0,0,0,28
building,/content/CompositeTiles/Composite tiles11.TIF,239,75.13282937,71,12.23812785,106.7980562,100,27.02804792,0,0,0,926
not building,/content/CompositeTiles/Composite tiles11.TIF,240,147.0847458,148,4.780923021,119.4237288,109,43.61472438,0,0,0,59
building,/content/CompositeTiles/Composite tiles11.TIF,241,68.77679697,67,11.18916186,189.629256,194,52.23377224,0,0,0,793
not building,/content/CompositeTiles/Composite tiles11.TIF,242,187.3854167,190,11.52114884,158.3333333,154,31.04488238,0,0,0,96
building,/content/CompositeTiles/Composite tiles11.TIF,243,71.75757576,66,14.44746031,228.7272727,229,10.25810168,0,0,0,33
not building,/content/CompositeTiles/Composite tiles11.TIF,244,85.79487179,83,17.81123167,213.3333333,212,11.18454367,0,0,0,39
not building,/content/CompositeTiles/Composite tiles11.TIF,245,135.9980901,137,9.525230493,254.9814887,255,1.368152574,0,0,0,20420
not building,/content/CompositeTiles/Composite tiles11.TIF,246,138.4791652,149,31.42856211,254.8753472,255,2.841340256,0,0,0,14039
not building,/content/CompositeTiles/Composite tiles11.TIF,247,141.4912281,138,14.35040535,144.6140351,139,32.70535896,0,0,0,57
building,/content/CompositeTiles/Composite tiles11.TIF,248,67.77941176,68,3.176640791,186.4338235,189,32.3939905,0,0,0,272
not building,/content/CompositeTiles/Composite tiles11.TIF,249,136.532968,138,22.03617994,254.9058535,255,2.742680446,0,0,0,35944
not building,/content/CompositeTiles/Composite tiles11.TIF,250,136.0337095,137,10.18163727,254.9809697,255,1.358942943,0,0,0,20914
not building,/content/CompositeTiles/Composite tiles11.TIF,251,115.4859898,127,44.09494859,208.7264434,255,67.01215998,0,0,0,7673
building,/content/CompositeTiles/Composite tiles11.TIF,252,81.24742268,77,15.33342883,121.1443299,112,29.40404267,0,0,0,97
not building,/content/CompositeTiles/Composite tiles11.TIF,253,95.55977643,85,29.76506906,225.4146862,255,53.03782634,0,0,0,22007
not building,/content/CompositeTiles/Composite tiles11.TIF,254,128.175,128,7.88634104,134.3875,117,70.29357968,0,0,0,80
building,/content/CompositeTiles/Composite tiles11.TIF,255,66.74242424,67,5.763812412,178.6818182,176.5,16.17813629,0,0,0,66
building,/content/CompositeTiles/Composite tiles11.TIF,256,82.57333333,76,18.80012293,120.7866667,111,39.90999652,0,0,0,75
building,/content/CompositeTiles/Composite tiles11.TIF,257,68.46428571,66.5,6.035502955,171.6785714,164,31.75751157,0,0,0,56
not building,/content/CompositeTiles/Composite tiles11.TIF,258,103.4952326,101,30.33734615,222.934701,255,42.85843209,0,0,0,3461
not building,/content/CompositeTiles/Composite tiles11.TIF,259,133.8979592,142,22.52277296,231.6122449,236,23.25266395,0,0,0,49
building,/content/CompositeTiles/Composite tiles11.TIF,260,75.81137725,72,9.651892676,99.45209581,66,52.02028432,0,0,0,334
building,/content/CompositeTiles/Composite tiles11.TIF,261,62.89690722,62,4.253523793,145.6391753,143,23.38965564,0,0,0,97
not building,/content/CompositeTiles/Composite tiles11.TIF,262,76.34482759,74,8.964588811,123.4482759,116,34.29344585,0,0,0,29
not building,/content/CompositeTiles/Composite tiles11.TIF,263,75.06521739,75,2.325680582,199.9347826,195.5,16.80760979,0,0,0,46
not building,/content/CompositeTiles/Composite tiles11.TIF,264,76.68965517,78,4.631998513,198.1724138,215,46.83652345,0,0,0,29
not building,/content/CompositeTiles/Composite tiles11.TIF,265,145.9021739,144,9.558810849,118.0108696,98,56.29454653,0,0,0,92
not building,/content/CompositeTiles/Composite tiles11.TIF,266,83,69,25.03190946,200.245614,196,20.49499785,0,0,0,57
not building,/content/CompositeTiles/Composite tiles11.TIF,267,147.1590909,145,8.104272672,99.45454545,90,43.57827573,0,0,0,44
not building,/content/CompositeTiles/Composite tiles11.TIF,268,131.9593496,134,22.64192757,74.02439024,61,38.97893186,0,0,0,123
building,/content/CompositeTiles/Composite tiles12.TIF,0,77.26557377,76,5.390181883,103.2622951,102,11.70694293,0,0,0,305
building,/content/CompositeTiles/Composite tiles12.TIF,1,68.00192827,65,11.97389161,159.6270729,162,49.28767714,0,0,0,2593
not building,/content/CompositeTiles/Composite tiles12.TIF,2,155.6617733,157,8.364579946,254.102761,255,3.993144787,0,0,0,10286
not building,/content/CompositeTiles/Composite tiles12.TIF,3,87.70803662,81,19.84541496,254.3672431,255,3.796684124,0,0,0,2949
building,/content/CompositeTiles/Composite tiles12.TIF,4,68.55194805,68,3.3960294,166.3376623,163,24.04385084,0,0,0,154
not building,/content/CompositeTiles/Composite tiles12.TIF,5,155.5968992,156,12.00840751,165.7170543,149,56.11409836,0,0,0,258
not building,/content/CompositeTiles/Composite tiles12.TIF,6,157.8510929,157,12.98674025,226.8244536,255,42.01492615,0,0,0,1464
not building,/content/CompositeTiles/Composite tiles12.TIF,7,155.7458194,155,10.6524107,183.735786,180,53.55590106,0,0,0,299
building,/content/CompositeTiles/Composite tiles12.TIF,8,64.5112782,65.5,7.309090582,107.6654135,107,4.132314342,0,0,0,532
not building,/content/CompositeTiles/Composite tiles12.TIF,9,164.1057325,163,11.8178438,189.1452229,197.5,62.41428716,0,0,0,1570
not building,/content/CompositeTiles/Composite tiles12.TIF,10,143.192185,141,13.93350246,246.7232855,255,30.71322544,0,0,0,1254
building,/content/CompositeTiles/Composite tiles12.TIF,11,65.032,65,2.750813698,127.088,127,18.52048207,0,0,0,125
not building,/content/CompositeTiles/Composite tiles12.TIF,12,118.7692308,131,26.60004004,162.6769231,151,43.57155307,0,0,0,130
not building,/content/CompositeTiles/Composite tiles12.TIF,13,159.8275,159,9.888262929,201.76,202,48.52831545,0,0,0,400
building,/content/CompositeTiles/Composite tiles12.TIF,14,63.86255924,64,5.711472705,157.1090047,162,12.22120232,0,0,0,211
not building,/content/CompositeTiles/Composite tiles12.TIF,15,143.8754448,147,10.64112759,242.5800712,246,12.80019578,0,0,0,281
building,/content/CompositeTiles/Composite tiles12.TIF,16,61.66840278,61,3.878283763,171.0347222,169,13.50933998,0,0,0,576
building,/content/CompositeTiles/Composite tiles12.TIF,17,62.28195489,61,4.431539975,101.6842105,97.5,18.26182526,0,0,0,266
building,/content/CompositeTiles/Composite tiles12.TIF,18,67.07042254,65,5.382960275,91.78873239,87,21.4753372,0,0,0,213
building,/content/CompositeTiles/Composite tiles12.TIF,19,62.6405694,62,3.932118636,119.7046263,114,23.85532342,0,0,0,281
building,/content/CompositeTiles/Composite tiles12.TIF,20,62.71119134,62,3.678847384,112.8555957,109,19.02043589,0,0,0,277
building,/content/CompositeTiles/Composite tiles12.TIF,21,65.76315789,66,2.424870315,112.8421053,109,18.64542198,0,0,0,266
building,/content/CompositeTiles/Composite tiles12.TIF,22,65.83870968,63,8.968391715,104.0064516,100,19.81087898,0,0,0,155
building,/content/CompositeTiles/Composite tiles12.TIF,23,61.34090909,61,2.703055357,117.6863636,112,22.04369206,0,0,0,220
building,/content/CompositeTiles/Composite tiles12.TIF,24,62.85806452,62,3.067916619,110.2387097,106,20.80883307,0,0,0,155
building,/content/CompositeTiles/Composite tiles12.TIF,25,63.07482993,63,1.979790532,113.4421769,110,16.49412563,0,0,0,147
building,/content/CompositeTiles/Composite tiles12.TIF,26,60.90909091,60,3.916808125,117.1608392,113,18.56067365,0,0,0,143
building,/content/CompositeTiles/Composite tiles12.TIF,27,62.12751678,61,5.500809691,129.5838926,124,23.54578595,0,0,0,149
building,/content/CompositeTiles/Composite tiles12.TIF,28,63.03883495,62,9.628963519,118.8543689,114,22.46784445,0,0,0,103
building,/content/CompositeTiles/Composite tiles12.TIF,29,70.77220077,64,18.06889003,155.2007722,148,25.88208783,0,0,0,259
building,/content/CompositeTiles/Composite tiles12.TIF,30,61.38502674,61,4.087464909,121.4572193,113,30.41850757,0,0,0,374
building,/content/CompositeTiles/Composite tiles12.TIF,31,61.89735099,60,5.473541985,157.4602649,156,22.84449469,0,0,0,302
building,/content/CompositeTiles/Composite tiles12.TIF,32,69.42176871,71,9.745695139,152.2040816,145,22.09655336,0,0,0,147
building,/content/CompositeTiles/Composite tiles12.TIF,33,68.85411141,64,16.89387817,171.8488064,176,33.55546428,0,0,0,377
not building,/content/CompositeTiles/Composite tiles12.TIF,34,159.2016807,162,14.7309654,177.6764706,167.5,58.43958628,0,0,0,238
building,/content/CompositeTiles/Composite tiles12.TIF,35,67.45933014,66,5.382900583,115.5167464,110,25.54423796,0,0,0,209
not building,/content/CompositeTiles/Composite tiles12.TIF,36,170.5433071,171,7.767037058,180.7637795,176,57.9723606,0,0,0,127
not building,/content/CompositeTiles/Composite tiles12.TIF,37,128.3517241,147,36.93502173,160.0206897,145,58.3407906,0,0,0,435
not building,/content/CompositeTiles/Composite tiles12.TIF,38,161.6633166,163,14.60784573,151.3819095,142,55.35926404,0,0,0,199
building,/content/CompositeTiles/Composite tiles12.TIF,39,63.1025641,63,2.864861135,108.8974359,104,21.24586822,0,0,0,156
not building,/content/CompositeTiles/Composite tiles12.TIF,40,155.866699,156,4.815266068,240.565681,243,13.96493167,0,0,0,2063
building,/content/CompositeTiles/Composite tiles12.TIF,41,67.05400697,63,9.851628015,132.2212544,107,56.00237832,0,0,0,574
not building,/content/CompositeTiles/Composite tiles12.TIF,42,60.57211538,58,9.299224086,253.1682692,255,10.60911948,0,0,0,208
building,/content/CompositeTiles/Composite tiles12.TIF,43,66.1344086,66,6.81776608,134.7849462,116,39.61259967,0,0,0,186
not building,/content/CompositeTiles/Composite tiles12.TIF,44,150.3905997,154,17.28945423,254.2382496,255,4.692830027,0,0,0,617
not building,/content/CompositeTiles/Composite tiles12.TIF,45,69.69126378,64,15.33708384,228.2222222,255,43.2432983,0,0,0,1179
not building,/content/CompositeTiles/Composite tiles12.TIF,46,159.717608,163,16.98944334,251.0232558,255,10.69151202,0,0,0,301
building,/content/CompositeTiles/Composite tiles12.TIF,47,61.52597403,62,3.106754376,118.1688312,112,28.19109309,0,0,0,154
building,/content/CompositeTiles/Composite tiles12.TIF,48,61.51748252,61,3.017091516,130.6433566,121,34.02331689,0,0,0,143
not building,/content/CompositeTiles/Composite tiles12.TIF,49,150.9480769,149,18.66360084,135.7076923,122,56.81352035,0,0,0,520
building,/content/CompositeTiles/Composite tiles12.TIF,50,63.90780142,63,2.970065093,116.0496454,113,15.21259568,0,0,0,141
building,/content/CompositeTiles/Composite tiles12.TIF,51,65.73202614,65,5.246855935,117.130719,113,19.86019529,0,0,0,153
building,/content/CompositeTiles/Composite tiles12.TIF,52,66.43396226,66,3.189069977,118.0440252,113,18.83905548,0,0,0,159
building,/content/CompositeTiles/Composite tiles12.TIF,53,62.62745098,62,1.507637866,120.4117647,117,16.79889874,0,0,0,102
building,/content/CompositeTiles/Composite tiles12.TIF,54,61.71812081,62,3.252424056,115.8657718,112,16.8712685,0,0,0,149
building,/content/CompositeTiles/Composite tiles12.TIF,55,66.59558824,65,3.692955688,147.4044118,145,19.69823024,0,0,0,136
building,/content/CompositeTiles/Composite tiles12.TIF,56,64.075,63,3.922504515,125.5833333,118,27.40942154,0,0,0,120
building,/content/CompositeTiles/Composite tiles12.TIF,57,63.57522124,62,8.238486533,116.7787611,111,20.15854614,0,0,0,113
building,/content/CompositeTiles/Composite tiles12.TIF,58,66.55405405,66,3.820789121,154.9256757,153,19.38656933,0,0,0,148
building,/content/CompositeTiles/Composite tiles12.TIF,59,65.00961538,63,6.078801742,118.8365385,116.5,18.48965957,0,0,0,104
building,/content/CompositeTiles/Composite tiles12.TIF,60,63.89189189,63,4.412005226,155.2162162,153,17.81506873,0,0,0,111
building,/content/CompositeTiles/Composite tiles12.TIF,61,63.98039216,64,2.029103889,128.0294118,122,25.03818883,0,0,0,102
building,/content/CompositeTiles/Composite tiles12.TIF,62,75.33333333,72,12.67418323,136.8650794,129,26.68343317,0,0,0,126
building,/content/CompositeTiles/Composite tiles12.TIF,63,67.19858156,66,4.717884876,156.4822695,154,21.53130752,0,0,0,141
building,/content/CompositeTiles/Composite tiles12.TIF,64,64.97575758,65,2.67072006,152.7424242,146.5,25.50051135,0,0,0,330
building,/content/CompositeTiles/Composite tiles12.TIF,65,66.08571429,65,5.023969756,110.9714286,107,18.90550796,0,0,0,105
building,/content/CompositeTiles/Composite tiles12.TIF,66,64.0776699,64,2.070079593,122.961165,119,19.58695937,0,0,0,103
not building,/content/CompositeTiles/Composite tiles12.TIF,67,166.7531646,168.5,14.8250074,172.6962025,165,60.89363094,0,0,0,158
not building,/content/CompositeTiles/Composite tiles12.TIF,68,133.3603604,134,22.7895949,166.4234234,153,59.23195351,0,0,0,111
building,/content/CompositeTiles/Composite tiles12.TIF,69,64.37853107,65,3.199256992,149.5084746,145,21.00070449,0,0,0,177
not building,/content/CompositeTiles/Composite tiles12.TIF,70,85.75304878,80,19.25922308,247.4847561,255,20.46546197,0,0,0,328
building,/content/CompositeTiles/Composite tiles12.TIF,71,66.08387097,63,7.932745397,149.9935484,144,24.33993049,0,0,0,155
building,/content/CompositeTiles/Composite tiles12.TIF,72,65.89090909,64,6.578678307,130.8909091,125,23.8713771,0,0,0,110
building,/content/CompositeTiles/Composite tiles12.TIF,73,63.3220339,63,1.826738113,142.1355932,137,20.56528062,0,0,0,118
not building,/content/CompositeTiles/Composite tiles12.TIF,74,148.4352617,149,20.34463593,144.2093664,131,58.97102263,0,0,0,363
not building,/content/CompositeTiles/Composite tiles12.TIF,75,141.8803419,146,19.11108435,99.84615385,95,28.80426588,0,0,0,117
building,/content/CompositeTiles/Composite tiles12.TIF,76,63.36363636,64,2.463284108,126.2272727,117,26.75296384,0,0,0,110
building,/content/CompositeTiles/Composite tiles12.TIF,77,64.5234375,64,3.50661171,112.7890625,108.5,13.8860611,0,0,0,128
building,/content/CompositeTiles/Composite tiles12.TIF,78,68.07272727,68,3.937486718,139,138,18.35508352,0,0,0,110
building,/content/CompositeTiles/Composite tiles12.TIF,79,71.86842105,70,6.037184713,164.7719298,160,31.44670654,0,0,0,114
not building,/content/CompositeTiles/Composite tiles12.TIF,80,140.4695122,144,17.80395399,106.3414634,96,40.35005954,0,0,0,164
not building,/content/CompositeTiles/Composite tiles12.TIF,81,103.5468589,101,33.51865334,220.9639547,255,49.13473498,0,0,0,971
not building,/content/CompositeTiles/Composite tiles12.TIF,82,129.6,130,14.80766785,251.7135135,255,11.05461044,0,0,0,185
building,/content/CompositeTiles/Composite tiles12.TIF,83,68.34375,66,8.004332323,165.0104167,160,31.16153973,0,0,0,192
building,/content/CompositeTiles/Composite tiles12.TIF,84,71.38613861,69,7.066824314,178.980198,179,24.79499319,0,0,0,101
not building,/content/CompositeTiles/Composite tiles12.TIF,85,78.37209302,103.5,68.75293592,50.8255814,7,87.76411195,0,0,0,172
building,/content/CompositeTiles/Composite tiles12.TIF,86,67.99684543,66,8.250991116,161.6624606,156,28.48846594,0,0,0,317
building,/content/CompositeTiles/Composite tiles12.TIF,87,61.4765343,61,3.395206577,119.4187726,115,22.15236233,0,0,0,277
building,/content/CompositeTiles/Composite tiles12.TIF,88,67.00934579,66,4.163695625,114.6261682,110,20.4169269,0,0,0,107
building,/content/CompositeTiles/Composite tiles12.TIF,89,65.22,64,3.537174013,111.05,108,17.46160073,0,0,0,100
building,/content/CompositeTiles/Composite tiles12.TIF,90,65.05434783,64,5.748088776,125.5652174,120,22.24434679,0,0,0,184
building,/content/CompositeTiles/Composite tiles12.TIF,91,60.37864078,60,4.805168142,114.7961165,112,17.56947884,0,0,0,103
building,/content/CompositeTiles/Composite tiles12.TIF,92,60.68627451,60,4.964541707,125.9705882,121,25.12301339,0,0,0,102
building,/content/CompositeTiles/Composite tiles12.TIF,93,60.02803738,59,3.908911324,117.1588785,112,23.6335535,0,0,0,107
building,/content/CompositeTiles/Composite tiles12.TIF,94,63.54491018,63,3.761937625,131.1497006,127,23.46934011,0,0,0,167
building,/content/CompositeTiles/Composite tiles12.TIF,95,62.27574171,62,4.547678926,119.8219895,113,29.62681922,0,0,0,573
building,/content/CompositeTiles/Composite tiles12.TIF,96,63.10810811,63,3.06197649,120.045045,113,26.2988327,0,0,0,111
building,/content/CompositeTiles/Composite tiles12.TIF,97,64.94594595,64,5.339531035,134.6081081,124,29.43697692,0,0,0,222
building,/content/CompositeTiles/Composite tiles12.TIF,98,60.70623145,60,5.648433231,124.768546,118,28.2711514,0,0,0,337
not building,/content/CompositeTiles/Composite tiles12.TIF,99,128.8499226,138,37.62508331,201.8834451,212,54.63668581,0,0,0,1939
building,/content/CompositeTiles/Composite tiles12.TIF,100,62.86538462,63,3.513867287,116.6730769,109.5,25.28356197,0,0,0,104
not building,/content/CompositeTiles/Composite tiles12.TIF,101,162.1538462,160.5,9.206779725,156.9038462,145.5,58.25169513,0,0,0,104
building,/content/CompositeTiles/Composite tiles12.TIF,102,61.74025974,61,4.356479908,129.5157699,116,40.6910304,0,0,0,539
building,/content/CompositeTiles/Composite tiles12.TIF,103,64.90140845,63,6.119824469,124.5323944,107,46.80400782,0,0,0,355
building,/content/CompositeTiles/Composite tiles12.TIF,104,64.41322314,61,12.26880033,134.9752066,118,46.98504471,0,0,0,121
building,/content/CompositeTiles/Composite tiles12.TIF,105,58.5,59,9.702466205,141.3738318,124.5,46.13481329,0,0,0,214
building,/content/CompositeTiles/Composite tiles12.TIF,106,68.29757785,62,16.63098458,159.716263,126,63.06915888,0,0,0,289
building,/content/CompositeTiles/Composite tiles12.TIF,107,59.6424581,59,4.455313392,116.2905028,111,21.21095083,0,0,0,179
building,/content/CompositeTiles/Composite tiles12.TIF,108,65.57303371,66,3.070535243,121.2059925,114,27.4980197,0,0,0,267
building,/content/CompositeTiles/Composite tiles12.TIF,109,60.29279279,60,2.197427313,124.4774775,114.5,34.68087378,0,0,0,222
building,/content/CompositeTiles/Composite tiles12.TIF,110,67.89285714,65,9.31992325,147.9234694,143,23.82224265,0,0,0,196
building,/content/CompositeTiles/Composite tiles12.TIF,111,69.23837209,67,6.59599365,164.005814,156,34.09826721,0,0,0,172
building,/content/CompositeTiles/Composite tiles12.TIF,112,61.55844156,61,2.21853764,116.2857143,108,32.95196181,0,0,0,231
building,/content/CompositeTiles/Composite tiles12.TIF,113,63.44859813,63,2.711118143,123.2336449,118,18.46824981,0,0,0,107
building,/content/CompositeTiles/Composite tiles12.TIF,114,74.27727273,70,12.02876975,95.75,86,32.89081455,0,0,0,220
building,/content/CompositeTiles/Composite tiles12.TIF,115,61.5704698,61,2.79322054,114.1946309,108,26.07981499,0,0,0,149
building,/content/CompositeTiles/Composite tiles12.TIF,116,248.5746047,255,39.96486064,248.5746047,255,39.96486064,248.5746047,255,39.96486064,2024
building,/content/CompositeTiles/Composite tiles12.TIF,117,67.83229814,67,3.069052143,112.3602484,108,22.6563725,0,0,0,161
building,/content/CompositeTiles/Composite tiles12.TIF,118,68.43046358,67,6.048928463,125.8476821,120,25.57646589,0,0,0,151
building,/content/CompositeTiles/Composite tiles12.TIF,119,64.01324503,63,5.538530605,154.2251656,152,18.41183473,0,0,0,151
building,/content/CompositeTiles/Composite tiles12.TIF,120,64.48051948,64,3.009122017,131.6818182,127,26.46038562,0,0,0,154
not building,/content/CompositeTiles/Composite tiles12.TIF,121,150.8660281,153,11.94839806,253.8227194,255,5.602467758,0,0,0,41031
building,/content/CompositeTiles/Composite tiles12.TIF,122,61.04516129,62,3.148664715,122.8903226,116,27.90758198,0,0,0,155
building,/content/CompositeTiles/Composite tiles12.TIF,123,70.86607143,67,10.42875107,150.3125,145,27.41839556,0,0,0,112
building,/content/CompositeTiles/Composite tiles12.TIF,124,61.49056604,61,2.438857152,112.9339623,107.5,24.20091565,0,0,0,106
building,/content/CompositeTiles/Composite tiles12.TIF,125,65.07407407,65,3.325835188,125.1037037,114,36.49074445,0,0,0,135
building,/content/CompositeTiles/Composite tiles12.TIF,126,63.33986928,63,3.479469944,146.2287582,142,22.74568026,0,0,0,153
building,/content/CompositeTiles/Composite tiles12.TIF,127,66.78151261,65,3.712707372,112.8067227,108,21.27462579,0,0,0,119
building,/content/CompositeTiles/Composite tiles12.TIF,128,64.4952381,64,1.962135909,126.3714286,123,19.23897688,0,0,0,105
building,/content/CompositeTiles/Composite tiles12.TIF,129,63.89473684,63,4.399697799,116.6447368,110,25.92636534,0,0,0,152
building,/content/CompositeTiles/Composite tiles12.TIF,130,67.76984127,66,8.446998808,158.7777778,154,25.61896894,0,0,0,126
building,/content/CompositeTiles/Composite tiles12.TIF,131,68.9537037,67,5.90257988,140.7592593,133,27.63280068,0,0,0,108
building,/content/CompositeTiles/Composite tiles12.TIF,132,61.2745098,61,2.454115642,126.1666667,115,36.16006988,0,0,0,102
building,/content/CompositeTiles/Composite tiles12.TIF,133,61.76237624,61,3.00213955,116.7821782,109,25.41247996,0,0,0,101
building,/content/CompositeTiles/Composite tiles12.TIF,134,64.62345679,63,4.822805177,113.9197531,105,30.70267178,0,0,0,162
building,/content/CompositeTiles/Composite tiles12.TIF,135,65.25170068,66,3.688266996,140.9047619,140,17.71748563,0,0,0,147
building,/content/CompositeTiles/Composite tiles12.TIF,136,61.25233645,61,2.948446313,123.728972,114,30.03349224,0,0,0,107
building,/content/CompositeTiles/Composite tiles12.TIF,137,65.46956522,65,2.914198343,135.8608696,125,34.7274824,0,0,0,115
building,/content/CompositeTiles/Composite tiles12.TIF,138,65.264,64,5.184814751,115.288,107,25.68449057,0,0,0,125
building,/content/CompositeTiles/Composite tiles12.TIF,139,67.96363636,68,2.23170246,160.8424242,155,29.66784843,0,0,0,165
building,/content/CompositeTiles/Composite tiles12.TIF,140,68.49295775,67,5.842711216,155.8450704,150,28.68903107,0,0,0,142
building,/content/CompositeTiles/Composite tiles12.TIF,141,67.06306306,66,4.908678249,147.8558559,141,26.60821754,0,0,0,111
building,/content/CompositeTiles/Composite tiles12.TIF,142,63.29,63,6.221406593,120.9,116,22.62100794,0,0,0,100
building,/content/CompositeTiles/Composite tiles12.TIF,143,61.83168317,61,4.224092396,133.1386139,121,37.48769559,0,0,0,101
building,/content/CompositeTiles/Composite tiles12.TIF,144,65.23636364,65,3.492660545,124.8818182,118,23.78530173,0,0,0,110
building,/content/CompositeTiles/Composite tiles12.TIF,145,63.56,62,6.285411681,122.8,118.5,23.28432949,0,0,0,100
building,/content/CompositeTiles/Composite tiles12.TIF,146,62.21782178,61,7.52895922,122.990099,118,22.72674311,0,0,0,101
building,/content/CompositeTiles/Composite tiles12.TIF,147,64.40666667,65,5.727240949,178.0533333,168,26.65052511,0,0,0,150
building,/content/CompositeTiles/Composite tiles12.TIF,148,62.97058824,62,5.492340268,129.8039216,116,39.90602668,0,0,0,102
building,/content/CompositeTiles/Composite tiles12.TIF,149,69.69369369,68,8.969209385,151.0630631,147,24.98405952,0,0,0,111
building,/content/CompositeTiles/Composite tiles12.TIF,150,60.54205607,61,4.83035645,117.9906542,111,27.45446368,0,0,0,107
not building,/content/CompositeTiles/Composite tiles12.TIF,151,67.75528701,63,14.45099838,254.4924471,255,4.905367649,0,0,0,331
building,/content/CompositeTiles/Composite tiles12.TIF,152,60.22727273,60,2.722495817,124.8818182,112,39.35750635,0,0,0,110
building,/content/CompositeTiles/Composite tiles12.TIF,153,67.71,67,5.490528208,148.48,146,17.77272067,0,0,0,100
building,/content/CompositeTiles/Composite tiles12.TIF,154,62.88235294,62,3.633434387,129.3921569,120,29.64203324,0,0,0,102
building,/content/CompositeTiles/Composite tiles12.TIF,155,64.16230366,65,4.202946228,159.460733,157,23.63193503,0,0,0,191
building,/content/CompositeTiles/Composite tiles12.TIF,156,67.49090909,67,5.144715655,134.4363636,130,19.82171778,0,0,0,110
building,/content/CompositeTiles/Composite tiles12.TIF,157,68.95,66,10.60035377,129.97,125.5,20.66758573,0,0,0,100
building,/content/CompositeTiles/Composite tiles12.TIF,158,62.26470588,62,3.010362725,128.6617647,110.5,41.82723933,0,0,0,136
building,/content/CompositeTiles/Composite tiles12.TIF,159,63.89400922,64,1.644096003,149.764977,148,22.39167614,0,0,0,217
not building,/content/CompositeTiles/Composite tiles12.TIF,160,145.1858407,147,14.01329879,167.7699115,160.5,51.33363176,0,0,0,226
building,/content/CompositeTiles/Composite tiles12.TIF,161,66.75213675,66,3.532283305,138.1709402,133,25.38533482,0,0,0,117
building,/content/CompositeTiles/Composite tiles12.TIF,162,61.2293578,62,5.266534518,121.2568807,111,35.11982207,0,0,0,109
not building,/content/CompositeTiles/Composite tiles12.TIF,163,98.92464967,75,38.7701743,227.4387779,255,45.09281832,0,0,0,4353
building,/content/CompositeTiles/Composite tiles12.TIF,164,60.30828516,61,4.922261643,134.256262,113,50.70510376,0,0,0,519
building,/content/CompositeTiles/Composite tiles12.TIF,165,61.05405405,61,3.952050073,129.1261261,116,38.26769558,0,0,0,111
building,/content/CompositeTiles/Composite tiles12.TIF,166,70.61764706,68,8.468851946,141.7720588,136.5,27.8855241,0,0,0,136
building,/content/CompositeTiles/Composite tiles12.TIF,167,254.0473225,255,15.55715777,254.0473225,255,15.55715777,254.0473225,255,15.55715777,803
building,/content/CompositeTiles/Composite tiles12.TIF,168,62.78899083,62,4.197144933,120.440367,111,31.58109735,0,0,0,109
building,/content/CompositeTiles/Composite tiles12.TIF,169,65.81818182,66,1.489526905,152.3846154,146,24.47859721,0,0,0,143
building,/content/CompositeTiles/Composite tiles12.TIF,170,68.30821918,68,2.313051322,152.1369863,147,27.84168308,0,0,0,146
building,/content/CompositeTiles/Composite tiles12.TIF,171,68.66225166,66,6.425206382,129.4900662,118,35.16034558,0,0,0,151
building,/content/CompositeTiles/Composite tiles12.TIF,172,66.40939597,65,6.291587462,164.7315436,154,34.88054993,0,0,0,149
building,/content/CompositeTiles/Composite tiles12.TIF,173,62.76436782,63,4.807405136,142.6896552,126.5,38.87832784,0,0,0,174
building,/content/CompositeTiles/Composite tiles12.TIF,174,63.50259067,64,2.408156159,152.7720207,146,29.98781868,0,0,0,386
building,/content/CompositeTiles/Composite tiles12.TIF,175,68.22164948,68,2.507174316,165.1134021,161,35.60171324,0,0,0,194
building,/content/CompositeTiles/Composite tiles12.TIF,176,66.11382114,61,14.92158542,210.8617886,208,16.33158703,0,0,0,123
not building,/content/CompositeTiles/Composite tiles12.TIF,177,92.09214092,73,35.33835166,229.9981933,255,44.31164438,0,0,0,3321
not building,/content/CompositeTiles/Composite tiles12.TIF,178,74.0385289,69,14.36582052,222.497373,255,47.20545595,0,0,0,571
building,/content/CompositeTiles/Composite tiles12.TIF,179,65.41584158,65,3.89024504,130.7227723,128,20.14409419,0,0,0,101
building,/content/CompositeTiles/Composite tiles12.TIF,180,65.9561753,64,7.903934652,135.9681275,114,52.52992867,0,0,0,251
building,/content/CompositeTiles/Composite tiles12.TIF,181,66.40084388,62,12.75010049,157.2489451,117.5,67.44972537,0,0,0,474
building,/content/CompositeTiles/Composite tiles12.TIF,182,64.02877698,62,6.971620216,134.7410072,131,21.48592918,0,0,0,139
building,/content/CompositeTiles/Composite tiles12.TIF,183,56.82291667,56,4.730210513,149.4270833,146,19.11628058,0,0,0,96
not building,/content/CompositeTiles/Composite tiles12.TIF,184,163.1506519,162,12.11630816,193.085466,203,60.72725146,0,0,0,2071
not building,/content/CompositeTiles/Composite tiles12.TIF,185,144.76,141,8.046266215,193.2,191,29.25747768,0,0,0,25
not building,/content/CompositeTiles/Composite tiles12.TIF,186,99.03225806,96,15.3065111,255,255,0,0,0,0,31
not building,/content/CompositeTiles/Composite tiles12.TIF,187,133.1470553,133,11.58634792,254.852345,255,4.145072796,0,0,0,8337
building,/content/CompositeTiles/Composite tiles12.TIF,188,65.36363636,64,4.989796752,127.2575758,124.5,18.53032781,0,0,0,66
building,/content/CompositeTiles/Composite tiles12.TIF,189,63.8255814,61,8.708712372,204.8139535,203,9.921214793,0,0,0,86
not building,/content/CompositeTiles/Composite tiles12.TIF,190,87.74205845,98,21.89296586,254.5146125,255,5.513594376,0,0,0,787
building,/content/CompositeTiles/Composite tiles12.TIF,191,72.73195876,75,4.578108969,149.5876289,144,26.00624532,0,0,0,97
not building,/content/CompositeTiles/Composite tiles12.TIF,192,145.3977273,142,14.93816023,155.4886364,148,57.2573922,0,0,0,88
not building,/content/CompositeTiles/Composite tiles12.TIF,193,100.6335773,86,39.77460453,226.157731,255,56.07032905,0,0,0,10930
building,/content/CompositeTiles/Composite tiles12.TIF,194,64.32183908,62,9.15698873,116.9770115,111,23.35088519,0,0,0,87
building,/content/CompositeTiles/Composite tiles12.TIF,195,67.72164948,67,4.202950039,123.5463918,117,25.21291627,0,0,0,97
building,/content/CompositeTiles/Composite tiles12.TIF,196,65.57534247,65,3.379704973,126.6438356,121,22.58886249,0,0,0,73
building,/content/CompositeTiles/Composite tiles12.TIF,197,67.625,67,2.619040855,127.5833333,117,26.78878289,0,0,0,96
not building,/content/CompositeTiles/Composite tiles12.TIF,198,146.8953488,145,10.8381637,157.3953488,142.5,55.46196666,0,0,0,86
not building,/content/CompositeTiles/Composite tiles12.TIF,199,129.0930233,140.5,28.47872642,167.127907,159,49.94387466,0,0,0,86
not building,/content/CompositeTiles/Composite tiles12.TIF,200,100.9090909,101,13.38149703,159.5272727,151,39.41474322,0,0,0,55
building,/content/CompositeTiles/Composite tiles12.TIF,201,70.12631579,65,16.28447249,143,134,22.06115901,0,0,0,95
not building,/content/CompositeTiles/Composite tiles12.TIF,202,154.9795918,154,5.124928256,152.4693878,149,29.77062108,0,0,0,49
not building,/content/CompositeTiles/Composite tiles12.TIF,203,143,147,15.35543792,178.2631579,169,50.01772539,0,0,0,19
building,/content/CompositeTiles/Composite tiles12.TIF,204,0,0,0,0,0,0,0,0,0,14
building,/content/CompositeTiles/Composite tiles12.TIF,205,60.75531915,61,4.506935955,120.0957447,116.5,18.79399471,0,0,0,94
building,/content/CompositeTiles/Composite tiles12.TIF,206,63.11956522,62,5.293232741,118.4347826,110.5,30.37995061,0,0,0,92
building,/content/CompositeTiles/Composite tiles12.TIF,207,65.69512195,64,5.098275711,124.2560976,118.5,23.08563643,0,0,0,82
building,/content/CompositeTiles/Composite tiles12.TIF,208,63.96551724,62,5.784339293,122.6091954,113,32.20850046,0,0,0,87
building,/content/CompositeTiles/Composite tiles12.TIF,209,58.44736842,59,4.127554191,127.0526316,123.5,16.73154501,0,0,0,76
building,/content/CompositeTiles/Composite tiles12.TIF,210,61.51219512,60.5,4.167949436,118.5121951,112.5,26.72317159,0,0,0,82
building,/content/CompositeTiles/Composite tiles12.TIF,211,60.29473684,60,4.192408388,118.4105263,114,20.70163723,0,0,0,95
building,/content/CompositeTiles/Composite tiles12.TIF,212,62.17948718,61.5,3.388304128,119.8333333,115.5,21.46339559,0,0,0,78
building,/content/CompositeTiles/Composite tiles12.TIF,213,58.11392405,59,4.037756432,134.2151899,129,22.17917308,0,0,0,79
building,/content/CompositeTiles/Composite tiles12.TIF,214,67.6,67,3.36487042,120.8823529,113,28.64649112,0,0,0,85
not building,/content/CompositeTiles/Composite tiles12.TIF,215,58.63157895,57,4.373491034,192.4736842,191,8.158743589,0,0,0,38
building,/content/CompositeTiles/Composite tiles12.TIF,216,60.59663866,61,7.053599508,137.5210084,124,40.79789267,0,0,0,119
building,/content/CompositeTiles/Composite tiles12.TIF,217,63.91463415,63,3.781215508,111.8170732,106.5,23.57247674,0,0,0,82
building,/content/CompositeTiles/Composite tiles12.TIF,218,57.80722892,59,5.848401762,130.3855422,123,29.29609182,0,0,0,83
building,/content/CompositeTiles/Composite tiles12.TIF,219,59.44392523,60,6.295981177,133.7102804,116,47.29150194,0,0,0,214
not building,/content/CompositeTiles/Composite tiles12.TIF,220,144.9090909,143,5.195357114,188.8181818,189,15.55528663,0,0,0,11
not building,/content/CompositeTiles/Composite tiles12.TIF,221,82.96980905,68,30.17925646,226.2646447,255,54.79255351,0,0,0,21629
building,/content/CompositeTiles/Composite tiles12.TIF,222,60.29113924,60,3.561936249,119.7088608,113,29.6494933,0,0,0,79
building,/content/CompositeTiles/Composite tiles12.TIF,223,62.89411765,62,5.208643336,122.9882353,112,34.60244606,0,0,0,85
building,/content/CompositeTiles/Composite tiles12.TIF,224,62.6626506,62,5.71676273,120.2891566,115,20.62022058,0,0,0,83
building,/content/CompositeTiles/Composite tiles12.TIF,225,64.6744186,64,4.470684513,126.8023256,117.5,34.01361553,0,0,0,86
building,/content/CompositeTiles/Composite tiles12.TIF,226,59.38095238,60,3.776193479,123.9047619,115.5,30.99793351,0,0,0,84
building,/content/CompositeTiles/Composite tiles12.TIF,227,59.31818182,59,2.782026136,124.0227273,112,38.35183333,0,0,0,88
not building,/content/CompositeTiles/Composite tiles12.TIF,228,153.4875531,156,14.87849747,250.4424513,255,19.10527989,0,0,0,68290
not building,/content/CompositeTiles/Composite tiles12.TIF,229,114.5379987,125,34.70764178,238.8581211,255,44.36415784,0,0,0,19277
building,/content/CompositeTiles/Composite tiles12.TIF,230,59.8375,60,6.92719956,122.75,116.5,23.44381582,0,0,0,80
not building,/content/CompositeTiles/Composite tiles12.TIF,231,102.5348837,103,18.09066165,255,255,0,0,0,0,43
building,/content/CompositeTiles/Composite tiles12.TIF,232,81.96666667,73.5,21.01346129,172.2666667,165,11.39571069,0,0,0,30
not building,/content/CompositeTiles/Composite tiles12.TIF,233,135.5890411,141,22.99114518,167.9616438,159,49.75015559,0,0,0,365
building,/content/CompositeTiles/Composite tiles12.TIF,234,61.428,61,7.052716923,137.996,117,49.69913464,0,0,0,250
not building,/content/CompositeTiles/Composite tiles12.TIF,235,163.5411765,162,7.678162987,196.2705882,195,51.37575263,0,0,0,85
not building,/content/CompositeTiles/Composite tiles12.TIF,236,104.7846154,106,7.270366212,254.9969231,255,0.055384615,0,0,0,325
building,/content/CompositeTiles/Composite tiles12.TIF,237,57.02409639,58,4.651663528,121.7108434,113,35.35926801,0,0,0,83
building,/content/CompositeTiles/Composite tiles12.TIF,238,72.05555556,67.5,11.57570359,184.3055556,177,27.84662302,0,0,0,36
building,/content/CompositeTiles/Composite tiles12.TIF,239,249.7160399,255,36.32477927,249.7160399,255,36.32477927,249.7160399,255,36.32477927,1303
not building,/content/CompositeTiles/Composite tiles18.TIF,0,93.67239172,93,6.298110457,254.4605291,255,3.198184888,0,0,0,9374
building,/content/CompositeTiles/Composite tiles18.TIF,1,69.83035714,68,6.818944714,190.125,187,23.21757532,0,0,0,224
not building,/content/CompositeTiles/Composite tiles18.TIF,2,91.56295703,91,4.956448426,254.4191125,255,3.501869585,0,0,0,9983
building,/content/CompositeTiles/Composite tiles18.TIF,3,72.11842105,71,5.908217082,235.8925439,240,19.69692149,0,0,0,456
not building,/content/CompositeTiles/Composite tiles18.TIF,4,97.38680319,94,9.927065479,249.6916951,255,10.19443787,0,0,0,879
building,/content/CompositeTiles/Composite tiles18.TIF,5,71.06051282,70,7.127083033,219.7117949,221,28.24896666,0,0,0,975
not building,/content/CompositeTiles/Composite tiles18.TIF,6,142.9133333,142.5,17.20888788,170.96,164.5,62.93656913,0,0,0,150
not building,/content/CompositeTiles/Composite tiles18.TIF,7,90.91618921,90,4.849614269,247.1281812,255,15.4566928,0,0,0,7505
not building,/content/CompositeTiles/Composite tiles18.TIF,8,75.06825939,73,6.362119877,254.6638225,255,4.377021335,0,0,0,586
not building,/content/CompositeTiles/Composite tiles18.TIF,9,96.02634324,95,5.328546838,254.9676578,255,0.53903195,0,0,0,3834
building,/content/CompositeTiles/Composite tiles18.TIF,10,74.50898204,71,11.72278005,157.7065868,157,28.69816314,0,0,0,167
not building,/content/CompositeTiles/Composite tiles18.TIF,11,102.1713961,97,14.04828382,254.9982974,255,0.071448815,0,0,0,1762
not building,/content/CompositeTiles/Composite tiles18.TIF,12,96.79545455,94,8.20013732,255,255,0,0,0,0,176
not building,/content/CompositeTiles/Composite tiles18.TIF,13,122.5920398,129,24.10121147,182,182,44.22657628,0,0,0,201
not building,/content/CompositeTiles/Composite tiles18.TIF,14,130.1270718,129,12.40434725,119.0165746,101,58.46635479,0,0,0,181
not building,/content/CompositeTiles/Composite tiles18.TIF,15,154.0767153,154,7.003887672,253.9128399,255,5.711060328,0,0,0,5553
not building,/content/CompositeTiles/Composite tiles18.TIF,16,152.6880734,154,6.675571305,166.1651376,156,39.10923628,0,0,0,109
building,/content/CompositeTiles/Composite tiles18.TIF,17,81.57345972,63,32.72980086,159.9810427,151,31.24872882,0,0,0,211
not building,/content/CompositeTiles/Composite tiles18.TIF,18,146.0681818,141,16.13014925,135.5909091,128.5,49.07143132,0,0,0,220
not building,/content/CompositeTiles/Composite tiles18.TIF,19,153.0268456,151,9.979809354,162.3154362,151,42.87489014,0,0,0,149
not building,/content/CompositeTiles/Composite tiles18.TIF,20,144.3921569,143,7.218110207,105.5882353,89,44.90520581,0,0,0,102
not building,/content/CompositeTiles/Composite tiles18.TIF,21,77.93085106,72,18.29352399,221.0460993,255,49.8974978,0,0,0,564
building,/content/CompositeTiles/Composite tiles18.TIF,22,75.53425129,72,11.170573,226.0296041,233,30.00182125,0,0,0,2905
building,/content/CompositeTiles/Composite tiles18.TIF,23,84.16312057,74,19.02429358,195.606383,184,51.40277984,0,0,0,282
not building,/content/CompositeTiles/Composite tiles18.TIF,24,143.964467,146,14.7046647,125.2994924,108,50.60343129,0,0,0,197
not building,/content/CompositeTiles/Composite tiles18.TIF,25,157.1343202,158,11.48411593,159.4676535,147,57.76343208,0,0,0,1824
not building,/content/CompositeTiles/Composite tiles18.TIF,26,76.94735726,76,4.132005855,254.990814,255,0.476170853,0,0,0,14152
building,/content/CompositeTiles/Composite tiles18.TIF,27,71.21400778,70,3.786741961,168.1945525,164,22.65991785,0,0,0,257
not building,/content/CompositeTiles/Composite tiles18.TIF,28,130.1727273,130,7.449660262,140.5636364,122,62.15808691,0,0,0,220
not building,/content/CompositeTiles/Composite tiles18.TIF,29,146.031416,151,20.76158302,254.9121263,255,1.893031093,0,0,0,6589
building,/content/CompositeTiles/Composite tiles18.TIF,30,72.06365503,68,13.6438286,140.312115,138,22.58156826,0,0,0,487
not building,/content/CompositeTiles/Composite tiles18.TIF,31,139.2091503,137,8.295721864,166.4444444,160,69.02485002,0,0,0,153
not building,/content/CompositeTiles/Composite tiles18.TIF,32,137.4,143.5,17.43387507,254.475,255,3.316530567,0,0,0,160
building,/content/CompositeTiles/Composite tiles18.TIF,33,77.40909091,76,12.70270123,162.5454545,155.5,27.25113864,0,0,0,154
not building,/content/CompositeTiles/Composite tiles18.TIF,34,163.1187371,165,9.28992802,219.1555708,232,43.9953623,0,0,0,4371
not building,/content/CompositeTiles/Composite tiles18.TIF,35,134.597561,138,14.5751708,254.9756098,255,0.348362362,0,0,0,328
building,/content/CompositeTiles/Composite tiles18.TIF,36,72.22865014,71,4.145435287,176.6942149,174,25.48564431,0,0,0,363
not building,/content/CompositeTiles/Composite tiles18.TIF,37,131.2651515,128,14.25145386,164.7045455,166,49.03596989,0,0,0,132
not building,/content/CompositeTiles/Composite tiles18.TIF,38,119.2909091,123,16.69858211,157.8818182,145.5,60.07582055,0,0,0,110
not building,/content/CompositeTiles/Composite tiles18.TIF,39,134.4191919,145,24.17342717,172.9242424,163,60.17381657,0,0,0,198
not building,/content/CompositeTiles/Composite tiles18.TIF,40,139.2421957,139,4.73746007,253.5439602,255,5.717537327,0,0,0,6631
not building,/content/CompositeTiles/Composite tiles18.TIF,41,154.216,158,14.64135731,116.756,100,53.05363761,0,0,0,250
building,/content/CompositeTiles/Composite tiles18.TIF,42,67.84,66,6.425034371,180.9733333,176.5,25.72960595,0,0,0,150
not building,/content/CompositeTiles/Composite tiles18.TIF,43,137.0283262,137,8.507914277,254.9412017,255,1.153264565,0,0,0,2330
not building,/content/CompositeTiles/Composite tiles18.TIF,44,94.28502706,80,31.18421299,240.3439567,255,33.28424258,0,0,0,1663
not building,/content/CompositeTiles/Composite tiles18.TIF,45,135.0684474,134,11.61817367,173.7095159,174,56.24715101,0,0,0,599
not building,/content/CompositeTiles/Composite tiles18.TIF,46,123.2222222,128,12.54757573,254.8960573,255,1.733070351,0,0,0,279
building,/content/CompositeTiles/Composite tiles18.TIF,47,74.11186441,71,11.63532151,205.359322,255,57.60472885,0,0,0,295
not building,/content/CompositeTiles/Composite tiles18.TIF,48,144.0776053,146,11.65698632,254.248337,255,4.19168913,0,0,0,451
not building,/content/CompositeTiles/Composite tiles18.TIF,49,148.7292035,151,13.52189756,178.8849558,170,53.30416182,0,0,0,565
building,/content/CompositeTiles/Composite tiles18.TIF,50,75.21203438,76,7.727629906,183.0276982,178,26.65614997,0,0,0,1047
not building,/content/CompositeTiles/Composite tiles18.TIF,51,134.2918782,134,9.139837774,154.6675127,133.5,67.0459999,0,0,0,394
not building,/content/CompositeTiles/Composite tiles18.TIF,52,97.92476489,98,25.89472262,231.9326019,255,46.32467033,0,0,0,638
not building,/content/CompositeTiles/Composite tiles18.TIF,53,77.2087156,72,13.14509771,229.3944954,255,38.20538853,0,0,0,436
not building,/content/CompositeTiles/Composite tiles18.TIF,54,145.6459144,145,15.51838099,129.6245136,117,55.2887808,0,0,0,514
not building,/content/CompositeTiles/Composite tiles18.TIF,55,123.0404984,127,21.94331933,192.5482866,207,62.50302177,0,0,0,321
not building,/content/CompositeTiles/Composite tiles18.TIF,56,143.2597403,143,5.991124599,145.2012987,126,56.86979659,0,0,0,154
not building,/content/CompositeTiles/Composite tiles18.TIF,57,166.4439024,168,6.607683952,246.7414634,250,8.917316002,0,0,0,205
not building,/content/CompositeTiles/Composite tiles18.TIF,58,158.3837209,162,12.38920067,145.3546512,138,44.31988413,0,0,0,172
building,/content/CompositeTiles/Composite tiles18.TIF,59,75.92156863,73,6.320967713,165.7254902,164,19.26262774,0,0,0,153
building,/content/CompositeTiles/Composite tiles18.TIF,60,73.38910506,72,5.598460563,121.5603113,118,19.91180116,0,0,0,257
not building,/content/CompositeTiles/Composite tiles18.TIF,61,68.94989705,67,5.416702003,254.9389156,255,1.3566389,0,0,0,1457
not building,/content/CompositeTiles/Composite tiles18.TIF,62,155.0492611,151,12.04088016,137.453202,121,65.17979323,0,0,0,203
building,/content/CompositeTiles/Composite tiles18.TIF,63,71.21621622,71,5.114553348,153.0108108,140,34.41102733,0,0,0,185
building,/content/CompositeTiles/Composite tiles18.TIF,64,69.97391304,69,4.713460594,130.573913,127,19.40688397,0,0,0,115
building,/content/CompositeTiles/Composite tiles18.TIF,65,71.1754386,70,4.039814166,124.3859649,119.5,21.87785421,0,0,0,114
building,/content/CompositeTiles/Composite tiles18.TIF,66,65.64795918,65,3.014175001,208.5918367,209,6.418781013,0,0,0,196
building,/content/CompositeTiles/Composite tiles18.TIF,67,73.18710692,71,7.344053158,141.4984277,128,35.55297665,0,0,0,636
building,/content/CompositeTiles/Composite tiles18.TIF,68,64.49180328,64,3.424228767,190.4754098,187,12.28100834,0,0,0,122
not building,/content/CompositeTiles/Composite tiles18.TIF,69,107.2429335,104,18.05159288,254.3445378,255,8.363751568,0,0,0,1309
building,/content/CompositeTiles/Composite tiles18.TIF,70,76.94174757,76,3.694197083,164.407767,160,26.40404386,0,0,0,103
building,/content/CompositeTiles/Composite tiles18.TIF,71,68.67021277,67,10.58963647,171.3589026,176,45.98253566,0,0,0,1786
not building,/content/CompositeTiles/Composite tiles18.TIF,72,144.6855288,145,8.107296521,254.9123377,255,1.218879486,0,0,0,6468
not building,/content/CompositeTiles/Composite tiles18.TIF,73,135.457265,137,21.83446588,138.0598291,126,60.4763909,0,0,0,468
building,/content/CompositeTiles/Composite tiles18.TIF,74,70.37658228,70,2.85857953,102.9588608,99,19.46812269,0,0,0,316
building,/content/CompositeTiles/Composite tiles18.TIF,75,79.36199095,76,12.64786583,175.8190045,177,28.2114479,0,0,0,221
not building,/content/CompositeTiles/Composite tiles18.TIF,76,155.9772727,155,11.69164058,180.7356459,170,52.03314386,0,0,0,836
building,/content/CompositeTiles/Composite tiles18.TIF,77,70.57432432,69,4.740696745,126.5608108,119.5,26.80566357,0,0,0,148
not building,/content/CompositeTiles/Composite tiles18.TIF,78,152.1486486,152,11.80778766,157.6810811,140.5,63.48186307,0,0,0,370
not building,/content/CompositeTiles/Composite tiles18.TIF,79,118.8518519,124,17.55014763,249.1580247,255,20.96839988,0,0,0,405
building,/content/CompositeTiles/Composite tiles18.TIF,80,64.38297872,64,2.731896114,209.7269504,210,5.121909266,0,0,0,282
not building,/content/CompositeTiles/Composite tiles18.TIF,81,147.3517442,147,7.72914278,225.5261628,226.5,28.28775336,0,0,0,344
not building,/content/CompositeTiles/Composite tiles18.TIF,82,104.089582,98,16.32302705,254.8556735,255,3.67880179,0,0,0,3014
not building,/content/CompositeTiles/Composite tiles18.TIF,83,143.1912226,144,12.37366698,171.0470219,167,63.68026753,0,0,0,638
not building,/content/CompositeTiles/Composite tiles18.TIF,84,154.2433628,152,9.908344352,181.7610619,174.5,57.89275626,0,0,0,226
not building,/content/CompositeTiles/Composite tiles18.TIF,85,148.7762712,149,10.57423057,146.0949153,135,52.85295696,0,0,0,295
not building,/content/CompositeTiles/Composite tiles18.TIF,86,152.8961039,152,13.07479425,167.7272727,161,51.47814306,0,0,0,231
building,/content/CompositeTiles/Composite tiles18.TIF,87,72.88300836,71,7.964945195,150.9721448,155,33.22681911,0,0,0,359
building,/content/CompositeTiles/Composite tiles18.TIF,88,70.48363636,67,11.28904157,224.2872727,218,17.65469862,0,0,0,275
not building,/content/CompositeTiles/Composite tiles18.TIF,89,141.2695035,143,10.94639502,254.9484204,255,1.211611996,0,0,0,3102
not building,/content/CompositeTiles/Composite tiles18.TIF,90,161.1404255,161,9.72830176,171.1829787,159,59.28643532,0,0,0,235
not building,/content/CompositeTiles/Composite tiles18.TIF,91,164.432515,166,6.78765783,254.8131094,255,3.074119754,0,0,0,8513
not building,/content/CompositeTiles/Composite tiles18.TIF,92,158.5183246,160,14.43629912,123.0471204,107,56.05460015,0,0,0,191
building,/content/CompositeTiles/Composite tiles18.TIF,93,71.14173228,71,3.3666367,128.0551181,124,23.27930617,0,0,0,127
building,/content/CompositeTiles/Composite tiles18.TIF,94,73.57377049,72,5.868669289,134.6939891,129,33.20715436,0,0,0,183
building,/content/CompositeTiles/Composite tiles18.TIF,95,71.59558824,70.5,3.835550955,147.7867647,145,21.42133629,0,0,0,136
building,/content/CompositeTiles/Composite tiles18.TIF,96,70.568,70,7.339030999,144.224,141,22.32930415,0,0,0,250
building,/content/CompositeTiles/Composite tiles18.TIF,97,73.64571429,72,5.301231278,159.2742857,156,31.41672296,0,0,0,175
building,/content/CompositeTiles/Composite tiles18.TIF,98,71.82307692,70,6.519161561,105.9384615,100.5,26.64257837,0,0,0,130
not building,/content/CompositeTiles/Composite tiles18.TIF,99,88.92158672,93.5,12.28716724,254.9077491,255,1.549543114,0,0,0,1084
building,/content/CompositeTiles/Composite tiles18.TIF,100,70.44029851,69,4.568730831,116.5149254,111,24.21814266,0,0,0,134
not building,/content/CompositeTiles/Composite tiles18.TIF,101,95.94640123,99,7.58081766,255,255,0,0,0,0,653
not building,/content/CompositeTiles/Composite tiles18.TIF,102,115.6883213,120,22.04847659,254.9733481,255,0.876847842,0,0,0,5403
building,/content/CompositeTiles/Composite tiles18.TIF,103,72.77647059,71,6.030074569,156.9411765,156,25.33718632,0,0,0,170
not building,/content/CompositeTiles/Composite tiles18.TIF,104,95.38069414,77,33.9923332,255,255,0,0,0,0,922
not building,/content/CompositeTiles/Composite tiles18.TIF,105,168.7846154,170,7.183297524,116.6846154,98,50.98989864,0,0,0,130
building,/content/CompositeTiles/Composite tiles18.TIF,106,76.01680672,73,10.5806095,147.4453782,141,28.27170022,0,0,0,119
building,/content/CompositeTiles/Composite tiles18.TIF,107,74.30113636,74,4.797631857,159.8693182,157.5,26.89077173,0,0,0,176
not building,/content/CompositeTiles/Composite tiles18.TIF,108,119.437604,124,31.85080941,222.5881864,255,49.44614335,0,0,0,1202
building,/content/CompositeTiles/Composite tiles18.TIF,109,70.27894737,69,4.209147801,132.4473684,121,36.24485253,0,0,0,190
not building,/content/CompositeTiles/Composite tiles18.TIF,110,147.134349,149,9.721464966,254.2105263,255,5.882035188,0,0,0,722
not building,/content/CompositeTiles/Composite tiles18.TIF,111,120.7035928,123,13.38464306,240.8982036,255,31.14379144,0,0,0,334
building,/content/CompositeTiles/Composite tiles18.TIF,112,78.425,73,14.16725244,122.3916667,107.5,38.52948997,0,0,0,120
not building,/content/CompositeTiles/Composite tiles18.TIF,113,80.07544666,70,23.57598307,254.3703931,255,6.476188088,0,0,0,9795
not building,/content/CompositeTiles/Composite tiles18.TIF,114,58.30969609,0,72.88707962,46.83357453,0,80.13913246,0,0,0,691
not building,/content/CompositeTiles/Composite tiles18.TIF,115,136.9927405,134,19.1113829,232.7640653,255,39.30483335,0,0,0,551
not building,/content/CompositeTiles/Composite tiles18.TIF,116,114.3896714,112,10.96487291,255,255,0,0,0,0,213
not building,/content/CompositeTiles/Composite tiles18.TIF,117,70.64392906,68,7.140574979,251.3465211,255,11.53214758,0,0,0,733
building,/content/CompositeTiles/Composite tiles18.TIF,118,72.42391304,68,13.14339641,205.1684783,247,56.26279316,0,0,0,1288
building,/content/CompositeTiles/Composite tiles18.TIF,119,87.62824207,72,31.01914642,188.8242075,207,63.36332899,0,0,0,347
not building,/content/CompositeTiles/Composite tiles18.TIF,120,153.5373134,156,14.32129023,158.1268657,150,59.95370374,0,0,0,268
not building,/content/CompositeTiles/Composite tiles18.TIF,121,78.4746988,74,10.66708532,254.7590361,255,2.497180875,0,0,0,415
not building,/content/CompositeTiles/Composite tiles18.TIF,122,56.77227723,0,69.36853528,54.15445545,0,82.77338684,0,0,0,505
not building,/content/CompositeTiles/Composite tiles18.TIF,123,133.0645161,130.5,15.31659193,140.6021505,130,52.99039065,0,0,0,186
building,/content/CompositeTiles/Composite tiles18.TIF,124,70.08438819,69,3.153132684,161.7721519,157,17.89063072,0,0,0,237
building,/content/CompositeTiles/Composite tiles18.TIF,125,254.2539588,255,11.11998466,255,255,0,253.8571855,255,17.03266458,3347
building,/content/CompositeTiles/Composite tiles18.TIF,126,74,69,14.82728147,153.5724138,138,38.64207905,0,0,0,145
building,/content/CompositeTiles/Composite tiles18.TIF,127,73.79615385,70,12.87606548,132.4423077,124.5,29.8726872,0,0,0,260
building,/content/CompositeTiles/Composite tiles18.TIF,128,70.93859649,70,5.60276418,123.2894737,115,33.71597666,0,0,0,114
not building,/content/CompositeTiles/Composite tiles18.TIF,129,148.5432099,154,23.26535922,137.1234568,113,61.93233718,0,0,0,243
building,/content/CompositeTiles/Composite tiles18.TIF,130,72.99130435,71,5.226181002,136.0956522,128,34.19813723,0,0,0,115
building,/content/CompositeTiles/Composite tiles18.TIF,131,76.70714286,72,14.51427693,142.4642857,136.5,24.10376696,0,0,0,140
building,/content/CompositeTiles/Composite tiles18.TIF,132,66.98192771,63,11.93782734,208.6566265,207,9.716904817,0,0,0,166
building,/content/CompositeTiles/Composite tiles18.TIF,133,72.63133641,71,7.486549202,166.7050691,161,29.02828149,0,0,0,217
building,/content/CompositeTiles/Composite tiles18.TIF,134,70.85950413,70,4.056024567,142.5123967,131,32.7941528,0,0,0,121
building,/content/CompositeTiles/Composite tiles18.TIF,135,73.11711712,72,5.796455485,117.1711712,110,25.97395573,0,0,0,111
building,/content/CompositeTiles/Composite tiles18.TIF,136,73.20731707,71,6.761147624,135.8170732,122,34.95594023,0,0,0,164
not building,/content/CompositeTiles/Composite tiles18.TIF,137,94.09480122,91,10.32766854,251.8715596,255,9.093568232,0,0,0,327
building,/content/CompositeTiles/Composite tiles18.TIF,138,67.71428571,67,5.937815513,215.7767857,214,8.483923685,0,0,0,112
building,/content/CompositeTiles/Composite tiles18.TIF,139,72.2027972,72,5.204300858,151.4405594,144,31.99292369,0,0,0,143
not building,/content/CompositeTiles/Composite tiles18.TIF,140,142.0588235,140,9.359372147,138.5294118,108,70.38670578,0,0,0,153
not building,/content/CompositeTiles/Composite tiles18.TIF,141,135.3435583,134,15.37641424,149.8159509,135,63.17676431,0,0,0,163
not building,/content/CompositeTiles/Composite tiles18.TIF,142,89.62802768,82,20.66217923,222.5242215,255,41.91609185,0,0,0,578
not building,/content/CompositeTiles/Composite tiles18.TIF,143,130.7697929,142,32.79693345,246.0408039,255,30.98483251,0,0,0,1642
building,/content/CompositeTiles/Composite tiles18.TIF,144,70.95652174,69,4.956140336,169.326087,163.5,31.91568672,0,0,0,138
not building,/content/CompositeTiles/Composite tiles18.TIF,145,148.9591837,153,14.42890659,181.6689342,178,55.83303715,0,0,0,441
not building,/content/CompositeTiles/Composite tiles18.TIF,146,158.7935484,158,9.114112966,176.0774194,165,60.64646738,0,0,0,155
not building,/content/CompositeTiles/Composite tiles18.TIF,147,144.7790262,143,12.55489259,105.5580524,91,49.67036849,0,0,0,267
not building,/content/CompositeTiles/Composite tiles18.TIF,148,151.7428925,155,14.51730657,150.0877627,142,49.81020553,0,0,0,809
not building,/content/CompositeTiles/Composite tiles18.TIF,149,151.974359,156,14.45148769,172.3076923,171,61.24623994,0,0,0,117
building,/content/CompositeTiles/Composite tiles18.TIF,150,70.15811966,70,2.072561457,139.6538462,136.5,20.5462748,0,0,0,234
not building,/content/CompositeTiles/Composite tiles18.TIF,151,138.8293839,142,12.32072539,254.7867299,255,2.152264149,0,0,0,211
not building,/content/CompositeTiles/Composite tiles18.TIF,152,109.2022073,104,25.0405211,254.5743004,255,5.51116845,0,0,0,2537
building,/content/CompositeTiles/Composite tiles18.TIF,153,84.98009147,77,24.75748679,199.0834006,189,48.11325908,0,0,0,3717
not building,/content/CompositeTiles/Composite tiles18.TIF,154,135.4023669,134,9.497629431,158.0088757,152,56.03044854,0,0,0,338
not building,/content/CompositeTiles/Composite tiles18.TIF,155,144.2038835,142,12.49338405,168.6601942,160,61.04439788,0,0,0,206
not building,/content/CompositeTiles/Composite tiles18.TIF,156,142.2885086,138,19.26763987,140.0880196,125,62.14280484,0,0,0,409
building,/content/CompositeTiles/Composite tiles18.TIF,157,73.20338983,71.5,7.077727446,124.0169492,118,25.79021725,0,0,0,118
not building,/content/CompositeTiles/Composite tiles18.TIF,158,135.8827292,137,13.64463312,254.0959488,255,3.932989418,0,0,0,469
not building,/content/CompositeTiles/Composite tiles18.TIF,159,93.62025316,77,31.42117744,255,255,0,0,0,0,711
building,/content/CompositeTiles/Composite tiles18.TIF,160,74.1025641,71,8.854941752,171.6923077,164,35.60765824,0,0,0,195
building,/content/CompositeTiles/Composite tiles18.TIF,161,61.59558824,61,1.330516687,149.8602941,145,9.230840885,0,0,0,136
not building,/content/CompositeTiles/Composite tiles18.TIF,162,88.53864169,82,17.6050951,230.9203747,255,40.91549791,0,0,0,427
not building,/content/CompositeTiles/Composite tiles18.TIF,163,152.8882682,152,13.39302023,160.2458101,146,53.06869083,0,0,0,179
not building,/content/CompositeTiles/Composite tiles18.TIF,164,146.3940058,145,13.93695681,148.4714912,134,63.89039916,0,0,0,1368
building,/content/CompositeTiles/Composite tiles18.TIF,165,71.82329714,66,15.1536836,227.0266535,221,24.92306584,0,0,0,1013
not building,/content/CompositeTiles/Composite tiles18.TIF,166,143.2849785,145,16.46344337,170.2154506,160,58.07413437,0,0,0,1165
not building,/content/CompositeTiles/Composite tiles18.TIF,167,95.89042195,73,35.29062979,221.537141,255,50.63074906,0,0,0,6233
building,/content/CompositeTiles/Composite tiles18.TIF,168,99.64440079,74,34.55307232,200.3791749,242,57.32905433,0,0,0,509
building,/content/CompositeTiles/Composite tiles18.TIF,169,72.15540541,71,7.653574362,168.2364865,158,38.24235686,0,0,0,148
not building,/content/CompositeTiles/Composite tiles18.TIF,170,130.7029703,129,9.361332471,128.7029703,113,47.09050577,0,0,0,101
not building,/content/CompositeTiles/Composite tiles18.TIF,171,145.6968654,149,14.71501208,250.9537462,255,14.76157871,0,0,0,2616
not building,/content/CompositeTiles/Composite tiles18.TIF,172,114.2741935,115,8.510277193,155.3709677,147,50.24656428,0,0,0,62
building,/content/CompositeTiles/Composite tiles18.TIF,173,74.93939394,74,4.194315975,139.5757576,127,35.38106864,0,0,0,99
building,/content/CompositeTiles/Composite tiles18.TIF,174,75.54188034,73,9.447038511,214.5931624,210,29.41132326,0,0,0,1170
not building,/content/CompositeTiles/Composite tiles18.TIF,175,140.5227273,139.5,6.610902278,180.8181818,180,40.09606234,0,0,0,44
building,/content/CompositeTiles/Composite tiles18.TIF,176,79.4534413,79,15.27035902,167.7376518,150,43.23865604,0,0,0,1235
not building,/content/CompositeTiles/Composite tiles18.TIF,177,140.1428571,139,8.771087321,172.7142857,170,32.49050097,0,0,0,42
not building,/content/CompositeTiles/Composite tiles18.TIF,178,156.7837838,157,3.877413007,170.9459459,165,33.44777773,0,0,0,37
not building,/content/CompositeTiles/Composite tiles18.TIF,179,91.71028881,91,4.028329588,237.3679302,244,19.14831451,0,0,0,3324
not building,/content/CompositeTiles/Composite tiles18.TIF,180,141.5490196,141,10.41315858,177.2279412,171,55.48175379,0,0,0,408
not building,/content/CompositeTiles/Composite tiles18.TIF,181,92.94982079,92,5.20762382,246.7419355,255,11.79186576,0,0,0,558
not building,/content/CompositeTiles/Composite tiles18.TIF,182,156.6071429,157,4.458853838,186.0892857,176.5,43.44013812,0,0,0,56
not building,/content/CompositeTiles/Composite tiles18.TIF,183,149.6296296,149,10.05042158,188.1203704,189,47.84440785,0,0,0,108
building,/content/CompositeTiles/Composite tiles18.TIF,184,75.17977528,76,3.933611423,194.6741573,191,17.90284346,0,0,0,89
not building,/content/CompositeTiles/Composite tiles18.TIF,185,154.4545455,153,9.089090727,162.0909091,151,33.1464735,0,0,0,33
not building,/content/CompositeTiles/Composite tiles18.TIF,186,148.7816092,151,14.49409336,211.1954023,207,32.21010018,0,0,0,87
not building,/content/CompositeTiles/Composite tiles18.TIF,187,143.3604651,148,16.82807233,170.1162791,163,58.17464056,0,0,0,86
not building,/content/CompositeTiles/Composite tiles18.TIF,188,149.6860119,150,15.87613647,173.8080357,170,55.12264784,0,0,0,672
building,/content/CompositeTiles/Composite tiles18.TIF,189,79.2962963,77,8.893671553,183.4814815,165,30.00786362,0,0,0,27
not building,/content/CompositeTiles/Composite tiles18.TIF,190,136.1538462,137,13.06107637,182.8461538,173.5,49.68337619,0,0,0,52
not building,/content/CompositeTiles/Composite tiles18.TIF,191,53.02532928,0,70.66254958,45.37588652,0,83.55873597,0,0,0,987
not building,/content/CompositeTiles/Composite tiles18.TIF,192,86.70415648,72,22.25475982,248.9119804,255,26.49975002,0,0,0,409
not building,/content/CompositeTiles/Composite tiles18.TIF,193,71.41176471,69,7.535995896,186.7647059,184,38.14964767,0,0,0,51
not building,/content/CompositeTiles/Composite tiles18.TIF,194,153.6666667,153,9.672412086,164.4545455,146,53.19950496,0,0,0,66
building,/content/CompositeTiles/Composite tiles18.TIF,195,75.57777778,72,10.44772998,133.5777778,127,23.41935466,0,0,0,90
not building,/content/CompositeTiles/Composite tiles18.TIF,196,146.05,143,12.78465878,138.45,128,31.70879216,0,0,0,20
not building,/content/CompositeTiles/Composite tiles18.TIF,197,145.04,141,14.25897612,152.68,143,41.81073546,0,0,0,25
building,/content/CompositeTiles/Composite tiles18.TIF,198,74.17105263,72,5.791073344,158.6842105,156.5,20.55942,0,0,0,76
not building,/content/CompositeTiles/Composite tiles18.TIF,199,131.2755906,136,14.65007977,138.6692913,130,54.95310171,0,0,0,127
building,/content/CompositeTiles/Composite tiles18.TIF,200,74.68965517,71,9.150479348,178.0344828,178,15.47742017,0,0,0,29
building,/content/CompositeTiles/Composite tiles18.TIF,201,77.22857143,71,15.27852969,185.9714286,180,24.5618586,0,0,0,35
not building,/content/CompositeTiles/Composite tiles18.TIF,202,117.6666667,118,5.005552473,158.125,133.5,57.59001107,0,0,0,24
not building,/content/CompositeTiles/Composite tiles18.TIF,203,162.8461538,164,7.793943939,187.7307692,181,26.41176558,0,0,0,26
not building,/content/CompositeTiles/Composite tiles18.TIF,204,97.61107155,84,31.23454992,227.5391445,255,47.35945706,0,0,0,21063
building,/content/CompositeTiles/Composite tiles18.TIF,205,80.15789474,73,14.09652125,180.1578947,178,21.73346476,0,0,0,38
building,/content/CompositeTiles/Composite tiles18.TIF,206,75.63157895,71,13.90270904,204.7368421,210,14.49806559,0,0,0,19
building,/content/CompositeTiles/Composite tiles18.TIF,207,81.17391304,73,19.19839707,206.8695652,210,16.96365513,0,0,0,23
not building,/content/CompositeTiles/Composite tiles18.TIF,208,110.2631579,106,13.03776743,192.5526316,187,16.39591953,0,0,0,38
not building,/content/CompositeTiles/Composite tiles18.TIF,209,79.54285714,76,12.82930319,217.3428571,218,16.88607686,0,0,0,35
not building,/content/CompositeTiles/Composite tiles18.TIF,210,87.55482025,73,27.41588312,226.2736541,255,52.56030989,0,0,0,5591
building,/content/CompositeTiles/Composite tiles18.TIF,211,82.47959184,79.5,11.07878059,143.1326531,134,30.64365226,0,0,0,98
building,/content/CompositeTiles/Composite tiles18.TIF,212,70.3877551,68,9.160287685,217.5612245,221,15.41140998,0,0,0,98
not building,/content/CompositeTiles/Composite tiles18.TIF,213,144.3333333,144,5.010383484,183.2473118,174,39.46378656,0,0,0,93
not building,/content/CompositeTiles/Composite tiles18.TIF,214,146.3076923,145,5.15480282,154.5384615,144,39.88692103,0,0,0,39
building,/content/CompositeTiles/Composite tiles18.TIF,215,75.6,73,9.808630423,120.0307692,112,28.60068274,0,0,0,65
not building,/content/CompositeTiles/Composite tiles18.TIF,216,137.478138,137,9.543598701,254.9369934,255,2.03948609,0,0,0,8142
building,/content/CompositeTiles/Composite tiles18.TIF,217,75.03658537,74,4.615575756,138.7195122,122.5,46.28814166,0,0,0,82
not building,/content/CompositeTiles/Composite tiles18.TIF,218,142.625,142,4.073268694,175.9464286,172,50.27120009,0,0,0,56
building,/content/CompositeTiles/Composite tiles18.TIF,219,68.58333333,66,6.486631552,166.0625,157,28.85264737,0,0,0,48
building,/content/CompositeTiles/Composite tiles18.TIF,220,79.53125,75,13.007172,195.3125,194.5,23.44466557,0,0,0,32
building,/content/CompositeTiles/Composite tiles18.TIF,221,61.58823529,60,6.148254879,196.1911765,193,23.29242325,0,0,0,68
not building,/content/CompositeTiles/Composite tiles18.TIF,222,103.0261072,94,34.42100878,243.4377622,255,29.95407473,0,0,0,2145
not building,/content/CompositeTiles/Composite tiles18.TIF,223,135.6616541,135.5,19.27828933,166.3308271,159.5,60.66135778,0,0,0,532
not building,/content/CompositeTiles/Composite tiles18.TIF,224,125.62786,129,20.99245533,252.6823688,255,14.27272522,0,0,0,1486
not building,/content/CompositeTiles/Composite tiles18.TIF,225,151.5,150.5,7.855037422,168.1129032,157,48.30718401,0,0,0,62
not building,/content/CompositeTiles/Composite tiles18.TIF,226,134.5277778,132.5,14.01682741,138.1388889,126,53.96869091,0,0,0,36
not building,/content/CompositeTiles/Composite tiles18.TIF,227,95.70422535,83,22.76666353,179.6760563,176,28.98993252,0,0,0,71
not building,/content/CompositeTiles/Composite tiles18.TIF,228,136.6200356,139,16.86702136,246.5828394,255,29.25554956,0,0,0,6748
not building,/content/CompositeTiles/Composite tiles18.TIF,229,87.52998236,74,27.47425411,235.7186949,255,29.34737314,0,0,0,2268
building,/content/CompositeTiles/Composite tiles18.TIF,230,66.63043478,66,4.471449019,218.7282609,219,15.9401757,0,0,0,92
not building,/content/CompositeTiles/Composite tiles18.TIF,231,146.6769231,146,9.754064545,180.2769231,172,42.18293774,0,0,0,65
not building,/content/CompositeTiles/Composite tiles18.TIF,232,155.4166667,156.5,2.691292544,221.75,224.5,9.138973319,0,0,0,12
not building,/content/CompositeTiles/Composite tiles18.TIF,233,137.1219512,137,8.766330049,163.5121951,155,55.63404904,0,0,0,205
not building,/content/CompositeTiles/Composite tiles18.TIF,234,155.2941176,156,2.34557671,230.8823529,228,16.18598651,0,0,0,17
not building,/content/CompositeTiles/Composite tiles18.TIF,235,118.3432836,127,23.25173865,168.119403,156,33.23122178,0,0,0,67
not building,/content/CompositeTiles/Composite tiles18.TIF,236,144.7465753,146.5,12.58658323,175.0342466,167.5,61.87464287,0,0,0,146
not building,/content/CompositeTiles/Composite tiles2.TIF,0,94.92210838,95,4.284219706,254.0272213,255,5.274923551,0,0,0,19617
building,/content/CompositeTiles/Composite tiles2.TIF,1,77.57462687,78,5.557537393,126.9029851,119,29.03365762,0,0,0,134
building,/content/CompositeTiles/Composite tiles2.TIF,2,69.89017341,69,4.05804225,132.9710983,121,28.93912841,0,0,0,173
building,/content/CompositeTiles/Composite tiles2.TIF,3,79.26666667,78,5.565868206,136.3083333,127,25.91453769,0,0,0,120
building,/content/CompositeTiles/Composite tiles2.TIF,4,72.59854015,71,5.507075547,121.729927,113,25.66303361,0,0,0,137
building,/content/CompositeTiles/Composite tiles2.TIF,5,78.08928571,78,4.025706618,132.4464286,124,28.28706143,0,0,0,112
building,/content/CompositeTiles/Composite tiles2.TIF,6,77.06451613,75,7.34203753,132.4129032,123,25.13904227,0,0,0,155
not building,/content/CompositeTiles/Composite tiles2.TIF,7,158.7150127,160,17.07490469,103.8396947,81,60.21143621,0,0,0,393
building,/content/CompositeTiles/Composite tiles2.TIF,8,67.39171375,66,4.672418477,143.8587571,137,29.65426665,0,0,0,531
building,/content/CompositeTiles/Composite tiles2.TIF,9,73.38961039,72,5.918616555,140.9805195,130,26.65227526,0,0,0,154
building,/content/CompositeTiles/Composite tiles2.TIF,10,75.51333333,75,3.571622725,132.32,121.5,25.94361065,0,0,0,150
not building,/content/CompositeTiles/Composite tiles2.TIF,11,65.75,80.5,65.16966493,79.86931818,5,113.979364,0,0,0,176
building,/content/CompositeTiles/Composite tiles2.TIF,12,70.71523179,70,3.614498918,127.4569536,117,24.58145942,0,0,0,151
building,/content/CompositeTiles/Composite tiles2.TIF,13,72.65886288,71,5.154211842,131.4782609,122,28.81741674,0,0,0,299
building,/content/CompositeTiles/Composite tiles2.TIF,14,71.62987013,71,3.62342899,137.2012987,122,32.35785697,0,0,0,154
building,/content/CompositeTiles/Composite tiles2.TIF,15,100.12,75,34.57035198,193.6509091,191,57.49278175,0,0,0,275
not building,/content/CompositeTiles/Composite tiles2.TIF,16,154.0616635,155,11.56573708,254.1759082,255,4.867717916,0,0,0,2092
not building,/content/CompositeTiles/Composite tiles2.TIF,17,77.69918699,135,74.7336664,55.75609756,6,103.1867312,0,0,0,123
not building,/content/CompositeTiles/Composite tiles2.TIF,18,148.7332317,150,9.433037069,210.7408537,227,45.13110889,0,0,0,656
not building,/content/CompositeTiles/Composite tiles2.TIF,19,63.23247232,0,76.42347436,31.27675277,0,64.80712922,0,0,0,271
not building,/content/CompositeTiles/Composite tiles2.TIF,20,102.0969163,94,31.60893313,224.402769,255,49.27179106,0,0,0,1589
not building,/content/CompositeTiles/Composite tiles2.TIF,21,120.7631579,121,15.20482147,255,255,0,0,0,0,342
not building,/content/CompositeTiles/Composite tiles2.TIF,22,98.42051282,96,23.08085209,154.1641026,146,32.43603162,0,0,0,195
not building,/content/CompositeTiles/Composite tiles2.TIF,23,133.7121212,139.5,19.10835542,252.1818182,255,10.80250966,0,0,0,132
not building,/content/CompositeTiles/Composite tiles2.TIF,24,153.6955017,153,12.99097426,142.4186851,130,60.8973934,0,0,0,289
not building,/content/CompositeTiles/Composite tiles2.TIF,25,94.86745407,95,3.59162281,232.7388451,233,14.64850777,0,0,0,762
not building,/content/CompositeTiles/Composite tiles2.TIF,26,107.5485075,108,6.853033265,254.9701493,255,0.375366458,0,0,0,268
not building,/content/CompositeTiles/Composite tiles2.TIF,27,152.005102,155,10.33445666,253.0357143,255,9.218091684,0,0,0,196
not building,/content/CompositeTiles/Composite tiles2.TIF,28,113.6029851,113,13.01413663,254.958209,255,0.480717515,0,0,0,335
building,/content/CompositeTiles/Composite tiles2.TIF,29,73.17948718,72,6.314297147,160.5487179,149,32.32545137,0,0,0,195
not building,/content/CompositeTiles/Composite tiles2.TIF,30,68.85408709,67,4.991446514,255,255,0,0,0,0,1309
not building,/content/CompositeTiles/Composite tiles2.TIF,31,127.8089888,127,12.12711365,255,255,0,0,0,0,445
not building,/content/CompositeTiles/Composite tiles2.TIF,32,155.7019499,155,12.70336249,120.5580316,100,62.32774683,0,0,0,1077
building,/content/CompositeTiles/Composite tiles2.TIF,33,61.29333333,59,5.963831729,191.0733333,190,13.60837814,0,0,0,150
not building,/content/CompositeTiles/Composite tiles2.TIF,34,128.421521,130,17.50758937,254.9935275,255,0.175221127,0,0,0,1236
not building,/content/CompositeTiles/Composite tiles2.TIF,35,97.49625251,97,5.293831249,255,255,0,0,0,0,16411
building,/content/CompositeTiles/Composite tiles2.TIF,36,69.01033592,69,7.207510914,158.9844961,157,23.78205885,0,0,0,387
not building,/content/CompositeTiles/Composite tiles2.TIF,37,117.6428571,117,15.63311467,254.5565476,255,3.441514868,0,0,0,1008
not building,/content/CompositeTiles/Composite tiles2.TIF,38,72.11688312,65,18.05271791,255,255,0,0,0,0,385
building,/content/CompositeTiles/Composite tiles2.TIF,39,67.59259259,67,3.369352716,117.1481481,111.5,23.30387617,0,0,0,108
building,/content/CompositeTiles/Composite tiles2.TIF,40,63.85996564,64,5.083848016,133.7689003,129,26.04468197,0,0,0,1164
building,/content/CompositeTiles/Composite tiles2.TIF,41,65.13965407,64,6.062431725,140.3286355,134,28.04643365,0,0,0,1561
not building,/content/CompositeTiles/Composite tiles2.TIF,42,99.28148658,104,15.34579336,254.5065382,255,3.869622271,0,0,0,1453
building,/content/CompositeTiles/Composite tiles2.TIF,43,65.96319018,65,3.657733333,164.9171779,162,26.03482589,0,0,0,326
building,/content/CompositeTiles/Composite tiles2.TIF,44,64.13114754,63,6.5007436,115.0856102,110,14.46375889,0,0,0,549
not building,/content/CompositeTiles/Composite tiles2.TIF,45,145.1357616,145,14.6175792,126.0463576,112,42.1752631,0,0,0,302
not building,/content/CompositeTiles/Composite tiles2.TIF,46,156.9147982,157,11.12311478,195.7892377,191,38.2678836,0,0,0,446
building,/content/CompositeTiles/Composite tiles2.TIF,47,65.81818182,66,1.595639912,186.4377104,185,23.44368549,0,0,0,297
building,/content/CompositeTiles/Composite tiles2.TIF,48,77.93137255,64.5,25.13464128,164.2745098,160.5,20.43649027,0,0,0,102
not building,/content/CompositeTiles/Composite tiles2.TIF,49,63.53723404,63,6.639957768,253.5319149,255,8.518068565,0,0,0,188
not building,/content/CompositeTiles/Composite tiles2.TIF,50,84.25511596,80,20.360221,254.755457,255,2.735227137,0,0,0,2932
not building,/content/CompositeTiles/Composite tiles2.TIF,51,111.5205294,108,16.86886483,255,255,0,0,0,0,3702
building,/content/CompositeTiles/Composite tiles2.TIF,52,66.72964169,65,6.647612356,195.9185668,194,27.56862708,0,0,0,307
not building,/content/CompositeTiles/Composite tiles2.TIF,53,124.0288066,138,45.80414551,145.9753086,152,50.65756302,0,0,0,243
building,/content/CompositeTiles/Composite tiles2.TIF,54,63.8,62,6.092465801,118.8395349,117,12.644139,0,0,0,430
building,/content/CompositeTiles/Composite tiles2.TIF,55,63.1366782,61,6.223935606,136.8442907,122,32.9641198,0,0,0,578
not building,/content/CompositeTiles/Composite tiles2.TIF,56,87.55111399,87,3.690218807,254.9993515,255,0.095279992,0,0,0,21589
building,/content/CompositeTiles/Composite tiles2.TIF,57,63.4402852,64,3.396089172,151.2352941,146,23.24982285,0,0,0,561
building,/content/CompositeTiles/Composite tiles2.TIF,58,70.15789474,67,10.28399214,179.7287449,180,20.59586314,0,0,0,247
not building,/content/CompositeTiles/Composite tiles2.TIF,59,103.1512587,103,7.256200673,254.9820231,255,0.426830725,0,0,0,28481
building,/content/CompositeTiles/Composite tiles2.TIF,60,70.13207547,69,5.081862195,125.7106918,120,25.03013176,0,0,0,159
building,/content/CompositeTiles/Composite tiles2.TIF,61,68.67785235,67,3.968446785,116.6510067,111,25.1955909,0,0,0,149
building,/content/CompositeTiles/Composite tiles2.TIF,62,73.73214286,72,6.39472738,136.6428571,131,24.61193712,0,0,0,112
building,/content/CompositeTiles/Composite tiles2.TIF,63,77.91875,77.5,5.364200634,146.075,133,31.67245451,0,0,0,160
building,/content/CompositeTiles/Composite tiles2.TIF,64,72.15686275,72,3.929306092,137.3529412,129,27.6465721,0,0,0,153
building,/content/CompositeTiles/Composite tiles2.TIF,65,71.05369128,70,6.278529767,144.6174497,137,27.24893873,0,0,0,149
not building,/content/CompositeTiles/Composite tiles2.TIF,66,143.8978102,147,16.88790206,164.1240876,154,56.3489448,0,0,0,137
building,/content/CompositeTiles/Composite tiles2.TIF,67,69.62820513,69,2.764745893,134.8205128,126,29.7766229,0,0,0,156
building,/content/CompositeTiles/Composite tiles2.TIF,68,74.58955224,75,5.040452311,130.880597,120.5,31.46664777,0,0,0,134
not building,/content/CompositeTiles/Composite tiles2.TIF,69,135.4485981,134,8.450221083,214.1121495,218,41.41500182,0,0,0,107
not building,/content/CompositeTiles/Composite tiles2.TIF,70,55.06280193,0,76.42176333,40.32608696,0,89.502152,0,0,0,414
not building,/content/CompositeTiles/Composite tiles2.TIF,71,157.4413793,161,23.56030439,135.3103448,121,62.16235886,0,0,0,145
not building,/content/CompositeTiles/Composite tiles2.TIF,72,73.35625,70,8.342921307,132.025,117,39.07012126,0,0,0,160
not building,/content/CompositeTiles/Composite tiles2.TIF,73,154.8208955,157,8.967479176,254.7910448,255,1.029958895,0,0,0,134
not building,/content/CompositeTiles/Composite tiles2.TIF,74,69.3804878,64,11.42148637,255,255,0,0,0,0,205
building,/content/CompositeTiles/Composite tiles2.TIF,75,72.48387097,72,3.041338497,134.9354839,122.5,36.22905222,0,0,0,124
not building,/content/CompositeTiles/Composite tiles2.TIF,76,144.2247557,144,9.66229312,198.1921824,217,59.06849282,0,0,0,307
not building,/content/CompositeTiles/Composite tiles2.TIF,77,86.98823529,71,27.59418557,206.9607843,255,59.00181479,0,0,0,510
building,/content/CompositeTiles/Composite tiles2.TIF,78,72.21428571,71,4.166914031,141.7467532,129,32.85793144,0,0,0,154
not building,/content/CompositeTiles/Composite tiles2.TIF,79,69.27433628,63,16.02486883,255,255,0,0,0,0,1356
not building,/content/CompositeTiles/Composite tiles2.TIF,80,121.3253012,123,16.45263991,252.8674699,255,11.1374448,0,0,0,166
not building,/content/CompositeTiles/Composite tiles2.TIF,81,107.6443966,111.5,21.05761418,251.1487069,255,14.12496103,0,0,0,464
building,/content/CompositeTiles/Composite tiles2.TIF,82,66.88764591,65,8.631480428,163.3784047,146,50.97268667,0,0,0,2056
not building,/content/CompositeTiles/Composite tiles2.TIF,83,145.4107302,155,38.74843863,226.7629118,255,69.80115585,0,0,0,4492
not building,/content/CompositeTiles/Composite tiles2.TIF,84,155.7602257,155,13.31988123,126.7306065,105,63.36013823,0,0,0,1418
not building,/content/CompositeTiles/Composite tiles2.TIF,85,106.4773347,104,35.32393247,233.6762434,255,47.32950516,0,0,0,30421
not building,/content/CompositeTiles/Composite tiles2.TIF,86,67.29770992,67,2.267239827,168.6641221,166,18.99602638,0,0,0,131
not building,/content/CompositeTiles/Composite tiles2.TIF,87,118.8114808,98,31.10406533,254.3503396,255,4.432393543,0,0,0,31949
not building,/content/CompositeTiles/Composite tiles2.TIF,88,139.6956522,144,11.34990819,177.3913043,169,60.35023802,0,0,0,23
building,/content/CompositeTiles/Composite tiles2.TIF,89,84.77443609,79,18.19056045,143.443609,129,33.25780219,0,0,0,133
not building,/content/CompositeTiles/Composite tiles2.TIF,90,103.8907019,97,21.73844947,254.999741,255,0.022758151,0,0,0,7722
not building,/content/CompositeTiles/Composite tiles2.TIF,91,147.0317034,148,7.049445242,254.9946265,255,0.240841112,0,0,0,5583
not building,/content/CompositeTiles/Composite tiles2.TIF,92,118.729771,117.5,17.27369131,254.6587786,255,3.024641048,0,0,0,1310
building,/content/CompositeTiles/Composite tiles2.TIF,93,67.37931034,67,3.27386509,135.4137931,124,32.10598531,0,0,0,87
not building,/content/CompositeTiles/Composite tiles2.TIF,94,168.5352113,170,7.439580077,117.8591549,111,31.66652641,0,0,0,71
not building,/content/CompositeTiles/Composite tiles2.TIF,95,96.11532793,90,27.99625529,219.9237288,255,59.49190173,0,0,0,2714
not building,/content/CompositeTiles/Composite tiles2.TIF,96,130.0967742,136,17.2090652,255,255,0,0,0,0,31
not building,/content/CompositeTiles/Composite tiles2.TIF,97,95.11039886,101,25.16014078,254.7179487,255,2.861512422,0,0,0,4212
not building,/content/CompositeTiles/Composite tiles2.TIF,98,146.6666667,146,9.269009112,156.5128205,154,33.9032347,0,0,0,39
not building,/content/CompositeTiles/Composite tiles2.TIF,99,101.4966901,98,29.97748471,233.5306216,255,43.33889289,0,0,0,24019
not building,/content/CompositeTiles/Composite tiles2.TIF,100,103.1969799,103,7.487075119,254.9827039,255,0.41868495,0,0,0,29602
building,/content/CompositeTiles/Composite tiles2.TIF,101,69.2020202,68,4.905119564,117.3333333,110,28.32816352,0,0,0,99
not building,/content/CompositeTiles/Composite tiles2.TIF,102,122.3469464,130,38.40308521,247.4877669,255,23.41048662,0,0,0,16063
not building,/content/CompositeTiles/Composite tiles2.TIF,103,137.5861769,140,9.972814827,254.8008567,255,2.32337054,0,0,0,13774
building,/content/CompositeTiles/Composite tiles2.TIF,104,65.29787234,66,2.75538076,135.5531915,118.5,42.25268895,0,0,0,94
not building,/content/CompositeTiles/Composite tiles2.TIF,105,133.6595914,140,20.82044304,254.1786786,255,8.505016963,0,0,0,37643
not building,/content/CompositeTiles/Composite tiles2.TIF,106,98.72348952,82,36.61783999,240.2352035,255,30.9359225,0,0,0,6488
not building,/content/CompositeTiles/Composite tiles2.TIF,107,124.1290323,126,19.27962087,168.3333333,154,54.73206159,0,0,0,93
building,/content/CompositeTiles/Composite tiles2.TIF,108,67.74193548,67,3.388478981,139.1290323,120,47.32210055,0,0,0,93
not building,/content/CompositeTiles/Composite tiles2.TIF,109,90.68493151,141,69.69657854,95.87671233,6,121.9318185,0,0,0,73
not building,/content/CompositeTiles/Composite tiles2.TIF,110,71.80208333,69,8.58398435,252.125,255,12.85455496,0,0,0,384
building,/content/CompositeTiles/Composite tiles3.TIF,0,63.21782178,63,2.595136199,120.3366337,115,21.05898234,0,0,0,202
building,/content/CompositeTiles/Composite tiles3.TIF,1,66.23376623,64,6.251017795,114.4350649,110,18.8737863,0,0,0,154
building,/content/CompositeTiles/Composite tiles3.TIF,2,64.09090909,64,2.695266742,112.3181818,108,20.35997619,0,0,0,154
building,/content/CompositeTiles/Composite tiles3.TIF,3,67.26451613,66,5.593864634,115.1096774,111,18.07138809,0,0,0,155
building,/content/CompositeTiles/Composite tiles3.TIF,4,67.75333333,67,2.80935738,118.9133333,116,17.50502277,0,0,0,150
building,/content/CompositeTiles/Composite tiles3.TIF,5,63.09333333,62,4.584534388,118.6333333,114,21.95371394,0,0,0,150
building,/content/CompositeTiles/Composite tiles3.TIF,6,66.09359606,66,3.860384673,116.91133,112,19.67850018,0,0,0,203
building,/content/CompositeTiles/Composite tiles3.TIF,7,63.62162162,63,2.869705243,124.3445946,121,17.44749376,0,0,0,148
building,/content/CompositeTiles/Composite tiles3.TIF,8,63.58333333,63,6.181101724,125.1018519,119,25.36143902,0,0,0,108
building,/content/CompositeTiles/Composite tiles3.TIF,9,67.48039216,67,4.335739284,115.5098039,109,25.23332107,0,0,0,102
building,/content/CompositeTiles/Composite tiles3.TIF,10,64.8875,65,3.138446073,113.9375,106,25.26526457,0,0,0,160
not building,/content/CompositeTiles/Composite tiles3.TIF,11,99.20272609,95,18.1693143,254.9984855,255,0.102952307,0,0,0,4622
building,/content/CompositeTiles/Composite tiles3.TIF,12,66.31132075,66,2.895550287,118.9056604,112,27.22184483,0,0,0,106
building,/content/CompositeTiles/Composite tiles3.TIF,13,65.39090909,65,5.127635384,121.0727273,113.5,28.40317175,0,0,0,110
building,/content/CompositeTiles/Composite tiles3.TIF,14,67.63815789,67,3.536555978,118.1842105,112.5,25.18547541,0,0,0,152
building,/content/CompositeTiles/Composite tiles3.TIF,15,67.26470588,67,3.52004476,114.254902,108.5,23.24704758,0,0,0,102
building,/content/CompositeTiles/Composite tiles3.TIF,16,66.64356436,66,4.440105606,121.0891089,115,25.50600745,0,0,0,101
building,/content/CompositeTiles/Composite tiles3.TIF,17,65.36448598,65,3.750121552,123.0186916,118,24.47771495,0,0,0,107
building,/content/CompositeTiles/Composite tiles3.TIF,18,65.13207547,64,4.457504742,123.7358491,110,40.00832505,0,0,0,106
not building,/content/CompositeTiles/Composite tiles3.TIF,19,103.4681239,104,6.315720717,254.71949,255,5.148576024,0,0,0,549
building,/content/CompositeTiles/Composite tiles3.TIF,20,65.26618705,64,4.598366209,134.0935252,117,39.92094564,0,0,0,139
not building,/content/CompositeTiles/Composite tiles3.TIF,21,91.22580645,93,4.541633054,253.7142857,255,2.638151247,0,0,0,217
not building,/content/CompositeTiles/Composite tiles3.TIF,22,141.4086957,142.5,11.45303882,187.0695652,181,52.36838106,0,0,0,230
not building,/content/CompositeTiles/Composite tiles3.TIF,23,164.4458874,164,10.10102082,157.1774892,144,58.6662629,0,0,0,231
not building,/content/CompositeTiles/Composite tiles3.TIF,24,93.16466266,82,30.92716043,223.7262859,255,56.62999479,0,0,0,5988
not building,/content/CompositeTiles/Composite tiles3.TIF,25,145.254902,154,26.17179219,230.5374856,255,48.99666363,0,0,0,867
not building,/content/CompositeTiles/Composite tiles3.TIF,26,124.3391304,126,26.40648371,167.2869565,162,55.04366097,0,0,0,115
not building,/content/CompositeTiles/Composite tiles3.TIF,27,163.2695652,161,8.068534417,153.0434783,140,55.08087197,0,0,0,115
building,/content/CompositeTiles/Composite tiles3.TIF,28,65.73636364,65,4.485688906,116.8090909,111,21.80345905,0,0,0,110
building,/content/CompositeTiles/Composite tiles3.TIF,29,67.5631068,67,6.046213455,117.9514563,113,25.3236827,0,0,0,103
building,/content/CompositeTiles/Composite tiles3.TIF,30,66.48623853,65,6.998839588,120.0275229,112,29.61634148,0,0,0,109
building,/content/CompositeTiles/Composite tiles3.TIF,31,65.60952381,65,3.211572047,125.6095238,119,26.72630067,0,0,0,105
not building,/content/CompositeTiles/Composite tiles3.TIF,32,161.4391892,165,11.01303058,138.8243243,119,57.5293951,0,0,0,148
building,/content/CompositeTiles/Composite tiles3.TIF,33,63.4375,64,3.895467261,115.2410714,107,28.50947384,0,0,0,112
not building,/content/CompositeTiles/Composite tiles3.TIF,34,161.6442308,161,9.412469501,172.3846154,162.5,61.73692756,0,0,0,104
not building,/content/CompositeTiles/Composite tiles3.TIF,35,143.2078652,148.5,18.79775701,130.9438202,115,62.44392713,0,0,0,178
not building,/content/CompositeTiles/Composite tiles3.TIF,36,112.5437788,114,18.48574418,253.3225806,255,11.33515785,0,0,0,217
not building,/content/CompositeTiles/Composite tiles3.TIF,37,142.1987952,141,11.87293159,165.0843373,153,46.21562997,0,0,0,166
building,/content/CompositeTiles/Composite tiles3.TIF,38,64.58783784,63,5.283744902,121.2905405,114,28.21496952,0,0,0,148
building,/content/CompositeTiles/Composite tiles3.TIF,39,63.18518519,63,4.333649878,127.3209877,119,29.38099123,0,0,0,162
not building,/content/CompositeTiles/Composite tiles3.TIF,40,142.6638655,141,12.20743492,135.7731092,117,62.16593909,0,0,0,238
not building,/content/CompositeTiles/Composite tiles3.TIF,41,165.5,164,9.334345183,160.7133333,150,56.14212164,0,0,0,150
not building,/content/CompositeTiles/Composite tiles3.TIF,42,61.78913738,59,10.91882378,254.3801917,255,5.127061944,0,0,0,313
building,/content/CompositeTiles/Composite tiles3.TIF,43,62.19417476,61,4.140864908,112.3398058,109,18.74849037,0,0,0,103
building,/content/CompositeTiles/Composite tiles3.TIF,44,59.83636364,60,4.20503437,122.2909091,120.5,21.39768274,0,0,0,110
building,/content/CompositeTiles/Composite tiles3.TIF,45,63.64485981,63,4.362654462,110.0186916,107,16.8334232,0,0,0,107
building,/content/CompositeTiles/Composite tiles3.TIF,46,61.03816794,61,3.560608448,159.7862595,156,24.48398998,0,0,0,131
building,/content/CompositeTiles/Composite tiles3.TIF,47,64.18867925,64,3.516662603,119.7735849,115,24.66809222,0,0,0,159
building,/content/CompositeTiles/Composite tiles3.TIF,48,64.8952381,64,3.677275932,115.5619048,110,22.7189553,0,0,0,105
building,/content/CompositeTiles/Composite tiles3.TIF,49,64.4245283,62,8.371050872,134.6132075,128.5,27.97389981,0,0,0,106
building,/content/CompositeTiles/Composite tiles3.TIF,50,63.79807692,63,1.739693871,112.9711538,108.5,21.84757368,0,0,0,104
building,/content/CompositeTiles/Composite tiles3.TIF,51,60.96330275,60,6.236804942,132.1009174,126,25.30871589,0,0,0,109
building,/content/CompositeTiles/Composite tiles3.TIF,52,62.86,63,3.2955121,120.24,114,26.01773241,0,0,0,100
building,/content/CompositeTiles/Composite tiles3.TIF,53,59.09395973,59,2.143641391,164.8456376,164,25.89284186,0,0,0,149
building,/content/CompositeTiles/Composite tiles3.TIF,54,62.00961538,62,1.397079318,118.5769231,112.5,23.81971239,0,0,0,104
building,/content/CompositeTiles/Composite tiles3.TIF,55,61.73267327,61,3.060094767,124.4851485,119,27.10398526,0,0,0,101
not building,/content/CompositeTiles/Composite tiles3.TIF,56,73.67692308,70,7.83831685,255,255,0,0,0,0,195
building,/content/CompositeTiles/Composite tiles3.TIF,57,64.97,64,5.166149436,124.57,117.5,29.6642057,0,0,0,100
building,/content/CompositeTiles/Composite tiles3.TIF,58,64.6,64,2.857238094,124.5619048,116,31.46030721,0,0,0,105
building,/content/CompositeTiles/Composite tiles3.TIF,59,62.28703704,62,5.446798118,131.3611111,127,23.23090946,0,0,0,108
building,/content/CompositeTiles/Composite tiles3.TIF,60,59.51724138,59,3.556426601,161.3218391,156,30.68258991,0,0,0,261
building,/content/CompositeTiles/Composite tiles3.TIF,61,64.47321429,64,3.079192326,122.4910714,114.5,31.90191316,0,0,0,112
building,/content/CompositeTiles/Composite tiles3.TIF,62,66.58959538,65,6.200811653,130.3294798,116,41.32699293,0,0,0,173
building,/content/CompositeTiles/Composite tiles3.TIF,63,62.1,62,2.345918441,130.2066667,125.5,24.66016941,0,0,0,150
not building,/content/CompositeTiles/Composite tiles3.TIF,64,120.7407407,127,21.68586406,255,255,0,0,0,0,189
not building,/content/CompositeTiles/Composite tiles3.TIF,65,170.6474954,168,10.58204312,124.528757,108,61.00029356,0,0,0,539
not building,/content/CompositeTiles/Composite tiles3.TIF,66,176.6829684,177,5.827861343,254.926764,255,1.540132705,0,0,0,4110
building,/content/CompositeTiles/Composite tiles3.TIF,67,63.81651376,64,2.354636798,118.5045872,114,21.80170175,0,0,0,109
not building,/content/CompositeTiles/Composite tiles3.TIF,68,168.1866667,168,7.535150223,162.1866667,156,62.33751002,0,0,0,150
not building,/content/CompositeTiles/Composite tiles3.TIF,69,160.0693878,157,13.23751941,154.4,139,65.1855374,0,0,0,245
not building,/content/CompositeTiles/Composite tiles3.TIF,70,171.6370695,172,3.067926132,231.1640783,232,18.25788942,0,0,0,2962
not building,/content/CompositeTiles/Composite tiles3.TIF,71,166.885906,166,8.540884855,172.8993289,169,66.40780509,0,0,0,149
not building,/content/CompositeTiles/Composite tiles3.TIF,72,161.3003413,163,12.19684539,168.6496018,159,56.26558262,0,0,0,879
not building,/content/CompositeTiles/Composite tiles3.TIF,73,157.0200553,158,14.22683306,176.6141079,171,59.23017361,0,0,0,2892
building,/content/CompositeTiles/Composite tiles3.TIF,74,63.25862069,63,4.026037432,125.6982759,117.5,29.97188908,0,0,0,116
building,/content/CompositeTiles/Composite tiles3.TIF,75,61.60189573,61,5.499917811,115.8056872,110,24.50544317,0,0,0,211
building,/content/CompositeTiles/Composite tiles3.TIF,76,65.73154362,65,2.918652977,116.3825503,111,22.58989419,0,0,0,149
building,/content/CompositeTiles/Composite tiles3.TIF,77,64.65789474,65,2.75562884,111.3947368,107,22.98344882,0,0,0,152
building,/content/CompositeTiles/Composite tiles3.TIF,78,69.13157895,67,7.573920116,120.8421053,114,26.39255907,0,0,0,152
building,/content/CompositeTiles/Composite tiles3.TIF,79,62.99115044,63,4.762492794,128.2389381,124,22.59582322,0,0,0,113
building,/content/CompositeTiles/Composite tiles3.TIF,80,65.91981132,66,2.884274861,113.2075472,105.5,27.71969431,0,0,0,212
building,/content/CompositeTiles/Composite tiles3.TIF,81,62.91079812,62,5.302716623,118.629108,110,27.96675588,0,0,0,213
building,/content/CompositeTiles/Composite tiles3.TIF,82,61.69934641,62,5.055360149,125.5882353,121,21.22445544,0,0,0,153
building,/content/CompositeTiles/Composite tiles3.TIF,83,61.17431193,62,3.95350045,117.853211,108,33.04815105,0,0,0,109
building,/content/CompositeTiles/Composite tiles3.TIF,84,60.8241206,60,5.345755946,129.4723618,123,25.90159169,0,0,0,199
building,/content/CompositeTiles/Composite tiles3.TIF,85,64.47014925,65,2.256633004,123.3395522,115.5,28.73022362,0,0,0,268
building,/content/CompositeTiles/Composite tiles3.TIF,86,63.49107143,62,4.452117345,120.2767857,114,23.3972716,0,0,0,112
building,/content/CompositeTiles/Composite tiles3.TIF,87,67.18238994,66,3.779879446,121.7044025,115,27.00676679,0,0,0,159
building,/content/CompositeTiles/Composite tiles3.TIF,88,60.25233645,60,3.874415139,116.7476636,111,24.87166817,0,0,0,107
building,/content/CompositeTiles/Composite tiles3.TIF,89,66.80745342,66,2.991739202,123.310559,117,27.90428094,0,0,0,161
building,/content/CompositeTiles/Composite tiles3.TIF,90,57.25471698,58,4.249442407,118.490566,113,20.63896538,0,0,0,106
building,/content/CompositeTiles/Composite tiles3.TIF,91,63.71568627,64,3.886571782,119.9901961,113,29.58652817,0,0,0,102
building,/content/CompositeTiles/Composite tiles3.TIF,92,59.14173228,60,6.485264229,127.3543307,117,35.0314881,0,0,0,127
building,/content/CompositeTiles/Composite tiles3.TIF,93,63.93203883,63,3.447982767,115.7961165,108,32.32882006,0,0,0,103
building,/content/CompositeTiles/Composite tiles3.TIF,94,69.57281553,66,11.91605097,120.0194175,115,26.07382372,0,0,0,103
building,/content/CompositeTiles/Composite tiles3.TIF,95,60.99009901,61,2.723186287,119.029703,113,24.94606278,0,0,0,101
building,/content/CompositeTiles/Composite tiles3.TIF,96,66.48598131,66,4.100067212,117.3551402,110,25.19392166,0,0,0,107
building,/content/CompositeTiles/Composite tiles3.TIF,97,63.66666667,64,3.229821362,116.5142857,109,28.19628962,0,0,0,105
building,/content/CompositeTiles/Composite tiles3.TIF,98,65.41904762,65,3.18562531,127.9333333,116,36.56364749,0,0,0,105
building,/content/CompositeTiles/Composite tiles3.TIF,99,63.9109589,64,3.322652087,125.4726027,121.5,21.79864116,0,0,0,146
building,/content/CompositeTiles/Composite tiles3.TIF,100,64.54716981,64,3.814401893,117.4339623,109,28.81005422,0,0,0,106
building,/content/CompositeTiles/Composite tiles3.TIF,101,60.85849057,59,7.319447705,151.0566038,142,28.10083937,0,0,0,106
building,/content/CompositeTiles/Composite tiles3.TIF,102,61.15652174,62,5.086369346,133.4,115,46.3725556,0,0,0,115
building,/content/CompositeTiles/Composite tiles3.TIF,103,64.59405941,65,2.252295717,120.5742574,115,25.01300515,0,0,0,101
building,/content/CompositeTiles/Composite tiles3.TIF,104,61.99099099,62,4.352684779,135.2072072,126,31.56806378,0,0,0,111
building,/content/CompositeTiles/Composite tiles3.TIF,105,62.45794393,62,3.528999683,125.2523364,118,27.84002815,0,0,0,107
building,/content/CompositeTiles/Composite tiles3.TIF,106,62.26363636,62,4.814140672,123.4272727,116.5,30.72383117,0,0,0,110
building,/content/CompositeTiles/Composite tiles3.TIF,107,59.65137615,60,4.204358042,126.2477064,116,35.06616445,0,0,0,109
building,/content/CompositeTiles/Composite tiles3.TIF,108,70.17142857,68,6.840296767,129.352381,119,32.25788378,0,0,0,105
building,/content/CompositeTiles/Composite tiles3.TIF,109,65.88073394,66,4.270068153,117.0733945,108,33.88964996,0,0,0,109
not building,/content/CompositeTiles/Composite tiles3.TIF,110,143.2279793,144,15.55701013,156.8549223,148,59.97019717,0,0,0,193
building,/content/CompositeTiles/Composite tiles3.TIF,111,61.77358491,61,3.739849202,133.3113208,124.5,33.24135955,0,0,0,106
not building,/content/CompositeTiles/Composite tiles3.TIF,112,160.1904762,160,9.309590793,167.9238095,161,58.57119319,0,0,0,105
building,/content/CompositeTiles/Composite tiles3.TIF,113,63.51405622,61,8.924088786,148.4939759,129,48.02669275,0,0,0,249
not building,/content/CompositeTiles/Composite tiles3.TIF,114,155.9013158,155,11.77685055,142.1644737,128.5,64.57619368,0,0,0,152
building,/content/CompositeTiles/Composite tiles3.TIF,115,62.90371991,62,7.382302404,125.7833698,112,40.56519602,0,0,0,457
not building,/content/CompositeTiles/Composite tiles3.TIF,116,154.6657754,155,13.14147839,173.0454545,169.5,60.40576316,0,0,0,374
not building,/content/CompositeTiles/Composite tiles3.TIF,117,144.9090909,149,17.08260123,175.7700535,161,56.14958594,0,0,0,187
not building,/content/CompositeTiles/Composite tiles3.TIF,118,156.1305182,158,16.43746509,253.0767754,255,10.99964482,0,0,0,521
building,/content/CompositeTiles/Composite tiles3.TIF,119,64.53603604,64,5.136519886,134.2567568,116,47.5012738,0,0,0,222
building,/content/CompositeTiles/Composite tiles3.TIF,120,64.68619247,63,6.19132354,131.9372385,115,45.87987127,0,0,0,239
building,/content/CompositeTiles/Composite tiles3.TIF,121,67.47413793,66,6.321093869,121.8362069,110,37.28014725,0,0,0,116
building,/content/CompositeTiles/Composite tiles3.TIF,122,65,65.5,3.988823672,126.9196429,116,34.92981187,0,0,0,112
building,/content/CompositeTiles/Composite tiles3.TIF,123,62.66244726,62,7.431542928,141.5021097,125,47.07966356,0,0,0,237
building,/content/CompositeTiles/Composite tiles3.TIF,124,69.15044248,67,5.828251668,141.7256637,124,45.8283152,0,0,0,113
building,/content/CompositeTiles/Composite tiles3.TIF,125,62.93965517,61,6.749570603,141.1551724,129,38.82112015,0,0,0,116
not building,/content/CompositeTiles/Composite tiles3.TIF,126,151.6203209,151,14.83132304,173.026738,165,56.86887377,0,0,0,187
building,/content/CompositeTiles/Composite tiles3.TIF,127,63.72903226,64,3.93874006,133.7032258,118,41.74533765,0,0,0,155
not building,/content/CompositeTiles/Composite tiles3.TIF,128,120.0945455,113,23.93973812,254.2836364,255,7.493967602,0,0,0,275
building,/content/CompositeTiles/Composite tiles3.TIF,129,67.625,67.5,3.467858369,128.1458333,123.5,23.40449528,0,0,0,96
building,/content/CompositeTiles/Composite tiles3.TIF,130,63.28571429,63.5,2.64832125,112.0238095,106,26.49122774,0,0,0,84
building,/content/CompositeTiles/Composite tiles3.TIF,131,63.06896552,62,4.853706022,120.5517241,112,28.89169575,0,0,0,87
building,/content/CompositeTiles/Composite tiles3.TIF,132,63.54081633,63,3.323289394,119.0204082,113,25.8614754,0,0,0,98
building,/content/CompositeTiles/Composite tiles3.TIF,133,67.66666667,67,4.249859137,116.6436782,111,28.07542264,0,0,0,87
building,/content/CompositeTiles/Composite tiles3.TIF,134,63.88,63,3.191488681,122.0666667,114,27.63492155,0,0,0,75
building,/content/CompositeTiles/Composite tiles3.TIF,135,65.2804878,64,4.067342844,121.402439,116,22.67364418,0,0,0,82
building,/content/CompositeTiles/Composite tiles3.TIF,136,69.38554217,68,4.13282868,123.253012,118,24.80130359,0,0,0,83
building,/content/CompositeTiles/Composite tiles3.TIF,137,66.10465116,66,3.337695451,121.9302326,113,28.31992917,0,0,0,86
building,/content/CompositeTiles/Composite tiles3.TIF,138,66.2027027,66,2.525436701,124.2702703,116.5,28.39361238,0,0,0,74
building,/content/CompositeTiles/Composite tiles3.TIF,139,65.21428571,65,3.622257349,128.0238095,119.5,30.52203583,0,0,0,84
building,/content/CompositeTiles/Composite tiles3.TIF,140,65.64197531,65,3.468762337,126.6296296,118,29.55198159,0,0,0,81
not building,/content/CompositeTiles/Composite tiles3.TIF,141,83.90866976,69,28.03894187,229.7774983,255,53.09838648,0,0,0,7555
building,/content/CompositeTiles/Composite tiles3.TIF,142,64.17699115,63,3.624474545,120.7522124,111,35.76262225,0,0,0,113
building,/content/CompositeTiles/Composite tiles3.TIF,143,63.41104294,63,5.045474266,127.2177914,119,32.91817038,0,0,0,326
building,/content/CompositeTiles/Composite tiles3.TIF,144,66.66292135,66,2.693912489,127.8426966,116,35.46699649,0,0,0,89
building,/content/CompositeTiles/Composite tiles3.TIF,145,66.80681818,65,7.405246842,123.9431818,109.5,43.28272749,0,0,0,88
not building,/content/CompositeTiles/Composite tiles3.TIF,146,122.6,125.5,18.69010433,191.82,210,61.58139005,0,0,0,50
building,/content/CompositeTiles/Composite tiles3.TIF,147,65.87096774,65,3.745178424,126.8172043,113,41.61212247,0,0,0,93
not building,/content/CompositeTiles/Composite tiles3.TIF,148,129.3793103,130,8.821657492,207.862069,209,17.61410904,0,0,0,29
building,/content/CompositeTiles/Composite tiles3.TIF,149,67.34437086,66,6.458267823,138.9668874,122,44.60992335,0,0,0,151
building,/content/CompositeTiles/Composite tiles3.TIF,150,68.96396396,66,14.73179312,133.7747748,121,39.76681687,0,0,0,111
not building,/content/CompositeTiles/Composite tiles3.TIF,151,102.4600385,102,6.922906742,254.9632226,255,0.689328699,0,0,0,20257
not building,/content/CompositeTiles/Composite tiles3.TIF,152,117.8235858,118,6.822246168,254.2432021,255,4.831045463,0,0,0,30230
building,/content/CompositeTiles/Composite tiles3.TIF,153,67.5862069,65,8.549452794,120.4137931,113,29.5259682,0,0,0,87
building,/content/CompositeTiles/Composite tiles3.TIF,154,65.44444444,65,2.773329772,136.2666667,120,41.68927387,0,0,0,90
building,/content/CompositeTiles/Composite tiles3.TIF,155,63.29292929,62,4.548842733,129.8686869,125,24.11699031,0,0,0,99
building,/content/CompositeTiles/Composite tiles3.TIF,156,64.12371134,64,1.938528148,117.6082474,113,19.87359887,0,0,0,97
building,/content/CompositeTiles/Composite tiles3.TIF,157,56.30864198,58,7.523858308,128.7777778,123,26.19065897,0,0,0,81
building,/content/CompositeTiles/Composite tiles3.TIF,158,57.24675325,57,6.734589613,129.1298701,123,26.25318813,0,0,0,77
building,/content/CompositeTiles/Composite tiles3.TIF,159,63.75581395,64,5.63819212,121.0116279,115.5,23.67291367,0,0,0,86
building,/content/CompositeTiles/Composite tiles3.TIF,160,64.02597403,62,5.075978636,121.2857143,117,22.71097746,0,0,0,77
building,/content/CompositeTiles/Composite tiles3.TIF,161,66.32911392,64,5.967679868,123.1518987,118,23.6285006,0,0,0,79
building,/content/CompositeTiles/Composite tiles3.TIF,162,66.89795918,66,5.242078175,130.3877551,124,29.3124034,0,0,0,98
not building,/content/CompositeTiles/Composite tiles3.TIF,163,166.4516129,167,6.095152541,161.0645161,151,45.06549748,0,0,0,31
not building,/content/CompositeTiles/Composite tiles3.TIF,164,66.1375,59.5,14.43411216,255,255,0,0,0,0,80
not building,/content/CompositeTiles/Composite tiles3.TIF,165,143.3298246,145,9.084978249,177.1508772,174,53.47767241,0,0,0,285
not building,/content/CompositeTiles/Composite tiles3.TIF,166,151.125,149,5.813507977,189.15625,181.5,48.01439197,0,0,0,32
not building,/content/CompositeTiles/Composite tiles3.TIF,167,148.7,149,13.84954873,156.8242424,146,58.03342313,0,0,0,330
not building,/content/CompositeTiles/Composite tiles3.TIF,168,167.3387097,166.5,7.324161404,165.0806452,159.5,64.25159679,0,0,0,62
not building,/content/CompositeTiles/Composite tiles3.TIF,169,171.4553677,171,6.652168004,252.2038038,255,12.83076459,0,0,0,51633
building,/content/CompositeTiles/Composite tiles3.TIF,170,64.01030928,64,4.868359544,117.8453608,111,25.98109551,0,0,0,97
building,/content/CompositeTiles/Composite tiles3.TIF,171,65.16483516,65,2.538770734,127.978022,122,25.46101438,0,0,0,91
building,/content/CompositeTiles/Composite tiles3.TIF,172,67.19101124,67,5.570541306,130.258427,115,39.28161879,0,0,0,89
building,/content/CompositeTiles/Composite tiles3.TIF,173,68.45454545,67.5,3.444063044,117.7272727,104.5,40.05584944,0,0,0,88
not building,/content/CompositeTiles/Composite tiles3.TIF,174,88.95173233,78,30.76064925,234.8037582,255,47.49312394,0,0,0,127083
building,/content/CompositeTiles/Composite tiles3.TIF,175,63.20408163,63,3.700411405,132.5612245,124.5,31.20474399,0,0,0,98
building,/content/CompositeTiles/Composite tiles3.TIF,176,63.24137931,62,5.83088392,139.2183908,134,28.74438487,0,0,0,87
not building,/content/CompositeTiles/Composite tiles3.TIF,177,166.1531484,169,11.7084537,248.6537144,255,25.38369909,0,0,0,71545
building,/content/CompositeTiles/Composite tiles3.TIF,178,63.35227273,63,3.624536876,131.6931818,116.5,43.15915524,0,0,0,88
building,/content/CompositeTiles/Composite tiles3.TIF,179,64.42857143,64,3.187987658,128.7857143,121,30.28007023,0,0,0,98
building,/content/CompositeTiles/Composite tiles3.TIF,180,65.6835443,64,7.82489423,129.3544304,120,30.28975596,0,0,0,79
building,/content/CompositeTiles/Composite tiles3.TIF,181,63.6627907,64,3.835605726,120.5232558,110,32.91381513,0,0,0,86
not building,/content/CompositeTiles/Composite tiles3.TIF,182,84.92681202,69,32.91467792,224.5631114,255,57.42289797,0,0,0,8485
building,/content/CompositeTiles/Composite tiles3.TIF,183,66.02222222,65,4.910256336,121.0666667,112,32.75050466,0,0,0,90
building,/content/CompositeTiles/Composite tiles3.TIF,184,60.63043478,62,3.157865925,135.9456522,122,36.76108651,0,0,0,92
building,/content/CompositeTiles/Composite tiles3.TIF,185,66.40243902,65,3.754216349,119.8170732,110.5,37.21563009,0,0,0,82
building,/content/CompositeTiles/Composite tiles3.TIF,186,66.46987952,66,5.573900776,124.9759036,115,33.43289481,0,0,0,83
building,/content/CompositeTiles/Composite tiles3.TIF,187,64.24418605,63,5.621669136,118.0348837,109,33.17622001,0,0,0,86
building,/content/CompositeTiles/Composite tiles3.TIF,188,64.41975309,63,3.996492899,130.3580247,120,33.11681854,0,0,0,81
building,/content/CompositeTiles/Composite tiles3.TIF,189,69.375,66,10.19216407,121.3958333,104.5,41.84507119,0,0,0,96
building,/content/CompositeTiles/Composite tiles3.TIF,190,61.54878049,61,4.56164401,121.4390244,115.5,21.00121806,0,0,0,82
building,/content/CompositeTiles/Composite tiles3.TIF,191,67.64772727,67,4.188837365,131.8068182,121,37.06991489,0,0,0,88
building,/content/CompositeTiles/Composite tiles3.TIF,192,64.33707865,64,3.147832571,134.0898876,118,42.27083369,0,0,0,89
building,/content/CompositeTiles/Composite tiles3.TIF,193,64.51136364,64,3.089551005,122.9204545,111,33.81877558,0,0,0,88
building,/content/CompositeTiles/Composite tiles3.TIF,194,70.29487179,69,5.184070706,132.2564103,111.5,47.4926272,0,0,0,78
building,/content/CompositeTiles/Composite tiles3.TIF,195,69.04705882,68,4.565615434,130.2235294,118,36.42151157,0,0,0,85
not building,/content/CompositeTiles/Composite tiles3.TIF,196,136.0465116,134.5,14.57850199,151.7674419,140,64.01592724,0,0,0,86
building,/content/CompositeTiles/Composite tiles3.TIF,197,65.16091954,65,3.290088086,130.137931,117,38.34302898,0,0,0,87
building,/content/CompositeTiles/Composite tiles3.TIF,198,70.84375,66.5,11.57613217,166.3125,161,22.10265468,0,0,0,32
not building,/content/CompositeTiles/Composite tiles3.TIF,199,158.0740741,159,6.996961912,169.7407407,155,38.0794419,0,0,0,27
building,/content/CompositeTiles/Composite tiles3.TIF,200,69.14444444,67,6.680919948,132.5333333,118,40.01699639,0,0,0,90
building,/content/CompositeTiles/Composite tiles3.TIF,201,62.15384615,62,4.997632576,180,180.5,18.13411574,0,0,0,26
building,/content/CompositeTiles/Composite tiles3.TIF,202,68.64,68,1.64632925,182.28,178,20.55143791,0,0,0,25
not building,/content/CompositeTiles/Composite tiles3.TIF,203,146.3181818,156,20.59211315,250.5909091,255,15.01713897,0,0,0,22
not building,/content/CompositeTiles/Composite tiles3.TIF,204,154.6164179,154,12.88423886,164.1089552,154,58.54309608,0,0,0,670
building,/content/CompositeTiles/Composite tiles4.TIF,0,67.24516129,65,8.93008105,140,132,28.98876312,0,0,0,155
building,/content/CompositeTiles/Composite tiles4.TIF,1,62.91044776,62,3.452152014,143.9626866,141,22.55752405,0,0,0,134
building,/content/CompositeTiles/Composite tiles4.TIF,2,72.8,68,15.59715074,130.5407407,119,33.33616943,0,0,0,135
building,/content/CompositeTiles/Composite tiles4.TIF,3,73.046875,68,11.3906893,115.078125,108,24.3463323,0,0,0,128
building,/content/CompositeTiles/Composite tiles4.TIF,4,68.86725664,68,3.831643804,126.4513274,118,28.48349659,0,0,0,113
building,/content/CompositeTiles/Composite tiles4.TIF,5,60.52066116,61,7.804532666,116.7190083,112,21.43150656,0,0,0,121
building,/content/CompositeTiles/Composite tiles4.TIF,6,72.92436975,66,20.24146658,120.5294118,112,28.02454612,0,0,0,119
building,/content/CompositeTiles/Composite tiles4.TIF,7,67.74342105,67,4.938432404,132.8815789,126,24.44191132,0,0,0,152
not building,/content/CompositeTiles/Composite tiles4.TIF,8,155.0221239,156,6.770867247,188.1415929,190.5,50.58478684,0,0,0,226
building,/content/CompositeTiles/Composite tiles4.TIF,9,60.05,61,5.800646516,120.79,114.5,24.00178952,0,0,0,100
building,/content/CompositeTiles/Composite tiles4.TIF,10,63.88148148,63,3.594340926,152.9481481,147,27.94261806,0,0,0,135
not building,/content/CompositeTiles/Composite tiles4.TIF,11,145.0588235,144,17.56862745,171.7320261,155,64.58758117,0,0,0,153
building,/content/CompositeTiles/Composite tiles4.TIF,12,66.00621118,65,4.224296618,144.6521739,141,25.75813467,0,0,0,161
building,/content/CompositeTiles/Composite tiles4.TIF,13,75.12173913,75,7.513637255,107.6086957,100,27.12826078,0,0,0,115
building,/content/CompositeTiles/Composite tiles4.TIF,14,72.58,71,8.719533627,162.4666667,157.5,28.70416153,0,0,0,150
building,/content/CompositeTiles/Composite tiles4.TIF,15,68.62573099,63,19.02691949,131.8040936,119,36.06848077,0,0,0,342
not building,/content/CompositeTiles/Composite tiles4.TIF,16,151.6962617,151,8.451416131,172.4953271,165.5,57.23045295,0,0,0,214
building,/content/CompositeTiles/Composite tiles4.TIF,17,75.27619048,74,8.198135953,154.352381,148,27.10121451,0,0,0,105
building,/content/CompositeTiles/Composite tiles4.TIF,18,64.03614458,63,5.918005572,129.1204819,119,32.40347951,0,0,0,166
not building,/content/CompositeTiles/Composite tiles4.TIF,19,146,148,11.41505898,218.0803571,220,28.33572278,0,0,0,112
not building,/content/CompositeTiles/Composite tiles4.TIF,20,144.4407895,158,31.25231224,141.5197368,122.5,60.2870295,0,0,0,152
not building,/content/CompositeTiles/Composite tiles4.TIF,21,142.6051661,143,11.72230233,224.1365314,228,27.85452114,0,0,0,271
building,/content/CompositeTiles/Composite tiles4.TIF,22,55.94759825,55,6.899582665,122.1135371,114,28.36713826,0,0,0,229
building,/content/CompositeTiles/Composite tiles4.TIF,23,77.43548387,71,16.78912952,168.7983871,156.5,39.7522529,0,0,0,248
building,/content/CompositeTiles/Composite tiles4.TIF,24,58.60663507,59,7.011956853,134.7582938,127,24.7882667,0,0,0,211
building,/content/CompositeTiles/Composite tiles4.TIF,25,60.56603774,61,8.886091388,149.4188679,126,52.95232835,0,0,0,265
building,/content/CompositeTiles/Composite tiles4.TIF,26,63.944,63,5.079061331,182.08,179,30.77625058,0,0,0,125
not building,/content/CompositeTiles/Composite tiles4.TIF,27,158.57393,157.5,8.804368683,107.6439689,97,29.70810808,0,0,0,514
building,/content/CompositeTiles/Composite tiles4.TIF,28,63.70051813,62,9.604211605,167.5720207,164,17.44410005,0,0,0,965
building,/content/CompositeTiles/Composite tiles4.TIF,29,75.58536585,74,10.71578642,140.9939024,135.5,22.33298363,0,0,0,164
building,/content/CompositeTiles/Composite tiles4.TIF,30,68.22222222,63.5,11.60725614,123.9444444,117,19.91471012,0,0,0,162
not building,/content/CompositeTiles/Composite tiles4.TIF,31,167.9089475,168,6.519831216,254.5401456,255,3.950109832,0,0,0,21559
building,/content/CompositeTiles/Composite tiles4.TIF,32,64.04676617,62,7.86799057,152.7830846,151,15.2424751,0,0,0,1005
building,/content/CompositeTiles/Composite tiles4.TIF,33,72.73076923,70,7.744597914,130.0576923,122,27.42384336,0,0,0,156
building,/content/CompositeTiles/Composite tiles4.TIF,34,64.47309645,63,6.664516011,167.6375635,166,17.91932315,0,0,0,985
not building,/content/CompositeTiles/Composite tiles4.TIF,35,149.3738839,151,15.21273069,149.8097098,130,61.78443097,0,0,0,1792
building,/content/CompositeTiles/Composite tiles4.TIF,36,70.86770349,64,16.48679013,186.6134114,176,39.00632577,0,0,0,4951
not building,/content/CompositeTiles/Composite tiles4.TIF,37,138.1433333,138,16.81297482,154.0566667,138,65.78525764,0,0,0,300
building,/content/CompositeTiles/Composite tiles4.TIF,38,68.46406053,67,7.101606813,190.4527112,189,17.09665707,0,0,0,793
not building,/content/CompositeTiles/Composite tiles4.TIF,39,152.071977,155,16.42331104,131.1612284,111,52.60391337,0,0,0,1042
not building,/content/CompositeTiles/Composite tiles4.TIF,40,150.6033994,149,15.28913739,171.5637394,161,49.39362668,0,0,0,353
building,/content/CompositeTiles/Composite tiles4.TIF,41,65.512,62.5,11.1517647,125.172,121,21.78454535,0,0,0,250
not building,/content/CompositeTiles/Composite tiles4.TIF,42,168.6304846,169,6.237889899,254.6189721,255,2.695068341,0,0,0,17025
not building,/content/CompositeTiles/Composite tiles4.TIF,43,149.0853242,153,18.6687367,159.7406143,153,33.2323646,0,0,0,293
not building,/content/CompositeTiles/Composite tiles4.TIF,44,156.0104712,155,17.00302494,167.574171,161,65.98865651,0,0,0,573
not building,/content/CompositeTiles/Composite tiles4.TIF,45,155.5103448,154.5,10.7793655,146.0344828,130,67.22657662,0,0,0,290
building,/content/CompositeTiles/Composite tiles4.TIF,46,78.25791855,76,12.11078175,155.280543,145,32.19543027,0,0,0,221
not building,/content/CompositeTiles/Composite tiles4.TIF,47,148.9666667,150,9.474468616,124.8259259,118,32.16501542,0,0,0,270
building,/content/CompositeTiles/Composite tiles4.TIF,48,72.22513089,71,4.187565345,183.5759162,182,23.24923567,0,0,0,191
not building,/content/CompositeTiles/Composite tiles4.TIF,49,155.5821727,156,12.41446044,157.8588672,144,61.45935351,0,0,0,1077
not building,/content/CompositeTiles/Composite tiles4.TIF,50,144.6278195,147,20.048077,153.2481203,136,59.19493171,0,0,0,532
not building,/content/CompositeTiles/Composite tiles4.TIF,51,142.3539823,143,13.35950847,181.2123894,176,50.52616098,0,0,0,113
not building,/content/CompositeTiles/Composite tiles4.TIF,52,163.5358956,164,9.83611072,254.7577955,255,3.179783823,0,0,0,1379
not building,/content/CompositeTiles/Composite tiles4.TIF,53,152.9033149,157,17.18871659,254.5745856,255,4.685845086,0,0,0,362
not building,/content/CompositeTiles/Composite tiles4.TIF,54,69.29861111,68,6.997102437,254.9166667,255,0.996521729,0,0,0,144
not building,/content/CompositeTiles/Composite tiles4.TIF,55,119.576324,120,33.33229189,216.0280374,217,15.38161986,0,0,0,321
building,/content/CompositeTiles/Composite tiles4.TIF,56,71.69381107,71,7.545997546,115.6123779,112,19.08483316,0,0,0,307
building,/content/CompositeTiles/Composite tiles4.TIF,57,76.97391304,75,9.004308987,111.4304348,108,16.10460196,0,0,0,230
building,/content/CompositeTiles/Composite tiles4.TIF,58,72.93832599,72,6.838971174,115.3700441,112,17.68606763,0,0,0,227
building,/content/CompositeTiles/Composite tiles4.TIF,59,70.59854015,68,8.912764449,120.5620438,114,23.69972168,0,0,0,137
building,/content/CompositeTiles/Composite tiles4.TIF,60,71.44705882,70,7.750530733,165.6882353,163,23.16900522,0,0,0,170
building,/content/CompositeTiles/Composite tiles4.TIF,61,66.72280702,66,3.391993542,150.3649123,149,21.19169393,0,0,0,285
building,/content/CompositeTiles/Composite tiles4.TIF,62,75.20361991,73,11.78768379,112.8823529,107,21.96839989,0,0,0,221
building,/content/CompositeTiles/Composite tiles4.TIF,63,73.18376068,72,6.394809023,116.0042735,110,23.8593632,0,0,0,234
building,/content/CompositeTiles/Composite tiles4.TIF,64,69.53703704,67,7.860385824,136.7083333,130,32.83549239,0,0,0,216
building,/content/CompositeTiles/Composite tiles4.TIF,65,73.92121212,71,9.408563397,166.4606061,165,23.32393671,0,0,0,165
building,/content/CompositeTiles/Composite tiles4.TIF,66,73.0952381,72,4.29512195,146.9619048,142,26.70470756,0,0,0,105
building,/content/CompositeTiles/Composite tiles4.TIF,67,72.79094828,71,8.107138455,115.9806034,111.5,21.82566236,0,0,0,464
building,/content/CompositeTiles/Composite tiles4.TIF,68,70.7173913,69,4.929928021,145.1956522,142.5,25.97793342,0,0,0,138
building,/content/CompositeTiles/Composite tiles4.TIF,69,74.23809524,72,9.624532318,115.8593074,109,25.84267482,0,0,0,462
building,/content/CompositeTiles/Composite tiles4.TIF,70,71.59765625,71,3.525331652,117.5078125,108,26.74649396,0,0,0,256
not building,/content/CompositeTiles/Composite tiles4.TIF,71,76.11187215,70,14.42659884,254.9908676,255,0.190909086,0,0,0,438
not building,/content/CompositeTiles/Composite tiles4.TIF,72,150.2035928,153,16.29537935,227.760479,255,36.84003446,0,0,0,167
building,/content/CompositeTiles/Composite tiles4.TIF,73,72.20945946,70,7.40275093,119.5743243,113,23.24286907,0,0,0,148
not building,/content/CompositeTiles/Composite tiles4.TIF,74,136.0673077,142,17.10502874,164.9807692,160,23.94704927,0,0,0,104
not building,/content/CompositeTiles/Composite tiles4.TIF,75,93.23129252,87.5,25.41681591,211.7755102,255,52.2155131,0,0,0,294
building,/content/CompositeTiles/Composite tiles4.TIF,76,72.84084084,71,8.916119721,167.0750751,163,25.60857607,0,0,0,333
building,/content/CompositeTiles/Composite tiles4.TIF,77,70.87966805,70,6.563924534,135.6887967,132,30.19505467,0,0,0,241
not building,/content/CompositeTiles/Composite tiles4.TIF,78,151.765625,155,13.30344041,146.671875,137,40.02280132,0,0,0,192
building,/content/CompositeTiles/Composite tiles4.TIF,79,69.34,67,7.488951863,143.05,139,19.77744928,0,0,0,100
building,/content/CompositeTiles/Composite tiles4.TIF,80,70.81165919,70,4.062344684,135.0358744,133,28.75454443,0,0,0,223
building,/content/CompositeTiles/Composite tiles4.TIF,81,72.02941176,65,16.17093488,191.0392157,189,13.66541475,0,0,0,102
building,/content/CompositeTiles/Composite tiles4.TIF,82,90.64726027,70,30.18065854,192.9760274,192,62.12070751,0,0,0,292
building,/content/CompositeTiles/Composite tiles4.TIF,83,112,122.5,34.09642265,165.6415094,162.5,24.29814368,0,0,0,106
building,/content/CompositeTiles/Composite tiles4.TIF,84,70.13114754,69,3.84952801,124.1311475,122,17.23746911,0,0,0,122
not building,/content/CompositeTiles/Composite tiles4.TIF,85,84.20982143,82,12.61680045,171.6294643,171,18.40640484,0,0,0,224
building,/content/CompositeTiles/Composite tiles4.TIF,86,76.39555556,72,7.729825513,148.6177778,146,28.65388311,0,0,0,225
not building,/content/CompositeTiles/Composite tiles4.TIF,87,21.26639344,0,53.08559761,0.889344262,0,2.225055069,0,0,0,244
not building,/content/CompositeTiles/Composite tiles4.TIF,88,79.33658537,73,12.70332693,201.0536585,200,5.829449941,0,0,0,205
not building,/content/CompositeTiles/Composite tiles4.TIF,89,81.56976744,76.5,13.39663908,181.1046512,175,20.43444561,0,0,0,258
not building,/content/CompositeTiles/Composite tiles4.TIF,90,161.6871166,163,10.11196307,201.1840491,200,49.0111092,0,0,0,163
not building,/content/CompositeTiles/Composite tiles4.TIF,91,73.6024735,71,6.872199916,254.9893993,255,0.356505408,0,0,0,1132
not building,/content/CompositeTiles/Composite tiles4.TIF,92,90.83988764,88.5,20.59561653,213.1011236,214,9.371298453,0,0,0,356
not building,/content/CompositeTiles/Composite tiles4.TIF,93,145.0136519,148,19.05568859,129.6348123,109,65.24424902,0,0,0,293
not building,/content/CompositeTiles/Composite tiles4.TIF,94,156.8844444,156,8.389675018,219.2311111,226,36.40024311,0,0,0,225
not building,/content/CompositeTiles/Composite tiles4.TIF,95,91.85185185,84,18.94158409,248.162037,255,14.93958957,0,0,0,216
not building,/content/CompositeTiles/Composite tiles4.TIF,96,148.1478261,154,16.08658284,148.7173913,141,38.26001605,0,0,0,230
not building,/content/CompositeTiles/Composite tiles4.TIF,97,150.9623656,150,8.387374203,171.5591398,162.5,59.59305768,0,0,0,186
not building,/content/CompositeTiles/Composite tiles4.TIF,98,152.5446009,152,15.48963402,167.8184664,160,65.8246704,0,0,0,639
building,/content/CompositeTiles/Composite tiles4.TIF,99,75.84962406,72,7.487328886,148.9022556,146,26.5755738,0,0,0,266
not building,/content/CompositeTiles/Composite tiles4.TIF,100,145.5197368,144.5,13.06611245,153.1447368,137,60.62486114,0,0,0,152
not building,/content/CompositeTiles/Composite tiles4.TIF,101,74.75204918,72,6.85341215,255,255,0,0,0,0,488
not building,/content/CompositeTiles/Composite tiles4.TIF,102,88.25632741,74,26.36116729,196.9903069,225,62.45815325,0,0,0,1857
not building,/content/CompositeTiles/Composite tiles4.TIF,103,135.82,138.5,20.08948979,179.1,167,52.77755205,0,0,0,100
not building,/content/CompositeTiles/Composite tiles4.TIF,104,81.85606061,80,12.58373925,161.2272727,159,14.02680924,0,0,0,132
not building,/content/CompositeTiles/Composite tiles4.TIF,105,129.2847682,135,20.51792222,254.1456954,255,5.094338308,0,0,0,151
not building,/content/CompositeTiles/Composite tiles4.TIF,106,130.3310345,132,17.63971036,250.8275862,255,8.202896736,0,0,0,145
not building,/content/CompositeTiles/Composite tiles4.TIF,107,137.27446,140,16.48990745,207.3468869,255,72.03588951,0,0,0,787
not building,/content/CompositeTiles/Composite tiles4.TIF,108,131.027668,136,14.25110859,253.5,255,5.612045909,0,0,0,506
not building,/content/CompositeTiles/Composite tiles4.TIF,109,83.72328767,73,20.20192938,185.509589,185,11.71326568,0,0,0,730
not building,/content/CompositeTiles/Composite tiles4.TIF,110,79.05485232,73,15.88118954,172.7890295,172,5.82061355,0,0,0,237
not building,/content/CompositeTiles/Composite tiles4.TIF,111,154.6026201,152,14.22078533,152.2838428,135,66.45346897,0,0,0,229
not building,/content/CompositeTiles/Composite tiles4.TIF,112,123.2137405,125,12.15234569,255,255,0,0,0,0,131
building,/content/CompositeTiles/Composite tiles4.TIF,113,255,255,0,255,255,0,255,255,0,17935
building,/content/CompositeTiles/Composite tiles4.TIF,114,67.49253731,67,2.714654176,123.6044776,119,23.24047507,0,0,0,134
building,/content/CompositeTiles/Composite tiles4.TIF,115,66.88721805,66,3.421853992,149.5639098,143,25.51436375,0,0,0,133
building,/content/CompositeTiles/Composite tiles4.TIF,116,63.95588235,63,4.242411299,139.0955882,132.5,25.51178467,0,0,0,136
not building,/content/CompositeTiles/Composite tiles4.TIF,117,136.6736842,146.5,22.88435094,132.4210526,110,67.51757338,0,0,0,190
building,/content/CompositeTiles/Composite tiles4.TIF,118,68.32478632,66,7.242438705,153.2079772,150,25.99177043,0,0,0,351
building,/content/CompositeTiles/Composite tiles4.TIF,119,64.41216216,64,3.312403092,135.3108108,125,27.10835399,0,0,0,148
building,/content/CompositeTiles/Composite tiles4.TIF,120,59.41322314,61,7.841054725,134.107438,128,26.54227928,0,0,0,121
building,/content/CompositeTiles/Composite tiles4.TIF,121,67.24806202,67,4.198617358,115.4728682,111,27.5385783,0,0,0,129
building,/content/CompositeTiles/Composite tiles4.TIF,122,59.234375,59,3.784186618,140.53125,134,24.57384836,0,0,0,128
building,/content/CompositeTiles/Composite tiles4.TIF,123,77.3984375,71,18.93176062,124.0390625,118,24.52052786,0,0,0,128
building,/content/CompositeTiles/Composite tiles4.TIF,124,66.59322034,65,4.574994591,147.7175141,141,27.34048505,0,0,0,177
building,/content/CompositeTiles/Composite tiles4.TIF,125,73.19047619,70,10.90486588,125.3015873,117,29.82442534,0,0,0,126
not building,/content/CompositeTiles/Composite tiles4.TIF,126,153.6666667,154,8.940617458,106.0588235,83,59.84110063,0,0,0,153
not building,/content/CompositeTiles/Composite tiles4.TIF,127,147.8376068,149,16.80326447,130.3974359,109,66.89090616,0,0,0,234
building,/content/CompositeTiles/Composite tiles4.TIF,128,67.65697674,64,10.90198447,137.005814,124,34.03119244,0,0,0,172
building,/content/CompositeTiles/Composite tiles4.TIF,129,74.98496241,70,17.46316638,125.7669173,116,32.75516081,0,0,0,133
building,/content/CompositeTiles/Composite tiles4.TIF,130,74.10416667,72,6.329734449,164.2222222,161,25.15685362,0,0,0,144
building,/content/CompositeTiles/Composite tiles4.TIF,131,66.30097087,62,10.2007376,120.3980583,112,32.62417348,0,0,0,103
building,/content/CompositeTiles/Composite tiles4.TIF,132,71.7751938,71,3.587748987,147.2635659,141,26.355212,0,0,0,129
building,/content/CompositeTiles/Composite tiles4.TIF,133,73.11157025,70,10.5931499,118.0082645,111,27.58308137,0,0,0,242
building,/content/CompositeTiles/Composite tiles4.TIF,134,61.89839572,61,5.458187942,155.6096257,152,35.10050525,0,0,0,187
building,/content/CompositeTiles/Composite tiles4.TIF,135,60.43859649,59,6.487101581,149.748538,145,25.39767765,0,0,0,171
building,/content/CompositeTiles/Composite tiles4.TIF,136,59.68867925,60,3.166341879,136.254717,132,21.77156763,0,0,0,106
building,/content/CompositeTiles/Composite tiles4.TIF,137,71.97282609,70,7.591780499,158.8423913,155,24.88827528,0,0,0,184
building,/content/CompositeTiles/Composite tiles4.TIF,138,61.79090909,61,4.083437622,126.6727273,117,31.74074213,0,0,0,110
building,/content/CompositeTiles/Composite tiles4.TIF,139,66.83185841,65,7.958857319,136.4690265,127,31.62951204,0,0,0,113
building,/content/CompositeTiles/Composite tiles4.TIF,140,61.61111111,62,4.803226796,127.712963,122.5,27.1006529,0,0,0,108
building,/content/CompositeTiles/Composite tiles4.TIF,141,61.57718121,60,6.854363435,151.2751678,148,25.9221496,0,0,0,149
not building,/content/CompositeTiles/Composite tiles4.TIF,142,80.75,77,9.412978629,163.4047619,158,26.06567669,0,0,0,168
not building,/content/CompositeTiles/Composite tiles4.TIF,143,154.7142857,155,10.54656606,154.2857143,144,29.66560698,0,0,0,154
not building,/content/CompositeTiles/Composite tiles4.TIF,144,154.7848877,155,12.15858521,170.2076242,160,63.9482734,0,0,0,1469
not building,/content/CompositeTiles/Composite tiles4.TIF,145,74.16254417,71,9.300352014,252.3957597,255,12.83569379,0,0,0,283
building,/content/CompositeTiles/Composite tiles4.TIF,146,75.83783784,72,9.67167364,126.4864865,115.5,35.72917774,0,0,0,148
building,/content/CompositeTiles/Composite tiles4.TIF,147,59.18867925,59,7.186351329,119.6886792,109.5,35.49072778,0,0,0,106
building,/content/CompositeTiles/Composite tiles4.TIF,148,71.62043796,70,7.01628074,149.0218978,143,26.49678872,0,0,0,137
building,/content/CompositeTiles/Composite tiles4.TIF,149,62.51592357,61,7.130811493,161.388535,158,36.02240097,0,0,0,157
building,/content/CompositeTiles/Composite tiles4.TIF,150,74.49342105,63,26.46820255,123.9934211,113.5,25.8274886,0,0,0,152
building,/content/CompositeTiles/Composite tiles4.TIF,151,70.1961326,69,7.033674838,155.2679558,151,24.94696077,0,0,0,362
building,/content/CompositeTiles/Composite tiles4.TIF,152,76.73684211,70,10.14547919,147.037594,142,26.48347648,0,0,0,133
building,/content/CompositeTiles/Composite tiles4.TIF,153,66,65,5.556527693,120.0892857,109,37.66998463,0,0,0,112
building,/content/CompositeTiles/Composite tiles4.TIF,154,65.21118012,65,4.839549717,151.7515528,142,33.12727781,0,0,0,161
building,/content/CompositeTiles/Composite tiles4.TIF,155,58.53982301,58,2.720083934,127.539823,120,29.62390669,0,0,0,113
building,/content/CompositeTiles/Composite tiles4.TIF,156,68.3,67,5.282263501,126.3538462,115,30.72029185,0,0,0,130
building,/content/CompositeTiles/Composite tiles4.TIF,157,70.32520325,71,1.956834739,155.1869919,151,28.92079163,0,0,0,123
building,/content/CompositeTiles/Composite tiles4.TIF,158,72.83333333,73,3.782268573,163.0909091,158,31.31086909,0,0,0,132
not building,/content/CompositeTiles/Composite tiles4.TIF,159,96.74739424,96,5.239682948,254.908645,255,2.458657311,0,0,0,1631
not building,/content/CompositeTiles/Composite tiles4.TIF,160,143.0671141,147,19.46901321,162.9932886,156,61.97461016,0,0,0,149
building,/content/CompositeTiles/Composite tiles4.TIF,161,73.65734266,73,4.738039628,159.972028,157,31.43334474,0,0,0,143
building,/content/CompositeTiles/Composite tiles4.TIF,162,75.04678363,72,7.288389281,147.1111111,145,30.84510339,0,0,0,171
building,/content/CompositeTiles/Composite tiles4.TIF,163,62.66666667,62,3.328201177,129.034188,118,34.55230932,0,0,0,117
not building,/content/CompositeTiles/Composite tiles4.TIF,164,78.29411765,76,10.72525719,198.122549,202,13.37321296,0,0,0,204
not building,/content/CompositeTiles/Composite tiles4.TIF,165,162.9509804,163,7.644525724,158.3529412,154.5,47.09036933,0,0,0,102
not building,/content/CompositeTiles/Composite tiles4.TIF,166,66.87428571,65,8.590105366,177.8914286,176,26.45631841,0,0,0,175
building,/content/CompositeTiles/Composite tiles4.TIF,167,68.2,67,4.278802186,158.2444444,153,30.42330166,0,0,0,135
not building,/content/CompositeTiles/Composite tiles4.TIF,168,156.712963,156,14.13693018,142.1851852,129.5,52.27263787,0,0,0,108
building,/content/CompositeTiles/Composite tiles4.TIF,169,60.921875,60,5.536727808,136.4479167,119.5,44.42464823,0,0,0,192
not building,/content/CompositeTiles/Composite tiles4.TIF,170,145.8443709,151,19.44406866,136.5231788,137,31.37961004,0,0,0,302
building,/content/CompositeTiles/Composite tiles4.TIF,171,61.89145497,60,6.358042748,147.3741339,131,44.56039808,0,0,0,433
not building,/content/CompositeTiles/Composite tiles4.TIF,172,70.52866242,69,9.151283722,155,156.5,46.87923229,0,0,0,314
building,/content/CompositeTiles/Composite tiles4.TIF,173,77.61057692,68,20.21797762,154.8605769,127,59.59143575,0,0,0,208
building,/content/CompositeTiles/Composite tiles4.TIF,174,72.98837209,71,5.112670503,159.0465116,158,34.28943392,0,0,0,172
not building,/content/CompositeTiles/Composite tiles4.TIF,175,161.8863636,162.5,10.02885815,204.1818182,209,49.19731734,0,0,0,176
not building,/content/CompositeTiles/Composite tiles4.TIF,176,142.7912371,146,19.5209437,169.3840206,157,60.19932058,0,0,0,388
building,/content/CompositeTiles/Composite tiles4.TIF,177,67.42654867,67,4.063696772,189.3486726,169,49.92703192,0,0,0,565
building,/content/CompositeTiles/Composite tiles4.TIF,178,73.00657895,71,10.27611994,154.6578947,146.5,37.66404562,0,0,0,152
building,/content/CompositeTiles/Composite tiles4.TIF,179,70.52484472,71,5.415156221,202.568323,199,32.55845183,0,0,0,322
not building,/content/CompositeTiles/Composite tiles4.TIF,180,161.9291339,161,9.417842927,175.4488189,159,55.99039691,0,0,0,127
not building,/content/CompositeTiles/Composite tiles4.TIF,181,159.1071429,160,13.83200039,169.25,170,34.43381332,0,0,0,140
not building,/content/CompositeTiles/Composite tiles4.TIF,182,112.8076923,115.5,36.91624536,170.2115385,156.5,49.41847853,0,0,0,104
not building,/content/CompositeTiles/Composite tiles4.TIF,183,107.9327354,119,24.55678795,247.4977578,255,25.47228767,0,0,0,446
not building,/content/CompositeTiles/Composite tiles4.TIF,184,151.6493506,150,9.311027164,204.5162338,217,52.88092845,0,0,0,308
building,/content/CompositeTiles/Composite tiles4.TIF,185,60.61956522,63,4.211377941,116.6304348,110,24.30231577,0,0,0,92
building,/content/CompositeTiles/Composite tiles4.TIF,186,61.97938144,61,3.50545784,113.9793814,110,18.86303284,0,0,0,97
building,/content/CompositeTiles/Composite tiles4.TIF,187,60.76842105,61,4.33456762,119.8526316,110,30.46446365,0,0,0,95
building,/content/CompositeTiles/Composite tiles4.TIF,188,60.89772727,61,4.005790617,118.6818182,112.5,27.72574511,0,0,0,88
building,/content/CompositeTiles/Composite tiles4.TIF,189,60.41176471,61,3.8723579,120.7411765,112,28.6796312,0,0,0,85
building,/content/CompositeTiles/Composite tiles4.TIF,190,58.42352941,59,5.272294892,134.5764706,130,23.88815925,0,0,0,85
building,/content/CompositeTiles/Composite tiles4.TIF,191,61.3943662,59,10.19179299,161,158,19.34199256,0,0,0,71
not building,/content/CompositeTiles/Composite tiles4.TIF,192,130.6363636,136.5,22.01558426,178.5,178,11.06489124,0,0,0,44
not building,/content/CompositeTiles/Composite tiles4.TIF,193,140.1521739,141,7.377897047,199.4347826,194,45.30315863,0,0,0,46
not building,/content/CompositeTiles/Composite tiles4.TIF,194,153.9090909,155.5,10.76572461,193.75,182,49.75445389,0,0,0,44
building,/content/CompositeTiles/Composite tiles4.TIF,195,69.8125,65,12.80731602,197.5625,200,5.968340955,0,0,0,16
building,/content/CompositeTiles/Composite tiles4.TIF,196,55.34328358,54,6.25228851,145.7910448,146,24.83830534,0,0,0,67
not building,/content/CompositeTiles/Composite tiles4.TIF,197,124.7909091,130,16.9400523,147.2363636,127.5,60.50152925,0,0,0,110
not building,/content/CompositeTiles/Composite tiles4.TIF,198,135.1428571,139,6.174337939,143.5714286,125,43.05099018,0,0,0,7
not building,/content/CompositeTiles/Composite tiles4.TIF,199,151.3061516,150,13.26285829,190.3218884,190,54.17816968,0,0,0,699
not building,/content/CompositeTiles/Composite tiles4.TIF,200,122.7743876,123,13.32393382,254.9945724,255,0.252550196,0,0,0,6817
not building,/content/CompositeTiles/Composite tiles4.TIF,201,133.0833333,144.5,23.9585,124.7833333,106,56.0321609,0,0,0,60
building,/content/CompositeTiles/Composite tiles4.TIF,202,74.13043478,71,8.194931349,178.6956522,179.5,24.04332102,0,0,0,46
not building,/content/CompositeTiles/Composite tiles4.TIF,203,105.655914,107,19.82530946,120.516129,108,29.83561158,0,0,0,93
building,/content/CompositeTiles/Composite tiles4.TIF,204,66.85714286,67,2.742129533,177.0634921,172,17.09717606,0,0,0,63
not building,/content/CompositeTiles/Composite tiles4.TIF,205,52.33333333,0,72.61062615,53.22222222,0,100.9457856,0,0,0,99
not building,/content/CompositeTiles/Composite tiles4.TIF,206,74.3015873,68,12.47427183,161.6984127,160,19.4851469,0,0,0,63
not building,/content/CompositeTiles/Composite tiles4.TIF,207,116.7555556,112,12.37049457,169.8222222,163,57.9694513,0,0,0,45
building,/content/CompositeTiles/Composite tiles4.TIF,208,79.95833333,70.5,24.72596336,218.6666667,207,21.57866745,0,0,0,24
not building,/content/CompositeTiles/Composite tiles4.TIF,209,137.0555556,139,22.0478576,168.6805556,164.5,33.11085186,0,0,0,72
building,/content/CompositeTiles/Composite tiles4.TIF,210,0,0,0,0,0,0,0,0,0,10
building,/content/CompositeTiles/Composite tiles4.TIF,211,87.66666667,80,17.24206742,189.3333333,197,17.75262109,0,0,0,15
building,/content/CompositeTiles/Composite tiles4.TIF,212,0,0,0,0,0,0,0,0,0,10
not building,/content/CompositeTiles/Composite tiles4.TIF,213,141.344086,140,10.37106668,186.3655914,176,27.59764091,0,0,0,93
not building,/content/CompositeTiles/Composite tiles4.TIF,214,71.66666667,59,25.65324324,198.3333333,196,5.605552803,0,0,0,15
not building,/content/CompositeTiles/Composite tiles4.TIF,215,94.25251862,94,4.634774149,254.9697766,255,1.178619315,0,0,0,9132
not building,/content/CompositeTiles/Composite tiles4.TIF,216,134.3684211,137,19.94873393,182.0526316,186,12.9971941,0,0,0,57
not building,/content/CompositeTiles/Composite tiles4.TIF,217,148.2406323,149,22.32281392,255,255,0,0,0,0,1708
not building,/content/CompositeTiles/Composite tiles4.TIF,218,102.7210994,100,15.71365587,254.1810833,255,6.05495163,0,0,0,1237
building,/content/CompositeTiles/Composite tiles4.TIF,219,71.61538462,71,2.360088923,154.4615385,151,17.89405596,0,0,0,39
not building,/content/CompositeTiles/Composite tiles4.TIF,220,143.8823529,149.5,20.71517589,169.5367647,166,11.05461581,0,0,0,136
building,/content/CompositeTiles/Composite tiles4.TIF,221,82.38888889,69,28.03002138,208.7777778,205,12.47466568,0,0,0,18
not building,/content/CompositeTiles/Composite tiles4.TIF,222,71.71428571,70,4.164965639,177.8571429,183,23.73922957,0,0,0,7
not building,/content/CompositeTiles/Composite tiles4.TIF,223,115.4916653,122,37.69279025,234.7847713,255,44.06201929,0,0,0,241701
building,/content/CompositeTiles/Composite tiles4.TIF,224,60.58536585,62,4.411601168,126.5731707,124,20.65573238,0,0,0,82
building,/content/CompositeTiles/Composite tiles4.TIF,225,64.62626263,63,4.516156985,123.959596,116,27.89008701,0,0,0,99
building,/content/CompositeTiles/Composite tiles4.TIF,226,60.09090909,60,4.559297104,121.8068182,114,31.03182309,0,0,0,88
building,/content/CompositeTiles/Composite tiles4.TIF,227,57.3908046,57,3.905069861,129.9195402,119,31.03324817,0,0,0,87
building,/content/CompositeTiles/Composite tiles4.TIF,228,59.41860465,60,5.7798067,123.9883721,116,23.83494317,0,0,0,86
building,/content/CompositeTiles/Composite tiles4.TIF,229,59.45977011,59,5.854175438,125.1149425,118,27.49479587,0,0,0,87
building,/content/CompositeTiles/Composite tiles4.TIF,230,62.43010753,62,4.725583197,132.7096774,123,35.17256404,0,0,0,93
not building,/content/CompositeTiles/Composite tiles4.TIF,231,156.0689655,158,10.48238051,146.7931034,139,60.72363208,0,0,0,87
building,/content/CompositeTiles/Composite tiles4.TIF,232,62.20689655,61,3.965767109,125,117,27.9087182,0,0,0,87
not building,/content/CompositeTiles/Composite tiles4.TIF,233,134.2857143,132,8.734948181,185.5873016,178,50.79858607,0,0,0,63
not building,/content/CompositeTiles/Composite tiles4.TIF,234,161.8705882,162,10.53262521,182.4117647,175,42.54777083,0,0,0,85
not building,/content/CompositeTiles/Composite tiles4.TIF,235,65.91666667,61.5,10.82018433,125.2916667,109,39.11039841,0,0,0,24
not building,/content/CompositeTiles/Composite tiles4.TIF,236,69.11111111,62,15.96601329,132.4074074,114,43.23600973,0,0,0,27
building,/content/CompositeTiles/Composite tiles4.TIF,237,67.10144928,67,1.881603753,160.826087,158,23.06823936,0,0,0,69
not building,/content/CompositeTiles/Composite tiles4.TIF,238,145.76,147,10.97735852,216.3466667,215,23.56069797,0,0,0,75
building,/content/CompositeTiles/Composite tiles4.TIF,239,60.95555556,62,7.042586506,130.3111111,120,37.41082566,0,0,0,90
not building,/content/CompositeTiles/Composite tiles4.TIF,240,143.4,151,18.24451211,112.7333333,108,31.02285896,0,0,0,45
building,/content/CompositeTiles/Composite tiles4.TIF,241,77.74509804,77,6.941896495,160.0784314,150,26.45443225,0,0,0,51
building,/content/CompositeTiles/Composite tiles4.TIF,242,62.82051282,63,2.942803433,190.5897436,188,23.52382093,0,0,0,39
not building,/content/CompositeTiles/Composite tiles4.TIF,243,115.0204082,115,22.77170621,142.0612245,137,22.34279153,0,0,0,49
not building,/content/CompositeTiles/Composite tiles4.TIF,244,144.5151515,158,26.94789722,135.6666667,128,38.2722834,0,0,0,33
building,/content/CompositeTiles/Composite tiles4.TIF,245,58.77419355,60,5.155911175,128.2795699,120,28.34896429,0,0,0,93
not building,/content/CompositeTiles/Composite tiles4.TIF,246,147.2804878,146.5,12.56813081,178.9634146,169.5,56.61712339,0,0,0,82
not building,/content/CompositeTiles/Composite tiles4.TIF,247,151.9746835,156,17.01672646,235.3164557,255,33.89579874,0,0,0,79
not building,/content/CompositeTiles/Composite tiles4.TIF,248,109.1724138,115,24.08901447,143.9310345,135,31.12591894,0,0,0,29
not building,/content/CompositeTiles/Composite tiles4.TIF,249,80.82894737,78,12.04857292,180.9342105,181,17.80843644,0,0,0,76
not building,/content/CompositeTiles/Composite tiles4.TIF,250,142.796875,140,10.20290965,163.84375,158,48.60433968,0,0,0,64
not building,/content/CompositeTiles/Composite tiles9.TIF,0,153.1553539,153,11.7008928,161.184029,153,45.85131695,0,0,0,2755
not building,/content/CompositeTiles/Composite tiles9.TIF,1,149.8085106,150,5.3889425,220.1141199,220,21.45889269,0,0,0,517
not building,/content/CompositeTiles/Composite tiles9.TIF,2,118.6697171,122,17.43955279,144.2770383,131,57.22608014,0,0,0,1202
not building,/content/CompositeTiles/Composite tiles9.TIF,3,135.8538961,136,10.79538522,128.1818182,110,59.45711699,0,0,0,308
not building,/content/CompositeTiles/Composite tiles9.TIF,4,162.994133,163,2.101552663,232.8761408,233,14.77458764,0,0,0,1534
not building,/content/CompositeTiles/Composite tiles9.TIF,5,164.7885473,166,4.815353318,235.7366815,238,17.22944923,0,0,0,4261
not building,/content/CompositeTiles/Composite tiles9.TIF,6,162.25,162,1.919113205,227.1216216,227,13.91718042,0,0,0,444
not building,/content/CompositeTiles/Composite tiles9.TIF,7,148.1209581,150,13.48624419,148.9257485,142,50.33056471,0,0,0,835
not building,/content/CompositeTiles/Composite tiles9.TIF,8,142.1294118,139,12.09792227,146.2941176,128.5,55.05362595,0,0,0,170
not building,/content/CompositeTiles/Composite tiles9.TIF,9,144.7679558,144,13.62029566,172.7679558,157.5,56.89899717,0,0,0,724
not building,/content/CompositeTiles/Composite tiles9.TIF,10,141.1438515,140,13.29838547,127.5580046,112.5,56.98355891,0,0,0,862
not building,/content/CompositeTiles/Composite tiles9.TIF,11,124.2352941,126,11.39932615,170.6143791,156,52.17029984,0,0,0,153
not building,/content/CompositeTiles/Composite tiles9.TIF,12,114.0688525,115,22.65634599,150.7213115,142,46.97154044,0,0,0,305
not building,/content/CompositeTiles/Composite tiles9.TIF,13,152.1816092,153,13.83038907,150.6436782,134,55.8809854,0,0,0,435
not building,/content/CompositeTiles/Composite tiles9.TIF,14,157.2532468,160,7.866220473,238.1038961,238,11.17753361,0,0,0,154
not building,/content/CompositeTiles/Composite tiles9.TIF,15,131.6666667,131,6.278439569,162.2991453,145,56.79597087,0,0,0,117
not building,/content/CompositeTiles/Composite tiles9.TIF,16,122.4552846,129,22.93407024,136.5365854,122,62.816327,0,0,0,123
not building,/content/CompositeTiles/Composite tiles9.TIF,17,153.0766423,153,12.54923014,142.2171533,131.5,47.52700267,0,0,0,548
not building,/content/CompositeTiles/Composite tiles9.TIF,18,138.4480162,137,6.282930482,221.4407761,222,22.86557209,0,0,0,3453
not building,/content/CompositeTiles/Composite tiles9.TIF,19,144.1027012,143,7.48864295,223.3463703,223,19.13541045,0,0,0,3554
not building,/content/CompositeTiles/Composite tiles9.TIF,20,138.7261327,137,6.597096296,215.8078479,214,22.69549846,0,0,0,2472
not building,/content/CompositeTiles/Composite tiles9.TIF,21,128.7576336,128,20.21734099,136.4026718,113,65.51356185,0,0,0,524
building,/content/CompositeTiles/Composite tiles9.TIF,22,68.6875,68,2.083229164,112.4208333,108,17.68361952,0,0,0,240
building,/content/CompositeTiles/Composite tiles9.TIF,23,70.88014981,70,3.924457449,115.5393258,109,24.24317635,0,0,0,267
building,/content/CompositeTiles/Composite tiles9.TIF,24,72.05454545,70,6.101916783,89.75454545,84,20.75208045,0,0,0,220
building,/content/CompositeTiles/Composite tiles9.TIF,25,74.21428571,72,6.994166666,130.5238095,127,20.91335652,0,0,0,168
building,/content/CompositeTiles/Composite tiles9.TIF,26,74.12781955,71,8.35618139,125.1804511,120,20.90718285,0,0,0,133
not building,/content/CompositeTiles/Composite tiles9.TIF,27,138.6376812,139,10.29305523,151.3623188,136,60.6490907,0,0,0,345
not building,/content/CompositeTiles/Composite tiles9.TIF,28,149.5027322,152,18.84176317,142.8703428,122,63.79865076,0,0,0,2013
building,/content/CompositeTiles/Composite tiles9.TIF,29,77.52717391,73,14.8059668,149.7445652,145,27.96980073,0,0,0,184
not building,/content/CompositeTiles/Composite tiles9.TIF,30,126.85,130,12.99240163,254.6708333,255,3.477903962,0,0,0,240
building,/content/CompositeTiles/Composite tiles9.TIF,31,72.77514793,72,5.17244384,160.7218935,157,23.8565646,0,0,0,169
building,/content/CompositeTiles/Composite tiles9.TIF,32,68.91847826,66,8.303933449,147.5597826,149,24.20332155,0,0,0,184
building,/content/CompositeTiles/Composite tiles9.TIF,33,72.60689655,71,6.541429298,153.9034483,148,24.26387243,0,0,0,145
building,/content/CompositeTiles/Composite tiles9.TIF,34,73.15254237,72,7.138612027,131.3983051,118,32.9020477,0,0,0,118
building,/content/CompositeTiles/Composite tiles9.TIF,35,70.23391813,70,3.798001379,177.0994152,173,23.47741355,0,0,0,171
building,/content/CompositeTiles/Composite tiles9.TIF,36,71.50431034,70,4.413925695,101.125,91,32.40964728,0,0,0,232
building,/content/CompositeTiles/Composite tiles9.TIF,37,97.19029126,78,29.33467253,182.4271845,183,71.6274344,0,0,0,515
not building,/content/CompositeTiles/Composite tiles9.TIF,38,149.5480769,149,6.480562368,163.7884615,157,44.05758318,0,0,0,104
not building,/content/CompositeTiles/Composite tiles9.TIF,39,111.7829787,110,13.74787131,255,255,0,0,0,0,235
not building,/content/CompositeTiles/Composite tiles9.TIF,40,124,127,17.95999453,151.2046784,140,54.57683228,0,0,0,171
not building,/content/CompositeTiles/Composite tiles9.TIF,41,154.8133175,154,11.20120231,142.9286564,124,64.36633155,0,0,0,841
not building,/content/CompositeTiles/Composite tiles9.TIF,42,147.3217054,151,10.23148705,255,255,0,0,0,0,258
not building,/content/CompositeTiles/Composite tiles9.TIF,43,152.7839851,150,12.85913817,132.150838,114,63.36211414,0,0,0,537
not building,/content/CompositeTiles/Composite tiles9.TIF,44,125.3615385,126,15.18602791,255,255,0,0,0,0,130
not building,/content/CompositeTiles/Composite tiles9.TIF,45,156.1291139,155,13.2091659,224.7924051,228,28.31616156,0,0,0,395
not building,/content/CompositeTiles/Composite tiles9.TIF,46,83.46897547,74,22.49183219,255,255,0,0,0,0,693
not building,/content/CompositeTiles/Composite tiles9.TIF,47,149.5422886,150,8.111134337,184.0696517,180,45.32980442,0,0,0,201
not building,/content/CompositeTiles/Composite tiles9.TIF,48,134.1727273,133,14.26748311,187.2454545,179,30.30037094,0,0,0,110
not building,/content/CompositeTiles/Composite tiles9.TIF,49,128.6641791,130,15.87260102,254.1268657,255,8.25111629,0,0,0,134
not building,/content/CompositeTiles/Composite tiles9.TIF,50,125.9704797,129,16.76688044,254.1697417,255,8.740243244,0,0,0,271
not building,/content/CompositeTiles/Composite tiles9.TIF,51,57.00453172,0,71.6060786,51.89728097,0,92.01416067,0,0,0,662
not building,/content/CompositeTiles/Composite tiles9.TIF,52,99.87850467,100,12.81819454,252.4392523,255,10.59140094,0,0,0,321
not building,/content/CompositeTiles/Composite tiles9.TIF,53,136.4757282,136,9.011152378,189.9902913,187,52.57200243,0,0,0,103
not building,/content/CompositeTiles/Composite tiles9.TIF,54,131.8475336,139,24.69516539,168.1165919,158,49.08613134,0,0,0,223
not building,/content/CompositeTiles/Composite tiles9.TIF,55,144.7572816,144,9.932261858,172.0776699,166,48.67360867,0,0,0,103
building,/content/CompositeTiles/Composite tiles9.TIF,56,74.08457711,73,7.293274415,165.3134328,160,33.4401711,0,0,0,201
not building,/content/CompositeTiles/Composite tiles9.TIF,57,116.7468354,116.5,14.98308612,255,255,0,0,0,0,158
not building,/content/CompositeTiles/Composite tiles9.TIF,58,159.3121092,160,5.16891036,252.3244268,255,7.423114612,0,0,0,5277
not building,/content/CompositeTiles/Composite tiles9.TIF,59,133.8787879,135,6.726283028,147.5454545,134.5,59.10332037,0,0,0,132
not building,/content/CompositeTiles/Composite tiles9.TIF,60,143.835206,141,17.41912818,149.2247191,134,61.24374207,0,0,0,267
not building,/content/CompositeTiles/Composite tiles9.TIF,61,144.9933775,144,9.220260364,113.0662252,104,45.21716091,0,0,0,151
not building,/content/CompositeTiles/Composite tiles9.TIF,62,139.3298969,137,16.95428763,144.5412371,127.5,61.64247473,0,0,0,194
not building,/content/CompositeTiles/Composite tiles9.TIF,63,135.5581395,135,9.904119397,161.0232558,150,54.1039002,0,0,0,129
building,/content/CompositeTiles/Composite tiles9.TIF,64,72.24788136,71,5.058136146,101.1694915,89,36.37925351,0,0,0,472
not building,/content/CompositeTiles/Composite tiles9.TIF,65,161.1538462,160,8.725750657,149.9935897,140,57.83776641,0,0,0,468
not building,/content/CompositeTiles/Composite tiles9.TIF,66,149.556,149,14.57795816,160.121,155,61.94333184,0,0,0,1000
not building,/content/CompositeTiles/Composite tiles9.TIF,67,141.3820225,141,11.78220484,161.2359551,156,47.91085413,0,0,0,178
not building,/content/CompositeTiles/Composite tiles9.TIF,68,152.2568371,152,10.29808539,142.2306778,122,63.76891665,0,0,0,841
not building,/content/CompositeTiles/Composite tiles9.TIF,69,161.7616099,162,3.321122923,255,255,0,0,0,0,646
not building,/content/CompositeTiles/Composite tiles9.TIF,70,148.14205,147,15.65989926,167.2308313,163,62.63016458,0,0,0,1239
not building,/content/CompositeTiles/Composite tiles9.TIF,71,164.0752475,163,6.281289072,254.9991513,255,0.029119342,0,0,0,3535
not building,/content/CompositeTiles/Composite tiles9.TIF,72,151.2785388,150,12.48766682,136.3127854,121,59.9244606,0,0,0,1752
not building,/content/CompositeTiles/Composite tiles9.TIF,73,152.0266667,152,4.938213802,221.4066667,221,14.91178356,0,0,0,150
building,/content/CompositeTiles/Composite tiles9.TIF,74,72.81012658,71,5.423209886,100.5021097,88,39.38403631,0,0,0,237
building,/content/CompositeTiles/Composite tiles9.TIF,75,75.73387097,73,7.854635852,135.8387097,129.5,31.38301038,0,0,0,124
building,/content/CompositeTiles/Composite tiles9.TIF,76,69.8258427,69,2.779945359,160.1516854,154.5,32.49381138,0,0,0,178
building,/content/CompositeTiles/Composite tiles9.TIF,77,70.21768707,69,5.693434585,131.0952381,122,32.16122932,0,0,0,147
building,/content/CompositeTiles/Composite tiles9.TIF,78,71.40625,70,4.292867449,151.5,144.5,26.42619439,0,0,0,128
building,/content/CompositeTiles/Composite tiles9.TIF,79,70.04046243,70,1.577875873,156.4219653,151,29.49774132,0,0,0,173
building,/content/CompositeTiles/Composite tiles9.TIF,80,75.26519337,73,7.302187184,154.9502762,152,29.81809978,0,0,0,181
building,/content/CompositeTiles/Composite tiles9.TIF,81,67.88549618,66,6.287806231,150.4274809,142,26.90952626,0,0,0,131
building,/content/CompositeTiles/Composite tiles9.TIF,82,72.38582677,71,3.45966009,159.480315,154,27.41309831,0,0,0,127
building,/content/CompositeTiles/Composite tiles9.TIF,83,73.16239316,72,5.185379289,140.6410256,125,36.75919829,0,0,0,117
not building,/content/CompositeTiles/Composite tiles9.TIF,84,148.5476337,152,17.83569169,161.7452366,153,47.03162245,0,0,0,3254
not building,/content/CompositeTiles/Composite tiles9.TIF,85,160.4622284,162,8.890879902,247.8164195,255,14.19710092,0,0,0,14495
not building,/content/CompositeTiles/Composite tiles9.TIF,86,142.3096447,142,22.44068455,176.4213198,175,56.42865449,0,0,0,197
building,/content/CompositeTiles/Composite tiles9.TIF,87,71.59558824,70,5.085126345,151.3823529,142,32.73423707,0,0,0,136
building,/content/CompositeTiles/Composite tiles9.TIF,88,69.54362416,69,4.069007467,159.7181208,152,32.61820642,0,0,0,149
not building,/content/CompositeTiles/Composite tiles9.TIF,89,152.9907407,150.5,13.37250868,190.3888889,181.5,48.27138431,0,0,0,108
not building,/content/CompositeTiles/Composite tiles9.TIF,90,147.0091176,148,7.925072289,253.1581429,255,8.756531008,0,0,0,9542
not building,/content/CompositeTiles/Composite tiles9.TIF,91,147.5048638,148,9.976673947,130.2607004,110.5,62.24910835,0,0,0,1028
not building,/content/CompositeTiles/Composite tiles9.TIF,92,153.6923077,152,10.35234561,187.0769231,182,53.50832586,0,0,0,286
not building,/content/CompositeTiles/Composite tiles9.TIF,93,90.86111111,84,22.60140045,251.75,255,14.5003991,0,0,0,108
building,/content/CompositeTiles/Composite tiles9.TIF,94,70.63235294,69.5,6.92658507,171.6862745,164,38.13687434,0,0,0,204
not building,/content/CompositeTiles/Composite tiles9.TIF,95,144.424902,144,13.21536051,134.0814105,120,58.39320641,0,0,0,2297
not building,/content/CompositeTiles/Composite tiles9.TIF,96,123.3454545,123,9.60091823,111.5878788,92,59.96301768,0,0,0,165
not building,/content/CompositeTiles/Composite tiles9.TIF,97,161.8973684,162,1.872935613,238.6157895,238,9.506217531,0,0,0,380
building,/content/CompositeTiles/Composite tiles9.TIF,98,67.14189189,65,8.086533797,159.8175676,149.5,35.3153816,0,0,0,148
not building,/content/CompositeTiles/Composite tiles9.TIF,99,138.5762712,139,11.09568561,163.0903955,150,54.57097973,0,0,0,177
not building,/content/CompositeTiles/Composite tiles9.TIF,100,123.401487,127,16.78849839,144.0074349,123,66.37384224,0,0,0,269
not building,/content/CompositeTiles/Composite tiles9.TIF,101,150.2691131,152,14.32465259,141.9918451,121,62.84232599,0,0,0,981
not building,/content/CompositeTiles/Composite tiles9.TIF,102,139.5914645,141,7.868040657,254.5088625,255,3.131278235,0,0,0,5811
not building,/content/CompositeTiles/Composite tiles9.TIF,103,154.1433486,153,13.6022749,192.8245413,184,43.45196856,0,0,0,872
not building,/content/CompositeTiles/Composite tiles9.TIF,104,159.8378895,163,10.23443738,204.7035567,222,48.33947701,0,0,0,6804
not building,/content/CompositeTiles/Composite tiles9.TIF,105,142.8636364,139.5,8.600363565,139.6515152,135,48.69804689,0,0,0,66
not building,/content/CompositeTiles/Composite tiles9.TIF,106,150.85,152,16.3837572,161.9,149,35.93661086,0,0,0,40
not building,/content/CompositeTiles/Composite tiles9.TIF,107,157.8255814,160,12.06069135,146.3965116,131.5,61.03622437,0,0,0,860
not building,/content/CompositeTiles/Composite tiles9.TIF,108,125.7027027,126,9.286330742,160.7432432,144.5,51.48682876,0,0,0,74
not building,/content/CompositeTiles/Composite tiles9.TIF,109,153.2418525,153,12.41678295,145.7530017,126,65.9494899,0,0,0,583
not building,/content/CompositeTiles/Composite tiles9.TIF,110,146.3231472,146,12.90091804,162.3031261,151,59.23359424,0,0,0,2847
not building,/content/CompositeTiles/Composite tiles9.TIF,111,137.7608696,136,5.695859605,236.673913,237,7.032701095,0,0,0,92
not building,/content/CompositeTiles/Composite tiles9.TIF,112,141.5891947,140,10.82232776,155.8909276,145,64.11239278,0,0,0,981
not building,/content/CompositeTiles/Composite tiles9.TIF,113,145.7919481,146,16.70472637,145.0311688,130,65.84324608,0,0,0,3850
not building,/content/CompositeTiles/Composite tiles9.TIF,114,126.703125,126,15.35179111,178.015625,171.5,52.04730186,0,0,0,64
not building,/content/CompositeTiles/Composite tiles9.TIF,115,129.1807229,133,14.81625986,255,255,0,0,0,0,83
not building,/content/CompositeTiles/Composite tiles9.TIF,116,103.4261364,103,20.83422662,246.8238636,255,26.11516668,0,0,0,880
not building,/content/CompositeTiles/Composite tiles9.TIF,117,102.5824977,101,20.46013052,248.4220602,255,23.6137173,0,0,0,1097
building,/content/CompositeTiles/Composite tiles9.TIF,118,74.20731707,72.5,11.23880235,153.7926829,146.5,21.11394049,0,0,0,82
not building,/content/CompositeTiles/Composite tiles9.TIF,119,81.81818182,72,18.38882161,196.7454545,194,27.69195366,0,0,0,55
not building,/content/CompositeTiles/Composite tiles9.TIF,120,133.1044112,134,21.59422204,157.413193,144,59.51591828,0,0,0,2471
building,/content/CompositeTiles/Composite tiles9.TIF,121,79.23636364,77,9.589698329,178.1818182,168,40.9447925,0,0,0,55
not building,/content/CompositeTiles/Composite tiles9.TIF,122,77.67391304,71.5,12.98335782,193.1956522,189.5,26.86327667,0,0,0,46
not building,/content/CompositeTiles/Composite tiles9.TIF,123,37.30555556,0,67.25937334,10.47222222,0,36.44362931,0,0,0,72
not building,/content/CompositeTiles/Composite tiles9.TIF,124,154.2,153.5,4.308131846,173.2,165.5,22.02861775,0,0,0,20
not building,/content/CompositeTiles/Composite tiles9.TIF,125,115.3061224,119,13.8419712,216.8367347,216,30.5001485,0,0,0,49
not building,/content/CompositeTiles/Composite tiles9.TIF,126,153.6602641,158,31.1830335,139.969988,120,72.47622659,0,0,0,1666
not building,/content/CompositeTiles/Composite tiles9.TIF,127,162.2311459,162,4.160757103,254.9760039,255,0.825589805,0,0,0,2042
not building,/content/CompositeTiles/Composite tiles9.TIF,128,156.1873156,153,13.90587888,148.1179941,132.5,56.67750929,0,0,0,678
not building,/content/CompositeTiles/Composite tiles9.TIF,129,151.8421053,154,10.99727155,211.0526316,205,29.41143175,0,0,0,57
not building,/content/CompositeTiles/Composite tiles9.TIF,130,132.0526316,130,7.148600777,177.1578947,170,52.94379326,0,0,0,57
building,/content/CompositeTiles/Composite tiles9.TIF,131,72.7826087,70,8.189104754,167.6956522,162,28.01425845,0,0,0,92
not building,/content/CompositeTiles/Composite tiles9.TIF,132,125.8695652,126,4.17346012,162.9130435,155,52.27761433,0,0,0,23
building,/content/CompositeTiles/Composite tiles9.TIF,133,70.57831325,69,7.194577077,178.1927711,170,32.16765487,0,0,0,83
building,/content/CompositeTiles/Composite tiles9.TIF,134,76.01612903,75,4.910462614,163.1451613,154,35.18469552,0,0,0,62
building,/content/CompositeTiles/Composite tiles9.TIF,135,69,68,3.670452591,170.7916667,168,26.5889166,0,0,0,72
not building,/content/CompositeTiles/Composite tiles9.TIF,136,153.026972,155,8.496775933,254.8234097,255,2.370055255,0,0,0,1965
not building,/content/CompositeTiles/Composite tiles9.TIF,137,151.8125,152.5,5.714222935,204.4375,194.5,28.44944804,0,0,0,16
not building,/content/CompositeTiles/Composite tiles9.TIF,138,78.58974359,78,9.267306606,175.1025641,173,21.04548782,0,0,0,39
not building,/content/CompositeTiles/Composite tiles9.TIF,139,132.0606061,132,7.122050241,152.2121212,139,46.0768512,0,0,0,33
building,/content/CompositeTiles/Composite tiles19.TIF,0,72.42727273,70.5,8.919973255,117.1090909,114,17.01800052,0,0,0,330
building,/content/CompositeTiles/Composite tiles19.TIF,1,70.70689655,69,3.787495855,114.2672414,111,16.30440905,0,0,0,116
building,/content/CompositeTiles/Composite tiles19.TIF,2,72.23420074,70,5.651675198,118.4163569,116,15.4090892,0,0,0,269
building,/content/CompositeTiles/Composite tiles19.TIF,3,70.16113744,68,8.196786252,117.4265403,114,17.18833664,0,0,0,211
building,/content/CompositeTiles/Composite tiles19.TIF,4,70.8358209,69,8.158133045,126.8134328,124,18.07701927,0,0,0,134
building,/content/CompositeTiles/Composite tiles19.TIF,5,70.82702703,70,3.584097659,159.5756757,172,39.33536958,0,0,0,370
building,/content/CompositeTiles/Composite tiles19.TIF,6,70.25766871,70,3.863608658,130.4417178,128,19.29528318,0,0,0,326
building,/content/CompositeTiles/Composite tiles19.TIF,7,72.82386364,70,9.555917899,119.4431818,116,19.18472283,0,0,0,176
building,/content/CompositeTiles/Composite tiles19.TIF,8,72.98916968,70,9.16849249,116.5595668,112,18.18241575,0,0,0,277
building,/content/CompositeTiles/Composite tiles19.TIF,9,71.42857143,69,7.213224816,126.6071429,124,17.38295406,0,0,0,112
building,/content/CompositeTiles/Composite tiles19.TIF,10,69.43939394,69,1.759207706,136.9469697,136,16.03136811,0,0,0,132
building,/content/CompositeTiles/Composite tiles19.TIF,11,71.43831169,70,8.018612262,124.8636364,121,19.11671879,0,0,0,308
building,/content/CompositeTiles/Composite tiles19.TIF,12,72.88235294,70,6.391007956,120.6294118,117,20.31858798,0,0,0,170
building,/content/CompositeTiles/Composite tiles19.TIF,13,70.49107143,69,4.733987174,118.6964286,114,20.55951261,0,0,0,112
building,/content/CompositeTiles/Composite tiles19.TIF,14,69.61363636,69,3.766424088,174.2130682,176,27.62949983,0,0,0,352
building,/content/CompositeTiles/Composite tiles19.TIF,15,69.56521739,68,4.299909877,125.3826087,120,24.18967894,0,0,0,115
building,/content/CompositeTiles/Composite tiles19.TIF,16,71.6460177,69,5.754444768,125.0530973,120,24.10847195,0,0,0,113
building,/content/CompositeTiles/Composite tiles19.TIF,17,73.32173913,68,11.9815422,119.3130435,116,16.75935311,0,0,0,115
building,/content/CompositeTiles/Composite tiles19.TIF,18,70.48780488,70,3.629969772,190.6439024,191,18.77063156,0,0,0,205
building,/content/CompositeTiles/Composite tiles19.TIF,19,71.56896552,69,6.658186739,121.3706897,117.5,20.3323804,0,0,0,116
building,/content/CompositeTiles/Composite tiles19.TIF,20,78.46153846,73,14.62469339,130.2071006,126,20.47913522,0,0,0,169
building,/content/CompositeTiles/Composite tiles19.TIF,21,71.71428571,71,2.767422463,163.4415584,159,21.23981406,0,0,0,154
building,/content/CompositeTiles/Composite tiles19.TIF,22,72.16996047,72,4.669170479,184.7905138,183,19.97487525,0,0,0,253
building,/content/CompositeTiles/Composite tiles19.TIF,23,70.25714286,70,2.182303595,170.0571429,168,23.25298898,0,0,0,105
building,/content/CompositeTiles/Composite tiles19.TIF,24,74.58394161,68,14.91515779,126.7664234,118,25.8372963,0,0,0,137
building,/content/CompositeTiles/Composite tiles19.TIF,25,69.77083333,69,5.997359083,172.4305556,170,20.35915464,0,0,0,144
building,/content/CompositeTiles/Composite tiles19.TIF,26,72.31304348,70,8.67215957,145.9434783,141,29.28438263,0,0,0,230
building,/content/CompositeTiles/Composite tiles19.TIF,27,73.795,72,5.044102993,147.71,145,36.83538923,0,0,0,200
building,/content/CompositeTiles/Composite tiles19.TIF,28,74.43362832,72,4.961580012,121.3274336,117,22.62289641,0,0,0,113
not building,/content/CompositeTiles/Composite tiles19.TIF,29,94.13112164,86,24.59132372,209.3744076,255,57.65811786,0,0,0,633
building,/content/CompositeTiles/Composite tiles19.TIF,30,73.936,71,10.86700989,110.672,106,17.09258365,0,0,0,125
not building,/content/CompositeTiles/Composite tiles19.TIF,31,159.4568082,158,11.69321585,157.3484627,142,63.12314611,0,0,0,683
not building,/content/CompositeTiles/Composite tiles19.TIF,32,124.4128095,124,11.12843058,254.9413348,255,1.35921792,0,0,0,1858
building,/content/CompositeTiles/Composite tiles19.TIF,33,70.12627986,69,5.323118375,176.78157,174,24.60958084,0,0,0,293
building,/content/CompositeTiles/Composite tiles19.TIF,34,70.67708333,69,3.89843663,118.3177083,114,21.0294461,0,0,0,192
building,/content/CompositeTiles/Composite tiles19.TIF,35,70.80836237,69,6.334040531,167.0818815,157.5,41.23969941,0,0,0,574
not building,/content/CompositeTiles/Composite tiles19.TIF,36,114.8711111,109,17.74426508,255,255,0,0,0,0,225
building,/content/CompositeTiles/Composite tiles19.TIF,37,70.06122449,69,3.207005036,156.7959184,149,28.94912166,0,0,0,343
not building,/content/CompositeTiles/Composite tiles19.TIF,38,141.1282051,143,16.32340801,137.8205128,131,20.0184169,0,0,0,234
not building,/content/CompositeTiles/Composite tiles19.TIF,39,137.5353535,138.5,15.21748936,119.510101,113,24.33141128,0,0,0,198
building,/content/CompositeTiles/Composite tiles19.TIF,40,72.73760331,70,6.605731862,146.0227273,138,34.3743595,0,0,0,484
not building,/content/CompositeTiles/Composite tiles19.TIF,41,164.4851485,165,14.97067355,82.32673267,74,22.43741964,0,0,0,202
not building,/content/CompositeTiles/Composite tiles19.TIF,42,30.94029851,0,58.9455556,18.71641791,0,55.96568937,0,0,0,134
building,/content/CompositeTiles/Composite tiles19.TIF,43,72.53061224,71,4.489301148,137.2993197,125,33.46790827,0,0,0,147
building,/content/CompositeTiles/Composite tiles19.TIF,44,84.90598291,71,24.78375981,134.8098291,131,26.49044638,0,0,0,468
not building,/content/CompositeTiles/Composite tiles19.TIF,45,50.14939024,0,72.72600769,26.04268293,0,63.59454749,0,0,0,328
not building,/content/CompositeTiles/Composite tiles19.TIF,46,58.00543478,0,76.60425528,22.25,0,56.56799007,0,0,0,184
not building,/content/CompositeTiles/Composite tiles19.TIF,47,113.2884615,116,10.23005227,255,255,0,0,0,0,156
building,/content/CompositeTiles/Composite tiles19.TIF,48,72.36633663,71,4.785958779,120.2673267,114,23.56280467,0,0,0,101
not building,/content/CompositeTiles/Composite tiles19.TIF,49,82.72773537,73,20.83045991,188.0992366,197,61.67503134,0,0,0,393
building,/content/CompositeTiles/Composite tiles19.TIF,50,67.86046512,67,2.801838228,155.3906977,145,32.96278249,0,0,0,215
not building,/content/CompositeTiles/Composite tiles19.TIF,51,158.7119377,158,12.17252974,149.3140138,131,60.95488017,0,0,0,1156
building,/content/CompositeTiles/Composite tiles19.TIF,52,70.55214724,68,5.67758846,130.7423313,127,21.82377523,0,0,0,163
not building,/content/CompositeTiles/Composite tiles19.TIF,53,157.4282808,157,11.26598305,222.0162767,247,41.04375428,0,0,0,983
not building,/content/CompositeTiles/Composite tiles19.TIF,54,147.8976378,147,10.23105866,170.0787402,165,43.21282368,0,0,0,127
building,/content/CompositeTiles/Composite tiles19.TIF,55,71.81682028,70,6.970467196,150.8559908,131,47.82573251,0,0,0,868
building,/content/CompositeTiles/Composite tiles19.TIF,56,72.09271523,70,5.902464401,157.1688742,160,29.7039692,0,0,0,302
not building,/content/CompositeTiles/Composite tiles19.TIF,57,76.69577465,72,13.87135499,191.4676056,208,63.22600591,0,0,0,355
not building,/content/CompositeTiles/Composite tiles19.TIF,58,132.3220339,138.5,22.72827007,127.2966102,113,54.31956749,0,0,0,118
not building,/content/CompositeTiles/Composite tiles19.TIF,59,129.9426606,130,12.78021393,252.0298165,255,13.40756773,0,0,0,872
building,/content/CompositeTiles/Composite tiles19.TIF,60,69.49579832,68,7.892528058,132.1806723,118,38.77034468,0,0,0,238
building,/content/CompositeTiles/Composite tiles19.TIF,61,70.88292683,69,7.840230909,126.1756098,123,19.8690442,0,0,0,205
building,/content/CompositeTiles/Composite tiles19.TIF,62,69.32411067,68,4.151966497,131.1304348,128,19.10370033,0,0,0,253
building,/content/CompositeTiles/Composite tiles19.TIF,63,68.25,68,2.584123851,122.4656863,118,19.14275061,0,0,0,204
not building,/content/CompositeTiles/Composite tiles19.TIF,64,116.7075472,123,22.39130291,211.5251572,230.5,48.02512768,0,0,0,318
building,/content/CompositeTiles/Composite tiles19.TIF,65,73.23404255,70,12.70049884,125.6425532,121,21.3288312,0,0,0,235
building,/content/CompositeTiles/Composite tiles19.TIF,66,68.36363636,68,1.748671278,108.3884298,105,13.54354587,0,0,0,121
building,/content/CompositeTiles/Composite tiles19.TIF,67,73.07906977,72,4.233672228,132.2046512,127,24.51036756,0,0,0,215
building,/content/CompositeTiles/Composite tiles19.TIF,68,68.4137931,68,2.025990458,122.3497537,116,21.91319277,0,0,0,203
building,/content/CompositeTiles/Composite tiles19.TIF,69,70.86861314,70,3.00320393,151.3430657,148,24.54890485,0,0,0,137
building,/content/CompositeTiles/Composite tiles19.TIF,70,68.79126214,68,3.376118493,114.1650485,111,17.08209594,0,0,0,206
building,/content/CompositeTiles/Composite tiles19.TIF,71,66.97368421,66,3.620023569,112.6491228,105,25.22825013,0,0,0,228
not building,/content/CompositeTiles/Composite tiles19.TIF,72,134.9366197,138,12.39900881,254.9260563,255,0.991952093,0,0,0,284
building,/content/CompositeTiles/Composite tiles19.TIF,73,63.06043956,62,3.792948319,154.0934066,150,23.25130412,0,0,0,182
building,/content/CompositeTiles/Composite tiles19.TIF,74,72.94086022,70,9.871308882,122.2741935,115,23.01016794,0,0,0,186
building,/content/CompositeTiles/Composite tiles19.TIF,75,71.22641509,71,2.17742716,160.8301887,156,26.88718746,0,0,0,159
building,/content/CompositeTiles/Composite tiles19.TIF,76,70.77142857,70,5.152451368,142.55,136.5,20.44306554,0,0,0,140
building,/content/CompositeTiles/Composite tiles19.TIF,77,71.3030303,71,3.101659854,159.780303,156,25.97006272,0,0,0,132
building,/content/CompositeTiles/Composite tiles19.TIF,78,71.09036145,70,3.75583448,158.8674699,155,26.78754929,0,0,0,166
building,/content/CompositeTiles/Composite tiles19.TIF,79,73.35606061,70,9.777163076,154.75,147,30.12232007,0,0,0,132
building,/content/CompositeTiles/Composite tiles19.TIF,80,69.44444444,68,3.577018553,153.362963,147,23.21832208,0,0,0,135
building,/content/CompositeTiles/Composite tiles19.TIF,81,74.37414966,71,11.87474934,160.4081633,160,23.91303834,0,0,0,147
building,/content/CompositeTiles/Composite tiles19.TIF,82,72.51308901,70,6.195639945,113.8481675,105,26.69652965,0,0,0,191
not building,/content/CompositeTiles/Composite tiles19.TIF,83,131.1238095,129,11.07380312,94.88253968,84,43.96826612,0,0,0,315
not building,/content/CompositeTiles/Composite tiles19.TIF,84,103.5656566,106.5,26.79473475,221.6818182,252.5,43.19154861,0,0,0,396
building,/content/CompositeTiles/Composite tiles19.TIF,85,70.03267974,69,3.405912392,194.5228758,186,33.39603612,0,0,0,153
building,/content/CompositeTiles/Composite tiles19.TIF,86,68.39013453,68,2.915136234,180.5201794,180,23.8349763,0,0,0,223
building,/content/CompositeTiles/Composite tiles19.TIF,87,73.90410959,73,6.065090731,133.7534247,124,29.93750606,0,0,0,146
not building,/content/CompositeTiles/Composite tiles19.TIF,88,127.8450704,130,17.04273658,140.6619718,123,61.45442458,0,0,0,142
building,/content/CompositeTiles/Composite tiles19.TIF,89,72.73652695,71,5.507973092,157.9161677,154,27.36850175,0,0,0,167
building,/content/CompositeTiles/Composite tiles19.TIF,90,71.12149533,70,3.403434989,148.3925234,131,41.52800136,0,0,0,107
not building,/content/CompositeTiles/Composite tiles19.TIF,91,108.9146341,113,25.90051903,217.8157182,242,45.28956725,0,0,0,738
building,/content/CompositeTiles/Composite tiles19.TIF,92,72.49477352,70,6.788425834,128.8641115,118,36.51813069,0,0,0,287
not building,/content/CompositeTiles/Composite tiles19.TIF,93,141.9751037,149,21.44411347,182.6099585,177,31.88121991,0,0,0,241
not building,/content/CompositeTiles/Composite tiles19.TIF,94,105.5,104,19.26179292,210.1333333,218.5,46.49013037,0,0,0,120
building,/content/CompositeTiles/Composite tiles19.TIF,95,71.70103093,70,5.910265311,161.6752577,145,37.42790604,0,0,0,194
not building,/content/CompositeTiles/Composite tiles19.TIF,96,99.71098097,99,27.22841799,222.0058565,255,50.16970872,0,0,0,3415
building,/content/CompositeTiles/Composite tiles19.TIF,97,75.12953368,73,10.38526299,147.2202073,128,40.28371797,0,0,0,386
not building,/content/CompositeTiles/Composite tiles19.TIF,98,157.9792663,166,22.31565383,160.8181818,147,65.27538612,0,0,0,627
not building,/content/CompositeTiles/Composite tiles19.TIF,99,125.130662,126,8.502735812,254.8179443,255,3.353576066,0,0,0,1148
building,/content/CompositeTiles/Composite tiles19.TIF,100,72.58791209,70,8.473648035,138.989011,124,35.01224103,0,0,0,182
not building,/content/CompositeTiles/Composite tiles19.TIF,101,140.1886792,140,18.24317562,97.99326146,85,43.42107141,0,0,0,742
not building,/content/CompositeTiles/Composite tiles19.TIF,102,108.515493,140,64.44971104,117.456338,108,92.09288136,0,0,0,355
building,/content/CompositeTiles/Composite tiles19.TIF,103,75.8537415,73,10.98247071,176.4659864,177.5,35.57989763,0,0,0,294
not building,/content/CompositeTiles/Composite tiles19.TIF,104,95.52754821,97,22.69746376,219.0826446,255,47.99659999,0,0,0,726
building,/content/CompositeTiles/Composite tiles19.TIF,105,71.14506173,70,6.372728862,155.2037037,149.5,27.55110602,0,0,0,324
building,/content/CompositeTiles/Composite tiles19.TIF,106,72.58888889,72,5.81644115,134.3222222,126.5,32.61060761,0,0,0,180
not building,/content/CompositeTiles/Composite tiles19.TIF,107,41.0703125,0,64.52073112,43.421875,0,84.4091236,0,0,0,128
building,/content/CompositeTiles/Composite tiles19.TIF,108,72.5721393,70,11.20572082,125.8781095,121,23.12140935,0,0,0,402
not building,/content/CompositeTiles/Composite tiles19.TIF,109,146.6106195,149,14.35851548,189.3628319,190,53.93376173,0,0,0,113
not building,/content/CompositeTiles/Composite tiles19.TIF,110,130.5551664,129,10.13196743,254.7723292,255,2.739860403,0,0,0,571
building,/content/CompositeTiles/Composite tiles19.TIF,111,79.43842365,71,16.68278076,188.2857143,186,55.77538648,0,0,0,203
building,/content/CompositeTiles/Composite tiles19.TIF,112,72.6442953,70,7.574306467,185.8724832,176,30.90411423,0,0,0,149
not building,/content/CompositeTiles/Composite tiles19.TIF,113,152.1060241,152,19.75837995,102.7903614,102,32.41257979,0,0,0,415
building,/content/CompositeTiles/Composite tiles19.TIF,114,69.06236559,68,5.329001883,130.9569892,127,22.74104526,0,0,0,465
not building,/content/CompositeTiles/Composite tiles19.TIF,115,146.7034121,148,19.89747248,89.55905512,83,26.30199743,0,0,0,381
not building,/content/CompositeTiles/Composite tiles19.TIF,116,92.32007868,77,30.81172655,210.7125193,237,50.87632755,0,0,0,7117
building,/content/CompositeTiles/Composite tiles19.TIF,117,68.48044693,67,3.555373276,165.1731844,163,18.13198527,0,0,0,179
building,/content/CompositeTiles/Composite tiles19.TIF,118,71.23015873,70,5.020849701,119.6825397,116,17.98528975,0,0,0,126
building,/content/CompositeTiles/Composite tiles19.TIF,119,67.52739726,68,4.14496758,143.7739726,141,20.9917696,0,0,0,146
building,/content/CompositeTiles/Composite tiles19.TIF,120,69.10629921,68,4.79834696,162.3070866,158,21.937819,0,0,0,254
building,/content/CompositeTiles/Composite tiles19.TIF,121,71.46341463,70,6.044943708,158.6402439,156,15.19542903,0,0,0,164
building,/content/CompositeTiles/Composite tiles19.TIF,122,69.48022599,69,7.894853072,150.8700565,145,19.35601795,0,0,0,177
building,/content/CompositeTiles/Composite tiles19.TIF,123,71.40650407,70,5.421782922,163.8536585,159,18.97781457,0,0,0,123
building,/content/CompositeTiles/Composite tiles19.TIF,124,69.31515152,70,2.68058352,165.2242424,162,16.8005597,0,0,0,165
building,/content/CompositeTiles/Composite tiles19.TIF,125,68.7079646,67,5.014459475,118.1327434,112,20.78823034,0,0,0,113
not building,/content/CompositeTiles/Composite tiles19.TIF,126,130.4094488,141,22.05035552,91.68897638,83,27.10554096,0,0,0,254
building,/content/CompositeTiles/Composite tiles19.TIF,127,71.60869565,69,8.187684975,172.1652174,169,19.49980175,0,0,0,115
building,/content/CompositeTiles/Composite tiles19.TIF,128,71.81208054,70,6.322824455,123.9328859,114,26.01307478,0,0,0,149
building,/content/CompositeTiles/Composite tiles19.TIF,129,68.07627119,67,2.940531428,171.1610169,168.5,21.54261458,0,0,0,118
building,/content/CompositeTiles/Composite tiles19.TIF,130,70.85915493,68,5.697283204,176.0492958,173,16.98811824,0,0,0,142
building,/content/CompositeTiles/Composite tiles19.TIF,131,69.96330275,68,5.112364227,152.7201835,148,27.29434622,0,0,0,218
building,/content/CompositeTiles/Composite tiles19.TIF,132,72.35652174,70,5.933239169,180.7913043,179,21.37755656,0,0,0,115
building,/content/CompositeTiles/Composite tiles19.TIF,133,68.144,68,1.986772257,182.104,179,25.52984888,0,0,0,125
building,/content/CompositeTiles/Composite tiles19.TIF,134,67.85990338,68,1.549407239,149.5217391,147,26.64742532,0,0,0,207
building,/content/CompositeTiles/Composite tiles19.TIF,135,69.48920863,69,2.473941621,183.5755396,181,24.79846201,0,0,0,139
building,/content/CompositeTiles/Composite tiles19.TIF,136,69.78504673,68,5.85259434,157.0654206,153.5,28.25741852,0,0,0,214
building,/content/CompositeTiles/Composite tiles19.TIF,137,69.96721311,68,5.006445724,119.9877049,115.5,20.75253916,0,0,0,244
building,/content/CompositeTiles/Composite tiles19.TIF,138,69.19456067,68,5.20357655,127.5606695,123,21.29115461,0,0,0,478
building,/content/CompositeTiles/Composite tiles19.TIF,139,73.89230769,72,6.231737816,159.2692308,154,27.05174201,0,0,0,130
building,/content/CompositeTiles/Composite tiles19.TIF,140,68.28888889,67,4.383245317,189.5851852,187,22.47282645,0,0,0,135
building,/content/CompositeTiles/Composite tiles19.TIF,141,68.96444444,68,3.575046577,148.12,148,24.60061065,0,0,0,225
building,/content/CompositeTiles/Composite tiles19.TIF,142,69.12631579,68,3.432789583,152.5315789,150,25.02118161,0,0,0,190
building,/content/CompositeTiles/Composite tiles19.TIF,143,69.144,68,4.339039525,158.336,155,23.06302461,0,0,0,125
building,/content/CompositeTiles/Composite tiles19.TIF,144,69.51428571,68,6.190798526,118.3961905,115,18.9562701,0,0,0,525
building,/content/CompositeTiles/Composite tiles19.TIF,145,69.09090909,68,3.242601241,142.625,138,23.52600713,0,0,0,176
building,/content/CompositeTiles/Composite tiles19.TIF,146,68.16949153,67,3.26071918,190.7033898,188,17.98790051,0,0,0,118
building,/content/CompositeTiles/Composite tiles19.TIF,147,66.04225352,63,9.325018022,162.4084507,159,15.22144287,0,0,0,142
building,/content/CompositeTiles/Composite tiles19.TIF,148,67.12820513,67,3.782411978,153.6051282,153,28.96811641,0,0,0,195
building,/content/CompositeTiles/Composite tiles19.TIF,149,70.70588235,68.5,5.837221829,126.7394958,118,31.51535898,0,0,0,238
building,/content/CompositeTiles/Composite tiles19.TIF,150,68.2987013,67,4.515672377,173.961039,169.5,24.93989739,0,0,0,154
not building,/content/CompositeTiles/Composite tiles19.TIF,151,148.5384615,150,15.64047297,225.5638112,255,42.99920049,0,0,0,1144
building,/content/CompositeTiles/Composite tiles19.TIF,152,70.08,69,3.73545178,192.615,176,37.56935952,0,0,0,200
not building,/content/CompositeTiles/Composite tiles19.TIF,153,152.1895425,154,14.55042178,184.2978525,178,50.29496548,0,0,0,1071
building,/content/CompositeTiles/Composite tiles19.TIF,154,71.02580645,68,7.938431134,179.2774194,174,26.37925272,0,0,0,155
not building,/content/CompositeTiles/Composite tiles19.TIF,155,150.9261745,156,16.51238866,157.9127517,153,52.68265546,0,0,0,149
building,/content/CompositeTiles/Composite tiles19.TIF,156,68.71836735,68,5.503085349,129.8612245,117,38.28567599,0,0,0,245
not building,/content/CompositeTiles/Composite tiles19.TIF,157,105.603352,111,32.68937845,224.3815177,255,41.75410107,0,0,0,4296
building,/content/CompositeTiles/Composite tiles19.TIF,158,72.0562249,73,4.19849507,102.6666667,95,24.75918825,0,0,0,249
building,/content/CompositeTiles/Composite tiles19.TIF,159,70.14054054,69,5.097082338,130.3756757,128,19.48504493,0,0,0,370
building,/content/CompositeTiles/Composite tiles19.TIF,160,70.61111111,69,4.974494027,123.9603175,119,22.05706912,0,0,0,126
building,/content/CompositeTiles/Composite tiles19.TIF,161,59.96717172,59,3.68404053,146.3813131,144,18.48008905,0,0,0,396
not building,/content/CompositeTiles/Composite tiles19.TIF,162,101.7894737,106,23.39720844,90.98684211,84,24.20417179,0,0,0,152
building,/content/CompositeTiles/Composite tiles19.TIF,163,72.79888268,71,8.315281677,164.6703911,160,27.02012007,0,0,0,179
building,/content/CompositeTiles/Composite tiles19.TIF,164,72.545,71,4.978752354,157.615,154,26.06159579,0,0,0,200
building,/content/CompositeTiles/Composite tiles19.TIF,165,69.38607595,68,3.796608552,133.5316456,131,18.9181016,0,0,0,158
building,/content/CompositeTiles/Composite tiles19.TIF,166,74.72159091,72,8.37181349,108.1647727,102,23.70009369,0,0,0,176
building,/content/CompositeTiles/Composite tiles19.TIF,167,71.73067916,69,9.025338791,126.7775176,122,22.71810058,0,0,0,427
building,/content/CompositeTiles/Composite tiles19.TIF,168,74.29370629,75,4.036255566,179.9300699,176,20.73193893,0,0,0,143
building,/content/CompositeTiles/Composite tiles19.TIF,169,69.18965517,67,5.12585366,140.6724138,137,24.6855311,0,0,0,116
not building,/content/CompositeTiles/Composite tiles19.TIF,170,116.4202247,128,31.4460629,207.7494382,254,52.01615052,0,0,0,890
building,/content/CompositeTiles/Composite tiles19.TIF,171,61.48,60,5.305996608,155.8,145,24.28464535,0,0,0,125
building,/content/CompositeTiles/Composite tiles19.TIF,172,67.29237288,67,3.807233454,138.5423729,133,19.77271021,0,0,0,236
not building,/content/CompositeTiles/Composite tiles19.TIF,173,102.2930233,110,24.78680627,211.9004651,239,49.59493926,0,0,0,1075
building,/content/CompositeTiles/Composite tiles19.TIF,174,68.71304348,68,3.269796477,177.6521739,170,28.0924076,0,0,0,115
building,/content/CompositeTiles/Composite tiles19.TIF,175,83.11023622,80,14.02148427,149.1259843,142,24.19832497,0,0,0,127
building,/content/CompositeTiles/Composite tiles19.TIF,176,68.16949153,67,3.489220895,130.5932203,126,21.76034229,0,0,0,118
building,/content/CompositeTiles/Composite tiles19.TIF,177,75.37078652,72.5,9.165926181,108.8426966,102,25.81150291,0,0,0,356
building,/content/CompositeTiles/Composite tiles19.TIF,178,71.30379747,70,3.919617749,141.5443038,138,22.81366317,0,0,0,158
building,/content/CompositeTiles/Composite tiles19.TIF,179,71.64573991,69,7.681733459,157.1659193,151,27.96240758,0,0,0,223
not building,/content/CompositeTiles/Composite tiles19.TIF,180,129.6578947,135,18.26508218,134.2796053,126,44.36456451,0,0,0,304
building,/content/CompositeTiles/Composite tiles19.TIF,181,72.8,72,5.463598548,179.1181818,177,22.23785953,0,0,0,110
building,/content/CompositeTiles/Composite tiles19.TIF,182,68.37106918,68,2.367371121,181.9496855,180,27.43426649,0,0,0,159
building,/content/CompositeTiles/Composite tiles19.TIF,183,67.80088496,66,7.020841232,168.7345133,168,19.4044141,0,0,0,226
building,/content/CompositeTiles/Composite tiles19.TIF,184,68.7810219,67,5.243995981,166.2262774,162,20.59409337,0,0,0,137
building,/content/CompositeTiles/Composite tiles19.TIF,185,70.26315789,68,5.628435478,151.6783626,146,24.99605933,0,0,0,171
building,/content/CompositeTiles/Composite tiles19.TIF,186,70.13488372,68,9.501306733,180.1860465,176,22.32784872,0,0,0,215
building,/content/CompositeTiles/Composite tiles19.TIF,187,61.95726496,61,3.30860872,170.008547,163,22.37500732,0,0,0,117
building,/content/CompositeTiles/Composite tiles19.TIF,188,72.65420561,72,4.277965286,145.6448598,125,41.28411981,0,0,0,107
building,/content/CompositeTiles/Composite tiles19.TIF,189,69.60736196,69,5.223161705,176.0552147,175,21.23033237,0,0,0,163
not building,/content/CompositeTiles/Composite tiles19.TIF,190,114.6736402,124,23.86762166,209.6129707,228,46.25871849,0,0,0,478
not building,/content/CompositeTiles/Composite tiles19.TIF,191,91.44683258,73,32.23026776,233.3778281,255,42.12559069,0,0,0,884
building,/content/CompositeTiles/Composite tiles19.TIF,192,68.29473684,67,5.059381456,171.3842105,167,22.81976897,0,0,0,190
building,/content/CompositeTiles/Composite tiles19.TIF,193,69.40747029,68,4.453534323,130.3837012,125,26.08043206,0,0,0,589
not building,/content/CompositeTiles/Composite tiles19.TIF,194,103.2962138,113,27.2145482,228.6614699,255,44.32785686,0,0,0,898
building,/content/CompositeTiles/Composite tiles19.TIF,195,68.63546798,69,3.833367007,198.7684729,194,32.95885764,0,0,0,203
not building,/content/CompositeTiles/Composite tiles19.TIF,196,126.5204678,133,23.11232151,239.8479532,255,22.86472382,0,0,0,171
building,/content/CompositeTiles/Composite tiles19.TIF,197,69.98974359,70,4.614903109,158.7205128,141,41.42836065,0,0,0,390
building,/content/CompositeTiles/Composite tiles19.TIF,198,68.925,68,4.285950886,199.525,196,21.53445398,0,0,0,120
building,/content/CompositeTiles/Composite tiles19.TIF,199,70.96598639,68,7.017388477,136.5238095,127,35.87740527,0,0,0,147
not building,/content/CompositeTiles/Composite tiles19.TIF,200,119.3415638,126,25.99498608,141.5144033,139,12.9730172,0,0,0,243
not building,/content/CompositeTiles/Composite tiles19.TIF,201,138.3064516,138.5,18.80195772,175.6344086,175,37.56608083,0,0,0,186
building,/content/CompositeTiles/Composite tiles19.TIF,202,69.84142395,69,4.059122043,187.5048544,182,30.86137932,0,0,0,309
not building,/content/CompositeTiles/Composite tiles19.TIF,203,111.2668161,120,31.85228128,213.4932735,239,46.21643079,0,0,0,446
not building,/content/CompositeTiles/Composite tiles19.TIF,204,122.4723926,136,30.47825593,131.0613497,120,32.31814496,0,0,0,163
building,/content/CompositeTiles/Composite tiles19.TIF,205,72.59763314,70,9.55972786,156.7573964,162,33.41199278,0,0,0,338
building,/content/CompositeTiles/Composite tiles19.TIF,206,72.27314815,69,9.779249635,126.0231481,121,23.20190009,0,0,0,216
building,/content/CompositeTiles/Composite tiles19.TIF,207,70.32716049,69,4.358658542,126.9506173,122.5,23.35099926,0,0,0,324
building,/content/CompositeTiles/Composite tiles19.TIF,208,68.92971246,68,4.847994109,123.3738019,119,22.89769337,0,0,0,313
building,/content/CompositeTiles/Composite tiles19.TIF,209,68.48828125,68,7.869036642,120.9726563,117,21.32164472,0,0,0,256
building,/content/CompositeTiles/Composite tiles19.TIF,210,69.90714286,69,3.171066582,135.6071429,128.5,27.50784211,0,0,0,140
building,/content/CompositeTiles/Composite tiles19.TIF,211,72.6993007,71,8.405821297,171.2307692,163,28.50584342,0,0,0,143
building,/content/CompositeTiles/Composite tiles19.TIF,212,71.48235294,70,4.287085297,125.1352941,118,29.75506761,0,0,0,170
building,/content/CompositeTiles/Composite tiles19.TIF,213,69.00490196,68,8.009490418,127.7401961,123.5,20.26723793,0,0,0,204
building,/content/CompositeTiles/Composite tiles19.TIF,214,68.81746032,67,4.804760856,118.7142857,113,25.46452782,0,0,0,126
building,/content/CompositeTiles/Composite tiles19.TIF,215,70.01639344,67,9.571117418,120.4180328,116.5,19.9260272,0,0,0,122
building,/content/CompositeTiles/Composite tiles19.TIF,216,68.21111111,68,2.342811438,153.5111111,149.5,29.17161651,0,0,0,180
building,/content/CompositeTiles/Composite tiles19.TIF,217,71.44078947,70,4.647769064,124.1381579,119,23.09392986,0,0,0,152
building,/content/CompositeTiles/Composite tiles19.TIF,218,73.2173913,70,8.558527513,124.9217391,120,23.38120681,0,0,0,115
building,/content/CompositeTiles/Composite tiles19.TIF,219,76.01724138,69,17.31801074,128.7327586,122,25.34804548,0,0,0,116
building,/content/CompositeTiles/Composite tiles19.TIF,220,71.70526316,70,4.677772039,161.5315789,156.5,26.53431845,0,0,0,190
building,/content/CompositeTiles/Composite tiles19.TIF,221,69.73273273,69,4.634773,133.4354354,127,28.83367765,0,0,0,333
building,/content/CompositeTiles/Composite tiles19.TIF,222,62.3115942,59,7.08928639,121.7463768,112,31.33481224,0,0,0,138
building,/content/CompositeTiles/Composite tiles19.TIF,223,68.592,66,5.87482221,123.4,115,29.21999316,0,0,0,125
building,/content/CompositeTiles/Composite tiles19.TIF,224,69.50819672,68,4.566890648,124.8278689,122,19.98347376,0,0,0,122
building,/content/CompositeTiles/Composite tiles19.TIF,225,69.16470588,68,3.913316808,124.8470588,120.5,22.5299831,0,0,0,170
building,/content/CompositeTiles/Composite tiles19.TIF,226,71.12931034,69,5.032703689,118.7543103,113,22.58441976,0,0,0,232
building,/content/CompositeTiles/Composite tiles19.TIF,227,73.88549618,70,11.09407463,128.3587786,125,19.47990497,0,0,0,131
building,/content/CompositeTiles/Composite tiles19.TIF,228,69.34108527,68,3.812456377,120.4496124,113,24.99332042,0,0,0,129
building,/content/CompositeTiles/Composite tiles19.TIF,229,70.6300578,70,3.994449689,129.9595376,121,32.34055747,0,0,0,173
building,/content/CompositeTiles/Composite tiles19.TIF,230,72.69230769,71,8.64935306,175.8888889,174,21.65572812,0,0,0,117
building,/content/CompositeTiles/Composite tiles19.TIF,231,69.84931507,69,4.347637472,141.0924658,131,34.29707561,0,0,0,292
building,/content/CompositeTiles/Composite tiles19.TIF,232,69.13888889,68,2.732548442,160.1527778,157,19.93402989,0,0,0,144
building,/content/CompositeTiles/Composite tiles19.TIF,233,68.82786885,67,5.323459714,118.442623,115.5,15.78027882,0,0,0,122
building,/content/CompositeTiles/Composite tiles19.TIF,234,69.15879828,68,3.535912909,131.7038627,124,24.74562141,0,0,0,233
building,/content/CompositeTiles/Composite tiles19.TIF,235,69.8,69,4.441759873,129.0076923,120,31.67272453,0,0,0,130
not building,/content/CompositeTiles/Composite tiles19.TIF,236,107.9380531,103,23.53279887,114.699115,105,30.29672869,0,0,0,113
building,/content/CompositeTiles/Composite tiles19.TIF,237,71.52857143,69,6.682004465,163.5285714,157,29.30271632,0,0,0,140
building,/content/CompositeTiles/Composite tiles19.TIF,238,68.98198198,68,6.056761514,133.3603604,125,30.67081625,0,0,0,111
building,/content/CompositeTiles/Composite tiles19.TIF,239,70.05806452,69,3.691732192,173.2774194,167,25.32461138,0,0,0,155
building,/content/CompositeTiles/Composite tiles19.TIF,240,67.58646617,67,3.537400217,123.7368421,116,29.88421132,0,0,0,133
not building,/content/CompositeTiles/Composite tiles19.TIF,241,137.3823529,138,9.469501216,128.8117647,108.5,65.37187633,0,0,0,170
building,/content/CompositeTiles/Composite tiles19.TIF,242,67.74045802,67,3.753040063,128.4580153,120,30.38286468,0,0,0,131
building,/content/CompositeTiles/Composite tiles19.TIF,243,70.45890411,68,5.361106398,144.3356164,139,24.44122875,0,0,0,146
not building,/content/CompositeTiles/Composite tiles19.TIF,244,156.8920863,157,12.77344967,170.6510791,161,55.50808985,0,0,0,556
not building,/content/CompositeTiles/Composite tiles19.TIF,245,125.8367347,123,8.465247738,123.8979592,116,40.2919169,0,0,0,147
building,/content/CompositeTiles/Composite tiles19.TIF,246,70.08035714,69,3.815238227,180.5982143,176,22.61694206,0,0,0,112
building,/content/CompositeTiles/Composite tiles19.TIF,247,75.22727273,73,7.888609845,161.7545455,158,23.78623986,0,0,0,110
building,/content/CompositeTiles/Composite tiles19.TIF,248,68.33701657,68,7.962079321,157.6685083,151,30.27097789,0,0,0,181
building,/content/CompositeTiles/Composite tiles19.TIF,249,68.80337079,68,6.154434766,141.4662921,132,25.3481708,0,0,0,178
building,/content/CompositeTiles/Composite tiles19.TIF,250,70.22463768,69,3.904694529,176.884058,175,22.54530783,0,0,0,138
building,/content/CompositeTiles/Composite tiles19.TIF,251,74.51492537,74,6.272107259,140.8507463,135,26.99018823,0,0,0,134
building,/content/CompositeTiles/Composite tiles19.TIF,252,70.27272727,69,3.575987808,130.9592476,120,33.08299008,0,0,0,319
not building,/content/CompositeTiles/Composite tiles19.TIF,253,122.9116022,128,15.55858393,255,255,0,0,0,0,181
building,/content/CompositeTiles/Composite tiles19.TIF,254,68.14473684,66,5.340273863,135.9802632,127.5,30.16107425,0,0,0,152
building,/content/CompositeTiles/Composite tiles19.TIF,255,75.71,73,9.043555717,142.095,128.5,37.18569584,0,0,0,200
building,/content/CompositeTiles/Composite tiles19.TIF,256,73.125,71,7.438287773,123.25,114,31.125502,0,0,0,128
building,/content/CompositeTiles/Composite tiles19.TIF,257,61.7607362,61,4.36077659,179.3128834,182,28.33162976,0,0,0,163
building,/content/CompositeTiles/Composite tiles19.TIF,258,71.25294118,71,3.477764266,123.6411765,117.5,24.09455781,0,0,0,170
building,/content/CompositeTiles/Composite tiles19.TIF,259,71.98039216,70,6.75405527,152.2352941,144,32.78096544,0,0,0,204
not building,/content/CompositeTiles/Composite tiles19.TIF,260,105.2269306,101,32.79025704,226.085733,255,50.05101958,0,0,0,6112
building,/content/CompositeTiles/Composite tiles19.TIF,261,70.55284553,69,5.762513075,129.9105691,120,34.01673623,0,0,0,123
building,/content/CompositeTiles/Composite tiles19.TIF,262,67.90131579,67,2.625181368,175.9539474,176.5,19.52607528,0,0,0,152
not building,/content/CompositeTiles/Composite tiles19.TIF,263,159.412844,159,12.77388224,161.8379205,148,59.52493913,0,0,0,327
building,/content/CompositeTiles/Composite tiles19.TIF,264,69.25892857,67,5.756588672,141.9821429,136,28.20871894,0,0,0,112
building,/content/CompositeTiles/Composite tiles19.TIF,265,75.96932515,76,7.440911047,161.595092,159,26.73790949,0,0,0,163
not building,/content/CompositeTiles/Composite tiles19.TIF,266,153.0738916,154,11.24818357,176.8719212,167,44.66408118,0,0,0,203
building,/content/CompositeTiles/Composite tiles19.TIF,267,71.00985222,70,3.116759318,158.5418719,154,33.05782321,0,0,0,203
building,/content/CompositeTiles/Composite tiles19.TIF,268,69.67164179,68,4.619517516,167.1865672,163,24.96988273,0,0,0,134
building,/content/CompositeTiles/Composite tiles19.TIF,269,72.94708995,72,4.033897966,167.2222222,164,27.50013628,0,0,0,189
building,/content/CompositeTiles/Composite tiles19.TIF,270,67.6626506,67,3.508259131,171.0060241,160,31.52021669,0,0,0,166
building,/content/CompositeTiles/Composite tiles19.TIF,271,69.66826923,68,7.925770582,126.2115385,120.5,23.80294628,0,0,0,208
building,/content/CompositeTiles/Composite tiles19.TIF,272,55.61805556,53,6.449587118,162.6944444,157.5,22.95958943,0,0,0,144
building,/content/CompositeTiles/Composite tiles19.TIF,273,68.98290598,68,2.978506785,188.4786325,187,21.63196364,0,0,0,117
not building,/content/CompositeTiles/Composite tiles19.TIF,274,142.5202492,146,16.96580016,136.5327103,120,60.7659292,0,0,0,321
building,/content/CompositeTiles/Composite tiles19.TIF,275,67.42924528,67,3.817745729,158.5801887,153.5,31.45974043,0,0,0,212
building,/content/CompositeTiles/Composite tiles19.TIF,276,75.01626016,71,14.07412649,167.3577236,160,32.20491557,0,0,0,123
building,/content/CompositeTiles/Composite tiles19.TIF,277,70.87239583,69,5.930313062,143.7708333,130.5,38.29639865,0,0,0,384
building,/content/CompositeTiles/Composite tiles19.TIF,278,69.82467532,68,4.800071857,160.2922078,148.5,35.10076873,0,0,0,154
building,/content/CompositeTiles/Composite tiles19.TIF,279,69.32533333,65,12.84993482,204.7146667,224,52.296857,0,0,0,375
building,/content/CompositeTiles/Composite tiles19.TIF,280,73.22727273,71,7.450026346,172.5181818,163,32.42718607,0,0,0,110
building,/content/CompositeTiles/Composite tiles19.TIF,281,67.72262774,67,4.63520317,158.8540146,155,29.74895941,0,0,0,137
building,/content/CompositeTiles/Composite tiles19.TIF,282,68.56875,67,5.328721558,128.00625,123.5,20.91844189,0,0,0,160
building,/content/CompositeTiles/Composite tiles19.TIF,283,70.48529412,69,3.640025239,177.7941176,175,26.70704843,0,0,0,136
building,/content/CompositeTiles/Composite tiles19.TIF,284,74.31081081,72,8.716132411,130.8513514,118.5,34.07510879,0,0,0,148
building,/content/CompositeTiles/Composite tiles19.TIF,285,70.01574803,69,4.816285124,168.2677165,164,30.89821971,0,0,0,127
building,/content/CompositeTiles/Composite tiles19.TIF,286,69.24293785,68,2.729369117,168.6949153,166,21.34403758,0,0,0,177
building,/content/CompositeTiles/Composite tiles19.TIF,287,69.77931034,70,2.988412023,182.9448276,180,24.13375925,0,0,0,145
building,/content/CompositeTiles/Composite tiles19.TIF,288,74.4,70,12.38129275,201.374359,198,29.45241027,0,0,0,195
building,/content/CompositeTiles/Composite tiles19.TIF,289,71.69172932,70,5.189898301,167.2706767,163,26.25643575,0,0,0,133
building,/content/CompositeTiles/Composite tiles19.TIF,290,71.08474576,69,5.90973955,187.8559322,185.5,22.51714052,0,0,0,118
building,/content/CompositeTiles/Composite tiles19.TIF,291,69.74242424,69,2.966022773,147.530303,144,31.4987829,0,0,0,132
building,/content/CompositeTiles/Composite tiles19.TIF,292,74.9154334,73,8.005365185,154.2917548,147,49.33600844,0,0,0,473
building,/content/CompositeTiles/Composite tiles19.TIF,293,76.19889503,73,10.03938096,109.558011,102,26.31498962,0,0,0,181
building,/content/CompositeTiles/Composite tiles19.TIF,294,76.95901639,73.5,10.95325204,138.6803279,121.5,43.89056181,0,0,0,122
building,/content/CompositeTiles/Composite tiles19.TIF,295,68.5,67.5,4.87434706,183.8981481,170,46.32182907,0,0,0,216
not building,/content/CompositeTiles/Composite tiles19.TIF,296,130.0943396,129,14.48260394,170.1383648,158,35.36378384,0,0,0,159
building,/content/CompositeTiles/Composite tiles19.TIF,297,70.26890756,68,7.418688052,175.5294118,170,29.16234579,0,0,0,238
building,/content/CompositeTiles/Composite tiles19.TIF,298,69.65100671,69,3.582069767,176.5503356,169,32.62877148,0,0,0,149
building,/content/CompositeTiles/Composite tiles19.TIF,299,71.05,70,3.778998986,181.2083333,178.5,23.18652476,0,0,0,120
not building,/content/CompositeTiles/Composite tiles19.TIF,300,98.8212408,88,29.38038021,223.555205,255,51.75101,0,0,0,951
building,/content/CompositeTiles/Composite tiles19.TIF,301,72.54716981,69,13.02571145,138.9559748,125,35.19243521,0,0,0,159
building,/content/CompositeTiles/Composite tiles19.TIF,302,70.7195122,69,7.527631037,164.6829268,160.5,30.94344883,0,0,0,164
not building,/content/CompositeTiles/Composite tiles19.TIF,303,117.2291933,130,32.88356782,232.5044814,255,36.84565229,0,0,0,781
building,/content/CompositeTiles/Composite tiles19.TIF,304,70.01648352,68,4.911832847,149.6868132,133.5,44.03477324,0,0,0,182
building,/content/CompositeTiles/Composite tiles19.TIF,305,73.17766497,72,5.534745683,141.2690355,125,38.48321812,0,0,0,197
building,/content/CompositeTiles/Composite tiles19.TIF,306,72.55897436,71,5.408479475,147.6923077,123,52.24191943,0,0,0,195
building,/content/CompositeTiles/Composite tiles19.TIF,307,73.16402116,71,9.728025119,174.1693122,169,27.74721322,0,0,0,189
building,/content/CompositeTiles/Composite tiles19.TIF,308,70.3902439,69,4.581039301,128.8211382,121,29.57367334,0,0,0,123
not building,/content/CompositeTiles/Composite tiles19.TIF,309,111.5971223,113,18.34078657,197.971223,185,46.06500606,0,0,0,139
building,/content/CompositeTiles/Composite tiles19.TIF,310,71.63247863,68,9.625108094,138.1111111,123,38.63101313,0,0,0,117
not building,/content/CompositeTiles/Composite tiles19.TIF,311,99.95724907,76,35.14785596,224.5929368,255,47.5464526,0,0,0,538
not building,/content/CompositeTiles/Composite tiles19.TIF,312,142.5426357,148,23.63875669,79.24031008,76,24.01962221,0,0,0,129
building,/content/CompositeTiles/Composite tiles19.TIF,313,70.7260274,69,5.065579812,170.8721461,167,29.60673903,0,0,0,219
building,/content/CompositeTiles/Composite tiles19.TIF,314,71.92307692,69,5.494214278,130.7596154,118,34.20174737,0,0,0,104
building,/content/CompositeTiles/Composite tiles19.TIF,315,77.74193548,73,13.71264484,174.5096774,160,40.17869243,0,0,0,155
not building,/content/CompositeTiles/Composite tiles19.TIF,316,123.4422111,133,21.74695559,212.4271357,233,48.90513294,0,0,0,199
building,/content/CompositeTiles/Composite tiles19.TIF,317,72.03389831,70,6.421977013,173.779661,171,20.15790865,0,0,0,177
building,/content/CompositeTiles/Composite tiles19.TIF,318,67.0821256,66,8.326549083,174.5410628,165,31.0988296,0,0,0,207
building,/content/CompositeTiles/Composite tiles19.TIF,319,91.20863309,72,33.23763898,147.1223022,127,45.6817991,0,0,0,278
not building,/content/CompositeTiles/Composite tiles19.TIF,320,130.0964912,131,13.58790051,134.4649123,116.5,60.67025917,0,0,0,114
not building,/content/CompositeTiles/Composite tiles19.TIF,321,99.81658291,77,33.41988134,222.1633166,231,34.67887082,0,0,0,398
not building,/content/CompositeTiles/Composite tiles19.TIF,322,117.079096,124,18.29866666,254.7231638,255,2.223951576,0,0,0,177
not building,/content/CompositeTiles/Composite tiles19.TIF,323,97.73371105,97,29.68803657,234.5637394,255,35.05454333,0,0,0,706
not building,/content/CompositeTiles/Composite tiles19.TIF,324,92.19188192,76,28.99395675,217.0221402,255,41.89403551,0,0,0,542
not building,/content/CompositeTiles/Composite tiles19.TIF,325,157.4186992,158,12.98245752,160.0569106,146,57.96786337,0,0,0,246
not building,/content/CompositeTiles/Composite tiles19.TIF,326,112.3256326,124,33.86366266,228.4565457,255,39.26090458,0,0,0,909
not building,/content/CompositeTiles/Composite tiles19.TIF,327,104.6666667,107,15.8928033,112.6666667,102,33.10459983,0,0,0,39
not building,/content/CompositeTiles/Composite tiles19.TIF,328,126.8064516,125,6.52251364,177.8817204,169,45.00892372,0,0,0,93
not building,/content/CompositeTiles/Composite tiles19.TIF,329,81.07575758,79,9.420015129,255,255,0,0,0,0,66
not building,/content/CompositeTiles/Composite tiles19.TIF,330,131.9404762,137,12.82608131,254.8333333,255,0.737326789,0,0,0,84
not building,/content/CompositeTiles/Composite tiles19.TIF,331,126.8529412,125,6.522054679,209.1029412,211,41.63854963,0,0,0,68
not building,/content/CompositeTiles/Composite tiles19.TIF,332,133.7534247,137,14.46088804,180.4109589,168,33.29315023,0,0,0,73
not building,/content/CompositeTiles/Composite tiles19.TIF,333,62.3442623,60,6.373318476,182.5901639,182,16.89541314,0,0,0,61
not building,/content/CompositeTiles/Composite tiles19.TIF,334,129.2204614,131,11.48339812,254.8851084,255,2.796957032,0,0,0,4291
not building,/content/CompositeTiles/Composite tiles19.TIF,335,142.3369565,145,15.20245773,104.3043478,96,30.4897485,0,0,0,92
building,/content/CompositeTiles/Composite tiles19.TIF,336,72.30136986,66,13.1197696,146.1506849,146,15.30571675,0,0,0,73
building,/content/CompositeTiles/Composite tiles19.TIF,337,78.77142857,71.5,15.6818106,155.7571429,154,20.62206565,0,0,0,70
building,/content/CompositeTiles/Composite tiles19.TIF,338,70.92,71,3.34966665,174.4533333,172,19.27159798,0,0,0,75
not building,/content/CompositeTiles/Composite tiles19.TIF,339,88.97674419,87,18.45105199,209.3023256,201,21.84888362,0,0,0,43
building,/content/CompositeTiles/Composite tiles19.TIF,340,67.5,66,7.323565756,171.3461538,164,18.9978588,0,0,0,26
building,/content/CompositeTiles/Composite tiles19.TIF,341,63.375,61,6.183395103,147.9642857,144,24.46569339,0,0,0,56
building,/content/CompositeTiles/Composite tiles19.TIF,342,81.87719298,80,10.94174394,179.8070175,172,30.39011762,0,0,0,57
not building,/content/CompositeTiles/Composite tiles19.TIF,343,107.5,95,36.52396474,137.0972222,123,54.5051373,0,0,0,72
building,/content/CompositeTiles/Composite tiles19.TIF,344,69.68918919,68,7.113606444,119.8108108,115,23.58279015,0,0,0,740
not building,/content/CompositeTiles/Composite tiles19.TIF,345,131.486166,136,23.68612288,210.5968379,255,53.69842879,0,0,0,253
building,/content/CompositeTiles/Composite tiles19.TIF,346,69.38679245,68,4.606334348,124.3537736,121,18.93290873,0,0,0,212
building,/content/CompositeTiles/Composite tiles19.TIF,347,73.09411765,72,3.609215425,132.1882353,132,14.72292659,0,0,0,85
building,/content/CompositeTiles/Composite tiles19.TIF,348,66.65217391,65,6.301198614,168.4782609,163,15.37889453,0,0,0,23
not building,/content/CompositeTiles/Composite tiles19.TIF,349,107.9958096,115,32.89765338,233.7690245,255,36.17998392,0,0,0,5966
not building,/content/CompositeTiles/Composite tiles19.TIF,350,149.9897959,152,10.92413066,159.3877551,149,41.37919044,0,0,0,98
not building,/content/CompositeTiles/Composite tiles19.TIF,351,150.5875,151,17.7550653,156.7375,143.5,46.32999669,0,0,0,80
not building,/content/CompositeTiles/Composite tiles19.TIF,352,124.52,127,11.36352058,163.24,169,36.88824203,0,0,0,25
not building,/content/CompositeTiles/Composite tiles19.TIF,353,109.0628399,119,32.61469156,234.2592145,255,36.08194598,0,0,0,1655
building,/content/CompositeTiles/Composite tiles19.TIF,354,70.40888889,68,7.190234804,112.7066667,109,16.19007103,0,0,0,225
building,/content/CompositeTiles/Composite tiles19.TIF,355,71.35106383,68,9.221514445,124.1914894,119,22.0006173,0,0,0,94
building,/content/CompositeTiles/Composite tiles19.TIF,356,72.75824176,72,4.487689289,141.7032967,134,31.4022098,0,0,0,91
building,/content/CompositeTiles/Composite tiles19.TIF,357,74.72,69,15.70100634,121.5866667,111,34.07916014,0,0,0,75
building,/content/CompositeTiles/Composite tiles19.TIF,358,72.01315789,70,5.545252643,122.8421053,116,25.28628328,0,0,0,76
not building,/content/CompositeTiles/Composite tiles19.TIF,359,94.43663936,81,27.20017667,209.1779676,255,60.69570127,0,0,0,5737
not building,/content/CompositeTiles/Composite tiles19.TIF,360,72.46666667,70,6.530611678,164.3777778,159,24.62545105,0,0,0,45
not building,/content/CompositeTiles/Composite tiles19.TIF,361,59.51851852,58,3.813915752,202.537037,201.5,14.54713025,0,0,0,54
not building,/content/CompositeTiles/Composite tiles19.TIF,362,120.625,118.5,12.00065102,140.890625,134,31.57932333,0,0,0,64
not building,/content/CompositeTiles/Composite tiles19.TIF,363,107.4985565,102,36.89890425,225.1375171,255,47.09469642,0,0,0,6581
not building,/content/CompositeTiles/Composite tiles19.TIF,364,127.031746,128,14.11401224,185.3174603,180,52.72986726,0,0,0,63
building,/content/CompositeTiles/Composite tiles19.TIF,365,71.71875,67.5,15.18682483,170.75,167,18.82817038,0,0,0,32
not building,/content/CompositeTiles/Composite tiles19.TIF,366,108,118,25.06214498,137.2444444,123.5,57.20864564,0,0,0,90
building,/content/CompositeTiles/Composite tiles19.TIF,367,73.43548387,71,9.361246415,130.2741935,126.5,18.36649242,0,0,0,62
not building,/content/CompositeTiles/Composite tiles19.TIF,368,95.22235208,86,28.50464466,229.0620891,255,38.4022815,0,0,0,6845
building,/content/CompositeTiles/Composite tiles19.TIF,369,67.32978723,66,3.200360013,145.7446809,141.5,21.26726391,0,0,0,94
not building,/content/CompositeTiles/Composite tiles19.TIF,370,149.2133333,145,10.69865204,175.32,172,13.91896548,0,0,0,75
building,/content/CompositeTiles/Composite tiles19.TIF,371,64.25,63,6.832825184,192.6136364,184.5,24.76178866,0,0,0,44
not building,/content/CompositeTiles/Composite tiles19.TIF,372,134.8378378,132,18.74943388,154.0810811,150,24.8066887,0,0,0,37
building,/content/CompositeTiles/Composite tiles19.TIF,373,84.26732673,72,20.28296905,191.279703,178.5,53.45228726,0,0,0,404
not building,/content/CompositeTiles/Composite tiles19.TIF,374,57.33333333,57,3.724148365,208.0980392,202,19.05436485,0,0,0,51
building,/content/CompositeTiles/Composite tiles20.TIF,0,70.26135041,69,3.105409834,106.6618161,106,7.512446604,0,0,0,1718
not building,/content/CompositeTiles/Composite tiles20.TIF,1,69.4532872,69,5.687240432,151.9204152,149,21.00512127,0,0,0,289
building,/content/CompositeTiles/Composite tiles20.TIF,2,62.45621181,62,5.731218073,117.01222,120,13.84125351,0,0,0,491
building,/content/CompositeTiles/Composite tiles20.TIF,3,69.52755906,67,7.168200525,125.2834646,120,23.30046724,0,0,0,127
building,/content/CompositeTiles/Composite tiles20.TIF,4,73.06216216,75,4.604806616,129.7891892,126.5,20.51193171,0,0,0,370
building,/content/CompositeTiles/Composite tiles20.TIF,5,76.53699789,77,4.985306642,92.09513742,91,5.52693172,0,0,0,473
building,/content/CompositeTiles/Composite tiles20.TIF,6,59.01498127,58,3.915751383,112.1086142,107,15.53464778,0,0,0,267
building,/content/CompositeTiles/Composite tiles20.TIF,7,65.55357143,65,4.962069135,152.6696429,151.5,26.33553696,0,0,0,112
building,/content/CompositeTiles/Composite tiles20.TIF,8,69.09482759,68,6.335421016,132,133,20.41867806,0,0,0,232
building,/content/CompositeTiles/Composite tiles20.TIF,9,66.45374449,66,4.845754906,123.2643172,121,9.57698714,0,0,0,227
not building,/content/CompositeTiles/Composite tiles20.TIF,10,62.88852459,65,6.779721411,183.4786885,186.5,63.19556198,0,0,0,610
building,/content/CompositeTiles/Composite tiles20.TIF,11,72.725,71,5.607082575,137.2,124,33.15222466,0,0,0,200
building,/content/CompositeTiles/Composite tiles20.TIF,12,71.88235294,71,3.447915305,167.2745098,164.5,23.13649052,0,0,0,102
not building,/content/CompositeTiles/Composite tiles20.TIF,13,134.9038462,142,21.24846264,119.6794872,104,43.31962118,0,0,0,156
building,/content/CompositeTiles/Composite tiles20.TIF,14,68.19239905,68,4.943244551,137.9881235,138,9.087191871,0,0,0,421
building,/content/CompositeTiles/Composite tiles20.TIF,15,71.05581395,70,5.263887604,130.9581395,121,29.4285594,0,0,0,215
not building,/content/CompositeTiles/Composite tiles20.TIF,16,83.83495146,83,8.249856824,177.8252427,173,21.69579047,0,0,0,103
building,/content/CompositeTiles/Composite tiles20.TIF,17,75.6918239,73,9.934344015,166.327044,163,22.10850795,0,0,0,159
building,/content/CompositeTiles/Composite tiles20.TIF,18,76.43225806,72,12.60876262,163.8258065,160,20.15044973,0,0,0,155
building,/content/CompositeTiles/Composite tiles20.TIF,19,71.97794118,72,4.86806356,147.9264706,142,26.86448354,0,0,0,136
building,/content/CompositeTiles/Composite tiles20.TIF,20,69.93889845,69,3.070410361,105.626506,105,7.110143031,0,0,0,1162
not building,/content/CompositeTiles/Composite tiles20.TIF,21,110.122093,116,24.73786243,229.7790698,255,45.24427271,0,0,0,344
not building,/content/CompositeTiles/Composite tiles20.TIF,22,134.4669604,146,29.01712256,126.030837,111,49.36713063,0,0,0,227
building,/content/CompositeTiles/Composite tiles20.TIF,23,105.7175325,89,34.6427231,141.461039,148,45.97417868,0,0,0,308
building,/content/CompositeTiles/Composite tiles20.TIF,24,71.125,70,5.163041163,171.1547619,166.5,27.22656006,0,0,0,168
not building,/content/CompositeTiles/Composite tiles20.TIF,25,158.1008264,158,6.945460446,181.8413223,174,39.72239968,0,0,0,605
building,/content/CompositeTiles/Composite tiles20.TIF,26,76.64205817,78,4.104815011,254.1767338,255,7.141277753,0,0,0,894
building,/content/CompositeTiles/Composite tiles20.TIF,27,69.0625,69,3.048070965,179.6607143,179,25.47602289,0,0,0,112
building,/content/CompositeTiles/Composite tiles20.TIF,28,71.06878307,70,3.166824686,109.0758377,108,9.537241492,0,0,0,567
building,/content/CompositeTiles/Composite tiles20.TIF,29,73.24,72,4.214546239,186.25,186,23.49994681,0,0,0,100
not building,/content/CompositeTiles/Composite tiles20.TIF,30,142.8066667,145,12.33515122,168.3933333,157.5,35.72392227,0,0,0,150
building,/content/CompositeTiles/Composite tiles20.TIF,31,75.0754717,73,9.399616726,179.9716981,179,23.76554409,0,0,0,106
not building,/content/CompositeTiles/Composite tiles20.TIF,32,135.8559322,141.5,23.95167289,162.0932203,148.5,36.04563663,0,0,0,118
not building,/content/CompositeTiles/Composite tiles20.TIF,33,69.40205092,69,4.690184615,254.9968175,255,0.169209993,0,0,0,2828
not building,/content/CompositeTiles/Composite tiles20.TIF,34,68.70307167,69,2.96116343,159.2662116,144,65.15681361,0,0,0,293
building,/content/CompositeTiles/Composite tiles20.TIF,35,72.4479638,72,5.76643886,253.438914,255,8.15889303,0,0,0,442
building,/content/CompositeTiles/Composite tiles20.TIF,36,67.01612903,67,3.110813271,167.0483871,162.5,29.0363662,0,0,0,124
building,/content/CompositeTiles/Composite tiles20.TIF,37,73.76436782,70,11.02748371,160.2068966,158,20.85259593,0,0,0,174
not building,/content/CompositeTiles/Composite tiles20.TIF,38,156.7853774,157,6.507519116,211.6839623,210,27.7403583,0,0,0,424
building,/content/CompositeTiles/Composite tiles20.TIF,39,71.52336449,72,4.5843003,147.5794393,143,27.77413487,0,0,0,107
building,/content/CompositeTiles/Composite tiles20.TIF,40,71.43089431,70,3.658337845,168.9918699,166,27.09678406,0,0,0,123
building,/content/CompositeTiles/Composite tiles20.TIF,41,71.65048544,70,4.19826302,172.5242718,171,24.34096178,0,0,0,103
building,/content/CompositeTiles/Composite tiles20.TIF,42,72.97530864,72,4.58385602,173.691358,172.5,23.07617122,0,0,0,162
not building,/content/CompositeTiles/Composite tiles20.TIF,43,68.80909091,69,5.504536071,116.5545455,101,44.22393148,0,0,0,110
not building,/content/CompositeTiles/Composite tiles20.TIF,44,144.4133333,146,11.87800208,181.1955556,174,39.42133633,0,0,0,225
not building,/content/CompositeTiles/Composite tiles20.TIF,45,69.05309735,69,1.462454646,175.3893805,174,46.78106296,0,0,0,113
not building,/content/CompositeTiles/Composite tiles20.TIF,46,118.7333333,131,35.22483015,191.4390805,199,61.27790728,0,0,0,435
not building,/content/CompositeTiles/Composite tiles20.TIF,47,109.3602941,110.5,31.71290626,248.9191176,255,16.16621165,0,0,0,272
building,/content/CompositeTiles/Composite tiles20.TIF,48,72.09114583,73,2.899268,104.8020833,102,20.51555294,0,0,0,384
building,/content/CompositeTiles/Composite tiles20.TIF,49,74.34789916,73,7.190795339,107.5848739,105,16.47623518,0,0,0,1190
building,/content/CompositeTiles/Composite tiles20.TIF,50,72.26940639,73,2.915166625,95.50228311,91,15.86396924,0,0,0,219
building,/content/CompositeTiles/Composite tiles20.TIF,51,74.27007299,74,5.475231088,134.7007299,130,20.48548176,0,0,0,137
building,/content/CompositeTiles/Composite tiles20.TIF,52,63.48780488,63,3.422464889,152.6747967,148,22.86350304,0,0,0,123
building,/content/CompositeTiles/Composite tiles20.TIF,53,73.20496894,73,4.818594951,138.0807453,136,22.49498913,0,0,0,161
building,/content/CompositeTiles/Composite tiles20.TIF,54,73.85,74,5.659284407,124.7333333,121,19.94397709,0,0,0,180
building,/content/CompositeTiles/Composite tiles20.TIF,55,75.49358974,74,6.652064259,137.8141026,133,24.11346163,0,0,0,156
building,/content/CompositeTiles/Composite tiles20.TIF,56,71.95620438,70,5.523498063,134.7956204,129,22.68352201,0,0,0,137
not building,/content/CompositeTiles/Composite tiles20.TIF,57,91.98843931,73,29.89751057,129.4219653,122,29.92149618,0,0,0,173
not building,/content/CompositeTiles/Composite tiles20.TIF,58,111.4633333,118,28.01419858,231.1466667,250,28.11355229,0,0,0,300
building,/content/CompositeTiles/Composite tiles20.TIF,59,66.92307692,66,4.208566449,154.7564103,150,28.52649955,0,0,0,156
not building,/content/CompositeTiles/Composite tiles20.TIF,60,144.3515625,156,27.70141858,153.296875,136,62.12844047,0,0,0,128
building,/content/CompositeTiles/Composite tiles20.TIF,61,69.69827586,69,3.040587022,150.362069,146.5,26.68797887,0,0,0,116
building,/content/CompositeTiles/Composite tiles20.TIF,62,71.82038835,67,15.37245588,162.4660194,159,19.70674102,0,0,0,206
building,/content/CompositeTiles/Composite tiles20.TIF,63,68.22772277,67,5.948427179,166.2277228,162,29.93222747,0,0,0,101
building,/content/CompositeTiles/Composite tiles20.TIF,64,71.64705882,73,5.154076848,133.9663866,127,28.89212994,0,0,0,119
building,/content/CompositeTiles/Composite tiles20.TIF,65,72.82926829,70,5.551982459,155.5853659,153,23.23087616,0,0,0,123
building,/content/CompositeTiles/Composite tiles20.TIF,66,73.25675676,73,4.60628481,156.1148649,151,29.4977149,0,0,0,148
building,/content/CompositeTiles/Composite tiles20.TIF,67,73.26950355,72,5.646664028,140.3971631,134,24.90944719,0,0,0,141
building,/content/CompositeTiles/Composite tiles20.TIF,68,74.4379562,75,5.83203,138.7664234,134,21.36791468,0,0,0,137
not building,/content/CompositeTiles/Composite tiles20.TIF,69,107.8244576,115,31.77367087,242.304405,255,29.85168312,0,0,0,1521
building,/content/CompositeTiles/Composite tiles20.TIF,70,63.91304348,64,4.078448591,166.3206522,162,22.16245375,0,0,0,184
building,/content/CompositeTiles/Composite tiles20.TIF,71,69.31730769,69,3.755161635,154.3173077,150.5,23.88243015,0,0,0,104
building,/content/CompositeTiles/Composite tiles20.TIF,72,68.83108108,68,3.045573912,180,175.5,28.97459278,0,0,0,148
building,/content/CompositeTiles/Composite tiles20.TIF,73,70.15606936,69,4.070751537,181.9075145,180,22.68692682,0,0,0,173
not building,/content/CompositeTiles/Composite tiles20.TIF,74,139.2251656,144,23.86251242,125.0198675,121,43.57021739,0,0,0,151
building,/content/CompositeTiles/Composite tiles20.TIF,75,79.64492754,80,7.492799176,171.2318841,165,26.72194177,0,0,0,138
building,/content/CompositeTiles/Composite tiles20.TIF,76,68.37696335,68,5.120975569,134.3664921,128,26.43715709,0,0,0,191
building,/content/CompositeTiles/Composite tiles20.TIF,77,70.05685619,69,5.243895462,160.826087,149,37.48118621,0,0,0,299
not building,/content/CompositeTiles/Composite tiles20.TIF,78,135.5109489,142,22.19131045,106.4160584,97,39.82839876,0,0,0,137
building,/content/CompositeTiles/Composite tiles20.TIF,79,70.2406015,69,5.529348051,179.4511278,176,27.62761672,0,0,0,133
not building,/content/CompositeTiles/Composite tiles20.TIF,80,121.972973,132,23.25241805,116.5315315,110,18.51360338,0,0,0,111
not building,/content/CompositeTiles/Composite tiles20.TIF,81,135.0280899,136,17.1406704,125.4129213,111,45.78320618,0,0,0,356
building,/content/CompositeTiles/Composite tiles20.TIF,82,70.44311377,70,3.916195133,150.3772455,129,43.30806189,0,0,0,167
building,/content/CompositeTiles/Composite tiles20.TIF,83,71.59130435,71,8.824763233,180.2,177,30.63024933,0,0,0,115
building,/content/CompositeTiles/Composite tiles20.TIF,84,62.4537037,62,4.23474224,164.9351852,160,22.22372487,0,0,0,108
building,/content/CompositeTiles/Composite tiles20.TIF,85,72.67521368,72,5.883235722,159.8717949,153,32.68224078,0,0,0,117
building,/content/CompositeTiles/Composite tiles20.TIF,86,75.42477876,75,5.4020732,167.9115044,164,24.19447663,0,0,0,113
building,/content/CompositeTiles/Composite tiles20.TIF,87,68.06722689,67,4.780441758,193.6470588,194,27.90066059,0,0,0,119
building,/content/CompositeTiles/Composite tiles20.TIF,88,71.80916031,70,3.842539125,176.6717557,171,30.60470521,0,0,0,131
not building,/content/CompositeTiles/Composite tiles20.TIF,89,147.5285714,146,9.963344383,146.547619,145.5,38.504794,0,0,0,210
building,/content/CompositeTiles/Composite tiles20.TIF,90,79.68899522,70,21.52697036,168.9521531,154,45.6752381,0,0,0,209
not building,/content/CompositeTiles/Composite tiles20.TIF,91,125.9078591,122,16.90631504,253.899729,255,5.096704385,0,0,0,369
building,/content/CompositeTiles/Composite tiles20.TIF,92,72.85223368,71,5.534846204,177.1237113,169,35.40989952,0,0,0,291
not building,/content/CompositeTiles/Composite tiles20.TIF,93,143.3971631,144,15.71467494,122.0437352,116,42.85940209,0,0,0,846
not building,/content/CompositeTiles/Composite tiles20.TIF,94,95.14624506,76,32.98763626,220.6106719,255,41.50313818,0,0,0,506
building,/content/CompositeTiles/Composite tiles20.TIF,95,73.416112,74,3.779879476,98.65641496,98,7.258603171,0,0,0,4357
building,/content/CompositeTiles/Composite tiles20.TIF,96,61.04991394,60,4.525230949,133.3717728,125,28.40576706,0,0,0,581
not building,/content/CompositeTiles/Composite tiles20.TIF,97,148.3089431,149,8.266034019,134.1707317,124,34.37519131,0,0,0,123
not building,/content/CompositeTiles/Composite tiles20.TIF,98,167.2244224,168,10.61767927,172.6666667,163,48.96780559,0,0,0,303
building,/content/CompositeTiles/Composite tiles20.TIF,99,63.82089552,63,4.481055889,131.3022388,125,17.95459849,0,0,0,268
not building,/content/CompositeTiles/Composite tiles20.TIF,100,157.3650472,162,17.86528365,154.3340081,142,56.90878457,0,0,0,1482
building,/content/CompositeTiles/Composite tiles20.TIF,101,64.34366925,64,4.93505417,130.8914729,125,28.51118108,0,0,0,387
building,/content/CompositeTiles/Composite tiles20.TIF,102,71.25899281,72,4.215999211,146.6043165,144,13.85153484,0,0,0,139
building,/content/CompositeTiles/Composite tiles20.TIF,103,73.42657679,74,3.278741506,103.2686567,104,4.706610843,0,0,0,2077
building,/content/CompositeTiles/Composite tiles20.TIF,104,64.086629,60,12.75260876,118.2485876,113,25.47799857,0,0,0,531
building,/content/CompositeTiles/Composite tiles20.TIF,105,77.74149034,80,5.407102793,87.60901564,86,6.961243191,0,0,0,1087
building,/content/CompositeTiles/Composite tiles20.TIF,106,69.31292517,66,12.14526739,180.7006803,186,31.54036717,0,0,0,147
not building,/content/CompositeTiles/Composite tiles20.TIF,107,103.9159664,110,28.57411999,73.5210084,63,26.85249116,0,0,0,119
building,/content/CompositeTiles/Composite tiles20.TIF,108,61.96787149,60,4.871745839,127.0803213,118,27.98510745,0,0,0,249
building,/content/CompositeTiles/Composite tiles20.TIF,109,73.73545455,74,3.763100423,93.925,94,4.279157999,0,0,0,2200
building,/content/CompositeTiles/Composite tiles20.TIF,110,64.85123967,64,4.62773021,172.4380165,171,19.95113558,0,0,0,121
not building,/content/CompositeTiles/Composite tiles20.TIF,111,97.79918033,86,31.3123581,167.1721311,157,49.8105744,0,0,0,244
not building,/content/CompositeTiles/Composite tiles20.TIF,112,81.05769231,83,5.928246578,131.7692308,130,12.57533511,0,0,0,156
not building,/content/CompositeTiles/Composite tiles20.TIF,113,113.3021869,122,42.27169374,196.2051027,213,61.21685763,0,0,0,3018
building,/content/CompositeTiles/Composite tiles20.TIF,114,66.70048309,67,6.677502047,130.4830918,132,10.53638527,0,0,0,828
not building,/content/CompositeTiles/Composite tiles20.TIF,115,161.6892523,164,14.42574206,195.796729,199.5,55.10583096,0,0,0,428
building,/content/CompositeTiles/Composite tiles20.TIF,116,69.52822581,70,6.682850711,153.4435484,151,17.95909439,0,0,0,248
not building,/content/CompositeTiles/Composite tiles20.TIF,117,114.2991803,109.5,20.44957411,252.5303279,255,11.55769128,0,0,0,1220
building,/content/CompositeTiles/Composite tiles20.TIF,118,72.96028881,74,4.000254133,86.03971119,84,9.372854879,0,0,0,277
not building,/content/CompositeTiles/Composite tiles20.TIF,119,126.9026995,150,43.28589115,185.7401365,191,63.14687047,0,0,0,3371
not building,/content/CompositeTiles/Composite tiles20.TIF,120,134.4280206,143,29.15928839,198.7011568,245,64.05584825,0,0,0,1556
not building,/content/CompositeTiles/Composite tiles20.TIF,121,76.39830508,78,10.9985668,171.4004237,186.5,33.96768529,0,0,0,472
not building,/content/CompositeTiles/Composite tiles20.TIF,122,149.510101,151,9.420448369,210.5050505,212,42.6871101,0,0,0,198
not building,/content/CompositeTiles/Composite tiles20.TIF,123,106.2810458,111.5,30.86105431,72.04901961,65,22.95849229,0,0,0,306
not building,/content/CompositeTiles/Composite tiles20.TIF,124,149.4797688,150,10.40097238,132.0924855,116,44.81319739,0,0,0,173
not building,/content/CompositeTiles/Composite tiles20.TIF,125,85.77289681,67,30.67386259,244.3617903,255,28.17114498,0,0,0,2413
not building,/content/CompositeTiles/Composite tiles20.TIF,126,150.6078431,149,9.855979436,170.2647059,157.5,45.02024087,0,0,0,102
building,/content/CompositeTiles/Composite tiles20.TIF,127,78.80666667,80,5.404561859,83.64,83,3.688775768,0,0,0,600
not building,/content/CompositeTiles/Composite tiles20.TIF,128,116.1960352,119,11.92594189,255,255,0,0,0,0,454
not building,/content/CompositeTiles/Composite tiles20.TIF,129,63.83902439,63,4.436922579,106.4365854,78,69.19503809,0,0,0,410
building,/content/CompositeTiles/Composite tiles20.TIF,130,70.36363636,68,8.205017614,193.4909091,189,43.83835572,0,0,0,165
not building,/content/CompositeTiles/Composite tiles20.TIF,131,154.5614754,154,11.83979083,201.4344262,201,46.50462478,0,0,0,244
not building,/content/CompositeTiles/Composite tiles20.TIF,132,64.25,63,4.441012015,79.3377193,58,50.48922916,0,0,0,228
building,/content/CompositeTiles/Composite tiles20.TIF,133,78.21789883,79,3.834005974,254.2373541,255,4.310209309,0,0,0,257
not building,/content/CompositeTiles/Composite tiles20.TIF,134,134.538961,134,19.5118345,254.9090909,255,1.951900959,0,0,0,462
not building,/content/CompositeTiles/Composite tiles20.TIF,135,162.0031546,163,11.574065,190.3722397,193,55.83815266,0,0,0,317
building,/content/CompositeTiles/Composite tiles20.TIF,136,66.21939587,66,3.31392096,139.3068362,131,25.10865991,0,0,0,629
building,/content/CompositeTiles/Composite tiles20.TIF,137,67.45231933,67,3.382165945,101.5538523,100,12.46872403,0,0,0,5023
building,/content/CompositeTiles/Composite tiles20.TIF,138,72.26367188,73,1.765226336,147.6992188,147.5,7.23809363,0,0,0,512
building,/content/CompositeTiles/Composite tiles20.TIF,139,65.29450549,65,1.457482598,125.4131868,126,10.38408767,0,0,0,455
building,/content/CompositeTiles/Composite tiles20.TIF,140,102.16,105,9.263998744,124.3709091,121.5,17.19198199,0,0,0,550
building,/content/CompositeTiles/Composite tiles20.TIF,141,87.85861423,83,16.41878351,135.9110487,139,18.3803589,0,0,0,1068
building,/content/CompositeTiles/Composite tiles20.TIF,142,70.1106383,71,2.290705925,90.87234043,89,6.968674654,0,0,0,235
not building,/content/CompositeTiles/Composite tiles20.TIF,143,155.255084,157,12.63914275,254.2793988,255,6.55613791,0,0,0,2262
not building,/content/CompositeTiles/Composite tiles20.TIF,144,111.0317041,125,35.04345743,242.4782034,255,32.60408372,0,0,0,757
building,/content/CompositeTiles/Composite tiles20.TIF,145,70.1547619,65,15.85949772,130.1369048,120.5,27.15189321,0,0,0,168
building,/content/CompositeTiles/Composite tiles20.TIF,146,68.86444444,69,5.350125878,187.64,187,16.80593017,0,0,0,450
not building,/content/CompositeTiles/Composite tiles20.TIF,147,132.6795435,144,32.40860768,200.977173,223,57.53874449,0,0,0,1139
not building,/content/CompositeTiles/Composite tiles20.TIF,148,156.1510934,157,13.27724828,156.0675944,142.5,50.99981877,0,0,0,1006
not building,/content/CompositeTiles/Composite tiles20.TIF,149,76.2275215,67,24.77427086,227.2580141,255,35.8610041,0,0,0,1279
not building,/content/CompositeTiles/Composite tiles20.TIF,150,128.2990504,139,33.41125152,229.2766062,255,46.24577195,0,0,0,8109
not building,/content/CompositeTiles/Composite tiles20.TIF,151,147.6736842,147,12.27701499,165.4842105,155,66.55672107,0,0,0,190
building,/content/CompositeTiles/Composite tiles20.TIF,152,68.27056586,68,4.028019318,109.1825963,109,3.703584712,0,0,0,2103
not building,/content/CompositeTiles/Composite tiles20.TIF,153,152.6603774,154,14.83910785,158.5974843,146,50.95501121,0,0,0,1749
not building,/content/CompositeTiles/Composite tiles20.TIF,154,148.2138211,155,20.95098354,223.3715447,255,45.83456646,0,0,0,1230
building,/content/CompositeTiles/Composite tiles20.TIF,155,73.22243346,71,9.351905042,188.7737643,198.5,62.13364227,0,0,0,526
building,/content/CompositeTiles/Composite tiles20.TIF,156,67.06243032,67,1.688212099,97.86733556,98,1.901478898,0,0,0,897
building,/content/CompositeTiles/Composite tiles20.TIF,157,76.25846154,76,7.623907585,113.7107692,112,14.14896705,0,0,0,325
not building,/content/CompositeTiles/Composite tiles20.TIF,158,147.6865672,149,16.81997949,145.8706468,137,42.18949415,0,0,0,201
building,/content/CompositeTiles/Composite tiles20.TIF,159,72.76844784,70,8.810115738,143.3638677,131,36.54684216,0,0,0,393
building,/content/CompositeTiles/Composite tiles20.TIF,160,77.0817757,73,13.96525544,109.1542056,107,15.37109668,0,0,0,428
not building,/content/CompositeTiles/Composite tiles20.TIF,161,67.75675676,65,8.702506852,162.4864865,154,18.26129904,0,0,0,111
building,/content/CompositeTiles/Composite tiles20.TIF,162,68.74431818,67,5.306243277,176.5170455,174,15.8576675,0,0,0,176
building,/content/CompositeTiles/Composite tiles20.TIF,163,72.7394958,71,7.46809706,164.3361345,160,25.45362476,0,0,0,119
building,/content/CompositeTiles/Composite tiles20.TIF,164,68.93700787,67,5.398670048,130.4566929,120,32.52564244,0,0,0,127
building,/content/CompositeTiles/Composite tiles20.TIF,165,75.15315315,72,11.46101752,150.2162162,148,19.5625149,0,0,0,111
building,/content/CompositeTiles/Composite tiles20.TIF,166,72.43981481,71,7.889050544,132.212963,126,25.00316681,0,0,0,216
building,/content/CompositeTiles/Composite tiles20.TIF,167,67.33082707,68,3.120925746,152.5112782,150,19.55582583,0,0,0,133
building,/content/CompositeTiles/Composite tiles20.TIF,168,61.83913043,61,3.746910511,160.9913043,154,32.13003353,0,0,0,230
building,/content/CompositeTiles/Composite tiles20.TIF,169,71.01639344,71,4.026517852,129.8934426,122,31.2467198,0,0,0,122
building,/content/CompositeTiles/Composite tiles20.TIF,170,68.67889908,68,4.874349138,139.9082569,134,23.84758226,0,0,0,109
building,/content/CompositeTiles/Composite tiles20.TIF,171,69.78504673,69,5.819766571,166.2897196,161,27.10381887,0,0,0,107
building,/content/CompositeTiles/Composite tiles20.TIF,172,72.97014925,71,5.004386581,154.6268657,151.5,25.13149645,0,0,0,134
building,/content/CompositeTiles/Composite tiles20.TIF,173,71.225,70,4.154239802,163.7416667,160,23.07722392,0,0,0,120
building,/content/CompositeTiles/Composite tiles20.TIF,174,71.71641791,71,3.754821657,167.0298507,161.5,27.19249795,0,0,0,134
building,/content/CompositeTiles/Composite tiles20.TIF,175,71.33027523,71,5.191833824,132.0275229,120,36.75444396,0,0,0,109
building,/content/CompositeTiles/Composite tiles20.TIF,176,73.15862069,72,5.362289606,166.9310345,162,28.19896187,0,0,0,145
building,/content/CompositeTiles/Composite tiles20.TIF,177,70.46496815,68,8.332675809,124.6815287,116,29.87426693,0,0,0,157
building,/content/CompositeTiles/Composite tiles20.TIF,178,74.52592593,67,20.23888067,143.2148148,134,26.03882719,0,0,0,135
building,/content/CompositeTiles/Composite tiles20.TIF,179,68.78991597,68,2.300434557,158.1428571,154,29.75397317,0,0,0,119
building,/content/CompositeTiles/Composite tiles20.TIF,180,73.02941176,72,3.606790661,181.0588235,179,19.88980601,0,0,0,102
building,/content/CompositeTiles/Composite tiles20.TIF,181,68.04166667,67,2.890777961,158.3666667,157,26.81726227,0,0,0,120
building,/content/CompositeTiles/Composite tiles20.TIF,182,71.1969697,70,3.762734728,167.3257576,166,17.82129141,0,0,0,132
not building,/content/CompositeTiles/Composite tiles20.TIF,183,101.6666667,107,30.32208962,86.47126437,73.5,35.42170874,0,0,0,174
building,/content/CompositeTiles/Composite tiles20.TIF,184,72.40433213,70,8.822091323,137.2960289,126,37.47893394,0,0,0,277
building,/content/CompositeTiles/Composite tiles20.TIF,185,64.76068376,64,2.954497,150.0940171,142,30.35853642,0,0,0,117
not building,/content/CompositeTiles/Composite tiles20.TIF,186,141.7463768,151,25.0637048,184.7971014,187.5,43.14723015,0,0,0,138
building,/content/CompositeTiles/Composite tiles20.TIF,187,73.81196581,74,2.669650971,154.957265,142,35.69562523,0,0,0,117
building,/content/CompositeTiles/Composite tiles20.TIF,188,69.7254902,66,9.275898416,158.0980392,156,19.06413829,0,0,0,102
building,/content/CompositeTiles/Composite tiles20.TIF,189,71.57352941,70,4.822789577,166.3161765,160,30.22944178,0,0,0,136
not building,/content/CompositeTiles/Composite tiles20.TIF,190,139.5878261,140,18.05447384,231.673913,255,48.56385055,0,0,0,1150
building,/content/CompositeTiles/Composite tiles20.TIF,191,73.3697479,71,10.29470415,166.5378151,165,26.59904273,0,0,0,119
building,/content/CompositeTiles/Composite tiles20.TIF,192,73.44370861,73,5.430641251,151.8741722,151,22.37320554,0,0,0,151
not building,/content/CompositeTiles/Composite tiles20.TIF,193,102.2125,92,34.08580854,125.2,106.5,53.04571142,0,0,0,160
building,/content/CompositeTiles/Composite tiles20.TIF,194,73.33333333,73,5.143033507,171.4380952,167,29.6769668,0,0,0,105
building,/content/CompositeTiles/Composite tiles20.TIF,195,70.20967742,70,1.923010885,144.1048387,133,41.88633208,0,0,0,124
not building,/content/CompositeTiles/Composite tiles20.TIF,196,96.13809524,76.5,32.02142105,215.2285714,221,42.32994148,0,0,0,420
not building,/content/CompositeTiles/Composite tiles20.TIF,197,134.7112028,136,14.07863389,254.9704856,255,0.973507395,0,0,0,3151
building,/content/CompositeTiles/Composite tiles20.TIF,198,67.3375,66,3.106218561,167.7125,164,30.77141277,0,0,0,160
building,/content/CompositeTiles/Composite tiles20.TIF,199,73.47643979,71,5.736648044,176.7591623,170,31.90438279,0,0,0,191
building,/content/CompositeTiles/Composite tiles20.TIF,200,71.68786127,73,2.98081002,117.4450867,109,22.57738501,0,0,0,173
building,/content/CompositeTiles/Composite tiles20.TIF,201,69.56081081,68,8.474306438,158.9932432,152,30.51151679,0,0,0,148
building,/content/CompositeTiles/Composite tiles20.TIF,202,76.3969697,74,13.90149294,165.4818182,154,41.4978784,0,0,0,330
building,/content/CompositeTiles/Composite tiles20.TIF,203,71.11034483,70,3.098647628,174.8965517,168,30.75166923,0,0,0,145
building,/content/CompositeTiles/Composite tiles20.TIF,204,60.28027682,60,4.175350959,132.0311419,123,22.41004469,0,0,0,289
building,/content/CompositeTiles/Composite tiles20.TIF,205,73.95189873,74,6.416372664,143.8835443,130,40.53810968,0,0,0,395
not building,/content/CompositeTiles/Composite tiles20.TIF,206,89.53488372,70.5,30.91161356,98.94573643,87,38.65145586,0,0,0,258
not building,/content/CompositeTiles/Composite tiles20.TIF,207,104.8514851,77,38.7702387,135.5445545,130,44.70254268,0,0,0,404
building,/content/CompositeTiles/Composite tiles20.TIF,208,70.59677419,70,3.359913965,163.7822581,158,26.69044788,0,0,0,124
building,/content/CompositeTiles/Composite tiles20.TIF,209,71.75757576,70,5.628823565,129.6742424,121,30.89020052,0,0,0,132
building,/content/CompositeTiles/Composite tiles20.TIF,210,69.96688742,70,3.586983862,178.602649,176,35.69778955,0,0,0,151
not building,/content/CompositeTiles/Composite tiles20.TIF,211,147.5744681,149,16.16832296,179.962766,172.5,45.04741824,0,0,0,188
building,/content/CompositeTiles/Composite tiles20.TIF,212,84.60550459,71,23.82178417,169.146789,152,46.86665168,0,0,0,218
building,/content/CompositeTiles/Composite tiles20.TIF,213,70.28828829,71,1.914324322,164.0720721,162,25.24571562,0,0,0,111
building,/content/CompositeTiles/Composite tiles20.TIF,214,67.15800636,66,8.917047732,197.0509014,218,60.421685,0,0,0,943
building,/content/CompositeTiles/Composite tiles20.TIF,215,71.94166667,70,6.825559603,179.4583333,174,26.72667077,0,0,0,120
building,/content/CompositeTiles/Composite tiles20.TIF,216,70.79130435,70,3.417335988,172.2,168,30.36651474,0,0,0,115
not building,/content/CompositeTiles/Composite tiles20.TIF,217,128.3652893,131,22.73957017,246.5950413,255,22.29493457,0,0,0,605
not building,/content/CompositeTiles/Composite tiles20.TIF,218,143.3097826,149,19.47090114,128.5869565,117,41.19166552,0,0,0,184
building,/content/CompositeTiles/Composite tiles20.TIF,219,84.7027027,75,21.91778027,134.0540541,115,45.08747011,0,0,0,111
building,/content/CompositeTiles/Composite tiles20.TIF,220,73.04411765,73,7.479581009,157.7892157,151,28.10640987,0,0,0,204
not building,/content/CompositeTiles/Composite tiles20.TIF,221,90.33753594,78,26.86749713,236.0255474,255,44.98838492,0,0,0,9042
building,/content/CompositeTiles/Composite tiles20.TIF,222,70.27604167,70,4.672821346,187.6822917,185,39.29122171,0,0,0,192
not building,/content/CompositeTiles/Composite tiles20.TIF,223,149.9243243,150,6.955822193,198.4162162,197,43.96699938,0,0,0,185
building,/content/CompositeTiles/Composite tiles20.TIF,224,83.82969432,78,14.50137143,207.7292576,204,39.6231822,0,0,0,229
not building,/content/CompositeTiles/Composite tiles20.TIF,225,148.2612245,148,5.358678497,217.322449,220,34.65241556,0,0,0,245
not building,/content/CompositeTiles/Composite tiles20.TIF,226,90.09350649,81,19.5937065,214.8987013,255,50.60509315,0,0,0,385
not building,/content/CompositeTiles/Composite tiles20.TIF,227,75.04600812,69,16.09143511,222.7997294,255,47.76006167,0,0,0,739
not building,/content/CompositeTiles/Composite tiles20.TIF,228,88.560477,75,24.82554473,225.3407155,255,42.11167632,0,0,0,587
building,/content/CompositeTiles/Composite tiles20.TIF,229,65.16995074,64,7.831550658,122.6083744,122,5.122809883,0,0,0,406
not building,/content/CompositeTiles/Composite tiles20.TIF,230,68.12637363,66,7.883106644,230.4835165,255,45.13464495,0,0,0,546
building,/content/CompositeTiles/Composite tiles20.TIF,231,69.69166667,68,3.876845439,189.9416667,185,30.93765123,0,0,0,120
building,/content/CompositeTiles/Composite tiles20.TIF,232,70.38562092,69,3.992025029,185.1111111,181,31.7894535,0,0,0,153
building,/content/CompositeTiles/Composite tiles20.TIF,233,72.59763314,70,8.295803121,196.9526627,192,36.63651792,0,0,0,169
not building,/content/CompositeTiles/Composite tiles20.TIF,234,141.8085938,145,18.72244028,162.203125,145,58.68578397,0,0,0,256
not building,/content/CompositeTiles/Composite tiles20.TIF,235,57.8125,57.5,2.446564343,209.625,207,9.187003955,0,0,0,48
building,/content/CompositeTiles/Composite tiles20.TIF,236,72.95348837,71,4.605120953,164.872093,163.5,19.18199041,0,0,0,86
not building,/content/CompositeTiles/Composite tiles20.TIF,237,85.85897436,84.5,11.90639169,129.4615385,119,27.39487707,0,0,0,78
building,/content/CompositeTiles/Composite tiles20.TIF,238,71.3877551,68,8.127344438,170.8163265,167,24.36472313,0,0,0,98
building,/content/CompositeTiles/Composite tiles20.TIF,239,73.11340206,72,3.790591414,169.5463918,166,22.80894228,0,0,0,97
building,/content/CompositeTiles/Composite tiles20.TIF,240,67.65555556,66,6.218540577,174.8333333,173.5,18.50960712,0,0,0,90
building,/content/CompositeTiles/Composite tiles20.TIF,241,72.30487805,71,3.413349061,160.1219512,161,21.26223622,0,0,0,82
not building,/content/CompositeTiles/Composite tiles20.TIF,242,59.4,59,0.8,219.6,215.5,8.163332653,0,0,0,10
not building,/content/CompositeTiles/Composite tiles20.TIF,243,126.3333333,129,13.72097784,255,255,0,0,0,0,93
building,/content/CompositeTiles/Composite tiles20.TIF,244,74.20634921,73,8.315521403,152.2063492,151,13.86231471,0,0,0,63
building,/content/CompositeTiles/Composite tiles20.TIF,245,67.72043011,67,3.459024635,185.5483871,183,25.49489349,0,0,0,93
building,/content/CompositeTiles/Composite tiles20.TIF,246,62.88636364,63,5.048473708,183.5,175,29.55926251,0,0,0,88
not building,/content/CompositeTiles/Composite tiles20.TIF,247,135.8631579,143,19.54137878,253.9157895,255,7.679998846,0,0,0,95
not building,/content/CompositeTiles/Composite tiles20.TIF,248,124.5789474,127,17.7269221,138.6842105,135,38.16315753,0,0,0,19
not building,/content/CompositeTiles/Composite tiles20.TIF,249,121.7678571,124,18.71686698,115.5357143,107.5,25.4537145,0,0,0,56
not building,/content/CompositeTiles/Composite tiles20.TIF,250,149.2307692,148,10.07398665,130.9871795,122,28.06471166,0,0,0,78
not building,/content/CompositeTiles/Composite tiles20.TIF,251,87.2729064,90,8.237449323,254.8197044,255,2.588341788,0,0,0,1015
not building,/content/CompositeTiles/Composite tiles20.TIF,252,71.33474203,61,23.62557781,254.0668251,255,7.52894444,0,0,0,11358
not building,/content/CompositeTiles/Composite tiles20.TIF,253,146.4938272,146,13.49908406,115.2839506,102,32.94036309,0,0,0,81
building,/content/CompositeTiles/Composite tiles20.TIF,254,63.6910299,63,4.754527753,132.9435216,130,30.93439848,0,0,0,301
building,/content/CompositeTiles/Composite tiles20.TIF,255,72.75754885,75,7.784840373,104.7730906,92,23.85616916,0,0,0,2252
not building,/content/CompositeTiles/Composite tiles20.TIF,256,57.71830986,57,3.185279074,180.3661972,174,23.24289347,0,0,0,71
not building,/content/CompositeTiles/Composite tiles20.TIF,257,74.51470588,69,14.71143278,213.1911765,202,20.60429521,0,0,0,68
not building,/content/CompositeTiles/Composite tiles20.TIF,258,81.65853659,72.5,21.61425654,216.7439024,203,22.97337323,0,0,0,82
building,/content/CompositeTiles/Composite tiles20.TIF,259,68.80916031,67,4.958013798,164.1832061,160,32.9220225,0,0,0,131
not building,/content/CompositeTiles/Composite tiles20.TIF,260,107.1954023,114,26.8592924,164.2528736,160,23.05277224,0,0,0,87
not building,/content/CompositeTiles/Composite tiles20.TIF,261,64.85185185,64,5.475221651,136.4259259,138,53.41611695,0,0,0,54
not building,/content/CompositeTiles/Composite tiles20.TIF,262,71.13899139,70,5.697509649,216.8573186,255,50.40997296,0,0,0,813
not building,/content/CompositeTiles/Composite tiles20.TIF,263,133.3928571,139.5,26.01076602,180.25,175.5,28.58086898,0,0,0,56
not building,/content/CompositeTiles/Composite tiles20.TIF,264,125.24,128,7.643454716,197,192,40.26412796,0,0,0,25
building,/content/CompositeTiles/Composite tiles20.TIF,265,61.10344828,59.5,4.088206989,216.7413793,216,7.673421088,0,0,0,58
building,/content/CompositeTiles/Composite tiles20.TIF,266,71.67777778,71,2.555289841,122.4222222,117.5,24.56373921,0,0,0,90
not building,/content/CompositeTiles/Composite tiles20.TIF,267,60.9047619,60,3.624056684,196.1904762,196,6.644862302,0,0,0,21
not building,/content/CompositeTiles/Composite tiles20.TIF,268,147.9684543,147,9.768565523,144.2460568,128,61.54485445,0,0,0,317
not building,/content/CompositeTiles/Composite tiles20.TIF,269,131.2735849,138,24.79064531,242.9929245,255,24.08627275,0,0,0,424
not building,/content/CompositeTiles/Composite tiles20.TIF,270,129.2388193,143,33.27799688,240.5599284,255,29.46289448,0,0,0,1118
building,/content/CompositeTiles/Composite tiles20.TIF,271,63.28125,62.5,4.503940694,178.2083333,171.5,28.93560259,0,0,0,96
not building,/content/CompositeTiles/Composite tiles20.TIF,272,80.32053942,66,22.87132401,213.5357884,255,58.88380644,0,0,0,1928
building,/content/CompositeTiles/Composite tiles20.TIF,273,68.31325301,68,3.715573577,158.5662651,148,33.40629505,0,0,0,83
not building,/content/CompositeTiles/Composite tiles20.TIF,274,143.1891892,147,10.86486486,182.3783784,170,49.90929684,0,0,0,37
building,/content/CompositeTiles/Composite tiles20.TIF,275,72.60824742,72,5.037092724,129.7525773,115,38.00407762,0,0,0,97
building,/content/CompositeTiles/Composite tiles20.TIF,276,73.90217391,74,3.355915551,159.1847826,155.5,23.26451363,0,0,0,92
building,/content/CompositeTiles/Composite tiles20.TIF,277,66.20547945,66,2.715917723,90.66438356,90,5.861631088,0,0,0,1606
building,/content/CompositeTiles/Composite tiles20.TIF,278,71.80519481,74,5.204990016,143.7532468,136,34.75298954,0,0,0,77
building,/content/CompositeTiles/Composite tiles20.TIF,279,65.80208333,65,3.70421998,126.1145833,113,31.52012247,0,0,0,96
building,/content/CompositeTiles/Composite tiles20.TIF,280,71.8,70,5.268775949,174.62,173.5,14.82955158,0,0,0,50
not building,/content/CompositeTiles/Composite tiles20.TIF,281,125.5159147,141,35.48862454,220.5956628,255,47.88334236,0,0,0,2859
not building,/content/CompositeTiles/Composite tiles20.TIF,282,73.86111111,67.5,14.51273919,125.0277778,123.5,16.86133992,0,0,0,36
building,/content/CompositeTiles/Composite tiles20.TIF,283,63.48484848,63,1.076504222,227.7878788,222,14.33317317,0,0,0,33
not building,/content/CompositeTiles/Composite tiles20.TIF,284,80.75806452,68,21.79352189,186.1451613,163.5,42.8251685,0,0,0,62
not building,/content/CompositeTiles/Composite tiles20.TIF,285,147.6949153,148,8.213783862,182.5084746,176,36.15052002,0,0,0,59
building,/content/CompositeTiles/Composite tiles20.TIF,286,78.06666667,71.5,15.30998222,169.6888889,165.5,26.74515302,0,0,0,90
not building,/content/CompositeTiles/Composite tiles20.TIF,287,69.97297297,69,2.721153238,110.8108108,90.5,48.35920653,0,0,0,74
not building,/content/CompositeTiles/Composite tiles20.TIF,288,100.676504,100,27.59412339,233.1975028,255,44.75142132,0,0,0,881
not building,/content/CompositeTiles/Composite tiles20.TIF,289,123.9166667,131,20.48152962,248.5416667,255,13.44426509,0,0,0,24
not building,/content/CompositeTiles/Composite tiles20.TIF,290,139.5479452,139,8.024006952,170.8356164,161,50.46822239,0,0,0,73
not building,/content/CompositeTiles/Composite tiles20.TIF,291,132.6666667,136,14.51053257,246.3888889,255,14.91508889,0,0,0,18
building,/content/CompositeTiles/Composite tiles20.TIF,292,71.34042553,69.5,8.921111933,188.1276596,185.5,29.79477108,0,0,0,94
not building,/content/CompositeTiles/Composite tiles20.TIF,293,69.09090909,69,0.865627688,140.3333333,132,33.31181123,0,0,0,33
not building,/content/CompositeTiles/Composite tiles20.TIF,294,139.3913043,140,16.440686,119.5797101,115,31.20080164,0,0,0,69
not building,/content/CompositeTiles/Composite tiles20.TIF,295,147.5890411,147,4.989950494,193.6712329,193,30.04610831,0,0,0,73
not building,/content/CompositeTiles/Composite tiles20.TIF,296,97.95180723,142,70.39114532,81.04819277,8,97.76870956,0,0,0,83
building,/content/CompositeTiles/Composite tiles20.TIF,297,88.16470588,75,24.97897801,121.5058824,112,30.30458072,0,0,0,85
not building,/content/CompositeTiles/Composite tiles20.TIF,298,70.85931034,63,20.02758958,248.1186207,255,19.4647621,0,0,0,1450
building,/content/CompositeTiles/Composite tiles20.TIF,299,68.16666667,67,3.184162196,206.6944444,205,17.59074795,0,0,0,36
not building,/content/CompositeTiles/Composite tiles20.TIF,300,146.1702128,148,15.26826656,155.9148936,135,51.98724467,0,0,0,47
building,/content/CompositeTiles/Composite tiles20.TIF,301,67.61904762,64,10.65241395,200.2380952,186,23.51069617,0,0,0,21
building,/content/CompositeTiles/Composite tiles21.TIF,0,66.46430999,66,4.094721136,123.6193066,121,20.47745542,0,0,0,1471
building,/content/CompositeTiles/Composite tiles21.TIF,1,75.79046243,75,4.42219459,127.4089595,127,8.794479388,0,0,0,692
not building,/content/CompositeTiles/Composite tiles21.TIF,2,152.7451488,160,23.69515303,197.0666235,208,59.41182242,0,0,0,1546
building,/content/CompositeTiles/Composite tiles21.TIF,3,64.65986395,64,3.383627242,120.8537415,117,20.48051263,0,0,0,294
building,/content/CompositeTiles/Composite tiles21.TIF,4,93.43543956,95,7.014600713,132.0164835,131,10.43858295,0,0,0,728
building,/content/CompositeTiles/Composite tiles21.TIF,5,78.70142857,76,9.415534168,128.5985714,127,14.29586347,0,0,0,700
building,/content/CompositeTiles/Composite tiles21.TIF,6,67.57077626,66,8.230595824,122.3150685,119,18.44444457,0,0,0,219
building,/content/CompositeTiles/Composite tiles21.TIF,7,64.89473684,65,4.634397639,129.924812,121,34.70880456,0,0,0,266
building,/content/CompositeTiles/Composite tiles21.TIF,8,68.01243094,67,4.645274454,146.2969613,141,27.32688235,0,0,0,724
building,/content/CompositeTiles/Composite tiles21.TIF,9,64.77924851,64,9.567301082,122.1310845,116,25.53346088,0,0,0,2342
building,/content/CompositeTiles/Composite tiles21.TIF,10,65.43291139,65,4.00663126,128.5797468,123,22.26788787,0,0,0,395
building,/content/CompositeTiles/Composite tiles21.TIF,11,68.10684474,65,8.743722951,126.6026711,123,21.02242366,0,0,0,599
building,/content/CompositeTiles/Composite tiles21.TIF,12,56.76949541,55,7.606934048,120.9816514,117,16.09866748,0,0,0,872
building,/content/CompositeTiles/Composite tiles21.TIF,13,64.44467641,63,6.642415098,125.7411273,115,32.12436363,0,0,0,479
building,/content/CompositeTiles/Composite tiles21.TIF,14,71.33333333,71,4.74926895,127.5,123.5,23.7229378,0,0,0,144
not building,/content/CompositeTiles/Composite tiles21.TIF,15,69.49295775,76,8.123818639,160.9201878,156,19.66475401,0,0,0,213
building,/content/CompositeTiles/Composite tiles21.TIF,16,70.5830721,71,3.963607406,120.3510972,119,9.430936406,0,0,0,319
building,/content/CompositeTiles/Composite tiles21.TIF,17,64.65359477,61,13.82350005,124.7385621,122,17.04272648,0,0,0,153
building,/content/CompositeTiles/Composite tiles21.TIF,18,67.14932127,67,3.456302786,131.60181,128,17.50151374,0,0,0,442
building,/content/CompositeTiles/Composite tiles21.TIF,19,66.36857143,66,2.893072655,95.96857143,91,23.44590456,0,0,0,350
building,/content/CompositeTiles/Composite tiles21.TIF,20,65.07526882,64,3.325485037,122.1290323,117,21.86971481,0,0,0,186
building,/content/CompositeTiles/Composite tiles21.TIF,21,64.19922631,63,6.081089642,120.1353965,112,33.34035613,0,0,0,517
building,/content/CompositeTiles/Composite tiles21.TIF,22,66.03626943,64,8.789049391,112.6943005,109,18.37307161,0,0,0,193
building,/content/CompositeTiles/Composite tiles21.TIF,23,79.1,73.5,18.35637945,128.2138889,127,22.18962036,0,0,0,360
building,/content/CompositeTiles/Composite tiles21.TIF,24,62.32570659,61,5.43419944,141.6971736,127,41.63212705,0,0,0,743
building,/content/CompositeTiles/Composite tiles21.TIF,25,67.4095941,65,11.5588555,154.704797,148,31.83886922,0,0,0,271
building,/content/CompositeTiles/Composite tiles21.TIF,26,70.41964286,68,12.08573421,123.0892857,119,20.30989976,0,0,0,112
building,/content/CompositeTiles/Composite tiles21.TIF,27,65.05517241,63,5.827141383,159.662069,157,19.21932242,0,0,0,145
building,/content/CompositeTiles/Composite tiles21.TIF,28,66.45794393,67,2.235149847,120.5046729,116,23.07499915,0,0,0,107
building,/content/CompositeTiles/Composite tiles21.TIF,29,66.00920245,65,4.82483745,122.2239264,118,21.91762698,0,0,0,326
not building,/content/CompositeTiles/Composite tiles21.TIF,30,163.1494768,163,10.09765859,153.2481315,141,55.68860693,0,0,0,669
building,/content/CompositeTiles/Composite tiles21.TIF,31,62.5608365,63,3.226421705,171.8003802,170,21.6747492,0,0,0,526
building,/content/CompositeTiles/Composite tiles21.TIF,32,63.84946237,62,5.281901682,125.1469534,116,25.67895076,0,0,0,279
building,/content/CompositeTiles/Composite tiles21.TIF,33,64.12265512,63,5.26561093,132.9220779,122,33.37602876,0,0,0,693
not building,/content/CompositeTiles/Composite tiles21.TIF,34,136.6570048,146,25.08754212,142.7874396,122,59.41155271,0,0,0,207
building,/content/CompositeTiles/Composite tiles21.TIF,35,69.67449896,68,7.099923056,121.9640636,112,27.55363095,0,0,0,1447
building,/content/CompositeTiles/Composite tiles21.TIF,36,61.20540541,56,12.23159281,139.3351351,131,23.06644007,0,0,0,185
building,/content/CompositeTiles/Composite tiles21.TIF,37,62.92733189,62,4.232931943,175.9414317,167,33.74143801,0,0,0,922
not building,/content/CompositeTiles/Composite tiles21.TIF,38,61.13372093,59.5,6.862403648,171.5,165,31.77198927,0,0,0,172
building,/content/CompositeTiles/Composite tiles21.TIF,39,69.63091483,67,11.36070723,207.2649842,204,37.03539706,0,0,0,317
building,/content/CompositeTiles/Composite tiles21.TIF,40,63.29195804,62,4.82350071,135.8374126,120,38.1953911,0,0,0,572
building,/content/CompositeTiles/Composite tiles21.TIF,41,68.48858447,67,9.004494429,122.3242009,118,23.28501014,0,0,0,219
building,/content/CompositeTiles/Composite tiles21.TIF,42,60.24309392,58,6.827513346,157.2265193,161,30.46614938,0,0,0,181
not building,/content/CompositeTiles/Composite tiles21.TIF,43,66.9654321,66,4.627218467,133.2024691,132,20.6550384,0,0,0,405
not building,/content/CompositeTiles/Composite tiles21.TIF,44,64.92073171,62.5,12.46848943,184.8963415,180,36.4517086,0,0,0,328
building,/content/CompositeTiles/Composite tiles21.TIF,45,79.9483871,68,29.11934144,171.4032258,150,59.10631746,0,0,0,620
building,/content/CompositeTiles/Composite tiles21.TIF,46,85.53066667,87,6.802234404,134.168,132,11.09719676,0,0,0,375
not building,/content/CompositeTiles/Composite tiles21.TIF,47,78.55972696,67,25.1975723,223.036405,255,40.78748212,0,0,0,879
building,/content/CompositeTiles/Composite tiles21.TIF,48,75.91534392,67,22.86087963,192.1481481,187,55.56234174,0,0,0,756
building,/content/CompositeTiles/Composite tiles21.TIF,49,97.61837456,78,33.20419662,183.9611307,164,64.11051006,0,0,0,283
building,/content/CompositeTiles/Composite tiles21.TIF,50,66.46021505,66,5.529882454,169.9462366,163,33.69673913,0,0,0,465
building,/content/CompositeTiles/Composite tiles21.TIF,51,69.21985816,68,6.119486604,169.9964539,167,24.40417622,0,0,0,282
building,/content/CompositeTiles/Composite tiles21.TIF,52,86.57593123,67,32.06177945,181.5625597,198,67.98748166,0,0,0,1047
not building,/content/CompositeTiles/Composite tiles21.TIF,53,119.1518325,121,28.38392334,238.6596859,255,36.42742764,0,0,0,191
building,/content/CompositeTiles/Composite tiles21.TIF,54,64.34048897,63,5.613180927,159.4585569,130,55.37110864,0,0,0,1677
building,/content/CompositeTiles/Composite tiles21.TIF,55,71.47914318,67,15.74434148,167.2096956,151,52.99408612,0,0,0,887
not building,/content/CompositeTiles/Composite tiles21.TIF,56,144.8684211,149.5,22.12822012,214.6578947,246,49.08492979,0,0,0,114
building,/content/CompositeTiles/Composite tiles21.TIF,57,64.28179191,62,7.350833638,89.36416185,90,11.43593813,0,0,0,692
building,/content/CompositeTiles/Composite tiles21.TIF,58,71.52637749,71,2.465389141,147.8276671,147,8.261669218,0,0,0,853
not building,/content/CompositeTiles/Composite tiles21.TIF,59,156.9579832,158,6.563597089,254.9470223,255,1.304179257,0,0,0,2737
building,/content/CompositeTiles/Composite tiles21.TIF,60,69.71713147,69,5.175377013,144.7330677,144,10.97717943,0,0,0,251
building,/content/CompositeTiles/Composite tiles21.TIF,61,58.79496403,58,2.713086425,97.35611511,95,8.678043203,0,0,0,556
building,/content/CompositeTiles/Composite tiles21.TIF,62,62.23873442,62,5.624009884,121.2694151,116,17.08557488,0,0,0,1043
building,/content/CompositeTiles/Composite tiles21.TIF,63,75.55591054,75,5.932062544,114.8386581,113,12.94487603,0,0,0,626
building,/content/CompositeTiles/Composite tiles21.TIF,64,76.5971564,71,12.89482763,141.9317536,145,16.64946909,0,0,0,1055
building,/content/CompositeTiles/Composite tiles21.TIF,65,72.86738351,74,4.314167648,132.5543608,132,8.065056312,0,0,0,837
building,/content/CompositeTiles/Composite tiles21.TIF,66,60.69066148,59,6.407348525,107.3210117,107,8.480010034,0,0,0,514
building,/content/CompositeTiles/Composite tiles21.TIF,67,68,66,10.09367886,151.6832579,150,20.48990791,0,0,0,221
building,/content/CompositeTiles/Composite tiles21.TIF,68,59.40735069,59,4.3716413,162.9831547,162,29.51010974,0,0,0,653
not building,/content/CompositeTiles/Composite tiles21.TIF,69,120.293847,121,6.488758987,255,255,0,0,0,0,1739
building,/content/CompositeTiles/Composite tiles21.TIF,70,59.16716418,59,3.262010554,151.2,148,19.37374743,0,0,0,335
building,/content/CompositeTiles/Composite tiles21.TIF,71,76.31828442,75,5.53097616,111.469526,109,10.48618769,0,0,0,443
not building,/content/CompositeTiles/Composite tiles21.TIF,72,61.18323505,60,4.324032719,255,255,0,0,0,0,2374
building,/content/CompositeTiles/Composite tiles21.TIF,73,59.86588235,58,5.302020768,136.7976471,136,12.6169445,0,0,0,425
building,/content/CompositeTiles/Composite tiles21.TIF,74,59.65561224,59,2.818718252,175.5280612,171,20.39593368,0,0,0,392
not building,/content/CompositeTiles/Composite tiles21.TIF,75,73.90502572,71,13.70670803,255,255,0,0,0,0,5054
building,/content/CompositeTiles/Composite tiles21.TIF,76,75.74766355,70,15.62115356,120.5233645,116,21.91075603,0,0,0,107
building,/content/CompositeTiles/Composite tiles21.TIF,77,75.59231349,75,5.327442539,121.9834213,121,14.04100023,0,0,0,1327
not building,/content/CompositeTiles/Composite tiles21.TIF,78,116.7247278,118,14.8041794,253.4105754,255,11.68905112,0,0,0,643
building,/content/CompositeTiles/Composite tiles21.TIF,79,62.03149606,60,8.428426785,160.4251969,158,15.90944833,0,0,0,127
building,/content/CompositeTiles/Composite tiles21.TIF,80,58.26046512,58,3.132287932,137.8093023,134,15.9045381,0,0,0,215
not building,/content/CompositeTiles/Composite tiles21.TIF,81,104.8307692,104,11.20723562,254.9961538,255,0.061897988,0,0,0,260
not building,/content/CompositeTiles/Composite tiles21.TIF,82,108.4652605,106,12.64030574,255,255,0,0,0,0,806
not building,/content/CompositeTiles/Composite tiles21.TIF,83,159.8092784,159,10.21317708,202.8608247,208.5,48.13411474,0,0,0,194
building,/content/CompositeTiles/Composite tiles21.TIF,84,64.50530035,64,4.614748997,94.38515901,94,9.777564581,0,0,0,283
not building,/content/CompositeTiles/Composite tiles21.TIF,85,158.8671096,158,10.19032901,214.9069767,244,47.67774561,0,0,0,301
not building,/content/CompositeTiles/Composite tiles21.TIF,86,165.8006461,166,9.235719444,168.7997231,158,56.49626456,0,0,0,2167
not building,/content/CompositeTiles/Composite tiles21.TIF,87,75.578125,64,25.02736296,211.265625,189.5,36.17437896,0,0,0,128
not building,/content/CompositeTiles/Composite tiles21.TIF,88,112.0198675,112.5,13.10197912,254.7086093,255,3.857716794,0,0,0,302
building,/content/CompositeTiles/Composite tiles21.TIF,89,62.07714286,62,4.620734989,107.9542857,105.5,14.09308529,0,0,0,350
building,/content/CompositeTiles/Composite tiles21.TIF,90,68.21437126,68,8.260187145,97.77125749,95,13.29703538,0,0,0,835
building,/content/CompositeTiles/Composite tiles21.TIF,91,65.82068966,66,4.743662146,94.70689655,92,12.05348515,0,0,0,580
building,/content/CompositeTiles/Composite tiles21.TIF,92,64.58151476,65,4.438073952,121.0089859,113,29.20031602,0,0,0,779
building,/content/CompositeTiles/Composite tiles21.TIF,93,67.51007644,67,8.282939753,97.3752606,92,14.9365896,0,0,0,1439
building,/content/CompositeTiles/Composite tiles21.TIF,94,67.63949483,67,2.190890591,154.1262916,151,31.80137315,0,0,0,871
building,/content/CompositeTiles/Composite tiles21.TIF,95,64.22355106,64,4.669645672,136.1674333,126,35.43123128,0,0,0,1087
building,/content/CompositeTiles/Composite tiles21.TIF,96,62.928,61,6.346244244,108.304,105,16.08016119,0,0,0,250
building,/content/CompositeTiles/Composite tiles21.TIF,97,65.26041667,64,4.632864466,134.8159722,128,28.93174718,0,0,0,288
building,/content/CompositeTiles/Composite tiles21.TIF,98,68.51136364,67,6.011972244,123.155303,117.5,26.70040238,0,0,0,264
building,/content/CompositeTiles/Composite tiles21.TIF,99,65.55972696,66,4.379678787,124.6723549,110,36.39527714,0,0,0,293
not building,/content/CompositeTiles/Composite tiles21.TIF,100,140.1587302,141,18.47667457,84.06746032,76,27.9236383,0,0,0,252
not building,/content/CompositeTiles/Composite tiles21.TIF,101,150.2566278,155,16.26086051,228.3722163,255,46.15360439,0,0,0,943
building,/content/CompositeTiles/Composite tiles21.TIF,102,67.63170732,67,3.829088857,164.5073171,166,10.72795278,0,0,0,410
building,/content/CompositeTiles/Composite tiles21.TIF,103,67.96062992,66,7.546602275,156.4015748,150,28.58534943,0,0,0,127
not building,/content/CompositeTiles/Composite tiles21.TIF,104,158.811784,160,10.52744486,213.903437,255,51.89415929,0,0,0,611
not building,/content/CompositeTiles/Composite tiles21.TIF,105,59.2383592,58,4.973962445,253.9567627,255,7.348719193,0,0,0,902
building,/content/CompositeTiles/Composite tiles21.TIF,106,65.1727707,65,5.741987084,103.7502654,104,32.04888616,0,0,0,3768
not building,/content/CompositeTiles/Composite tiles21.TIF,107,153.640646,155,14.03730142,194.8317631,193,51.01800767,0,0,0,743
not building,/content/CompositeTiles/Composite tiles21.TIF,108,125.6162791,127,10.30597998,164.494186,157,45.13616313,0,0,0,172
building,/content/CompositeTiles/Composite tiles21.TIF,109,63.96326531,63,5.464605738,186.5020408,178,36.95050462,0,0,0,980
building,/content/CompositeTiles/Composite tiles21.TIF,110,84.09795479,79,16.83952262,144.0333692,139,30.43120257,0,0,0,929
building,/content/CompositeTiles/Composite tiles21.TIF,111,64.18238994,61,9.501752247,132.6226415,118,39.92004786,0,0,0,477
not building,/content/CompositeTiles/Composite tiles21.TIF,112,153.6348315,155,10.82788328,203.7640449,223.5,53.19743224,0,0,0,178
building,/content/CompositeTiles/Composite tiles21.TIF,113,58.97125,58,2.848319406,74.9525,72,13.65220655,0,0,0,800
building,/content/CompositeTiles/Composite tiles21.TIF,114,61.67525773,58,9.129238526,184.6821306,170,53.69393014,0,0,0,582
building,/content/CompositeTiles/Composite tiles21.TIF,115,65.09794989,65,4.004777373,203.1389522,199,34.83970858,0,0,0,439
not building,/content/CompositeTiles/Composite tiles21.TIF,116,159.1125828,161,16.04469876,181.9774834,182,65.80370787,0,0,0,755
not building,/content/CompositeTiles/Composite tiles21.TIF,117,114.8130841,117,17.57341388,254.8457944,255,2.250556748,0,0,0,214
building,/content/CompositeTiles/Composite tiles21.TIF,118,64.657277,62,10.80166506,157.2065728,158,37.85820535,0,0,0,213
building,/content/CompositeTiles/Composite tiles21.TIF,119,62.91084337,62,4.545804687,175.9373494,169,29.55184829,0,0,0,415
building,/content/CompositeTiles/Composite tiles21.TIF,120,62.51937984,61,6.074601815,161.2868217,161,24.60484411,0,0,0,129
building,/content/CompositeTiles/Composite tiles21.TIF,121,63.7195122,63,4.361903786,176.2487805,172,28.16218812,0,0,0,410
building,/content/CompositeTiles/Composite tiles21.TIF,122,72.45081967,68.5,12.06478581,132.1229508,122,34.5477996,0,0,0,122
building,/content/CompositeTiles/Composite tiles21.TIF,123,66.97496318,66,6.630870631,187.8468336,176,43.40028557,0,0,0,679
not building,/content/CompositeTiles/Composite tiles21.TIF,124,83.13506494,69,28.09048351,199.3142857,255,65.40020595,0,0,0,770
not building,/content/CompositeTiles/Composite tiles21.TIF,125,95.49897331,89,30.45775846,246.2340862,255,22.74532306,0,0,0,487
not building,/content/CompositeTiles/Composite tiles21.TIF,126,133.2478632,145,28.67480683,215.9777778,233,45.71271702,0,0,0,585
building,/content/CompositeTiles/Composite tiles21.TIF,127,65.55631399,65,2.55072821,116.4368601,118,10.29265982,0,0,0,293
not building,/content/CompositeTiles/Composite tiles21.TIF,128,114.6015038,122,20.55578869,184.6654135,180.5,48.38105412,0,0,0,266
not building,/content/CompositeTiles/Composite tiles21.TIF,129,147.0214724,153.5,22.53197113,162.9907975,154,33.63987247,0,0,0,326
building,/content/CompositeTiles/Composite tiles21.TIF,130,64.64846416,63,6.853611143,148.7269625,130,33.42804186,0,0,0,293
building,/content/CompositeTiles/Composite tiles21.TIF,131,96.84761905,71.5,35.27815484,176.9047619,177.5,25.676383,0,0,0,210
building,/content/CompositeTiles/Composite tiles21.TIF,132,61.24521309,60,4.815025023,78.35453984,75,14.88843614,0,0,0,1619
building,/content/CompositeTiles/Composite tiles21.TIF,133,60.13344677,58,9.343518934,153.1954302,161,38.93038448,0,0,0,4114
building,/content/CompositeTiles/Composite tiles21.TIF,134,60.79842932,60,4.372534176,112.4397906,111,14.50492922,0,0,0,382
building,/content/CompositeTiles/Composite tiles21.TIF,135,67.44067797,66,6.610908259,127.440678,125,20.04283931,0,0,0,177
building,/content/CompositeTiles/Composite tiles21.TIF,136,66.55555556,66,2.02238741,132.5228758,129,21.30147283,0,0,0,153
building,/content/CompositeTiles/Composite tiles21.TIF,137,71.58974359,69,9.778883447,137.0854701,132,28.5775516,0,0,0,117
building,/content/CompositeTiles/Composite tiles21.TIF,138,69.16666667,67,7.195826188,137.6794872,133,24.32129677,0,0,0,156
building,/content/CompositeTiles/Composite tiles21.TIF,139,58.65163934,58,4.426412286,107.1803279,109,9.968132058,0,0,0,732
building,/content/CompositeTiles/Composite tiles21.TIF,140,64.24,64,1.561537704,129.904,126,17.10692211,0,0,0,125
not building,/content/CompositeTiles/Composite tiles21.TIF,141,85.528,72,28.53028594,245.152,255,21.1883198,0,0,0,125
building,/content/CompositeTiles/Composite tiles21.TIF,142,64.13178295,64,2.444357036,122.2713178,118,18.26962232,0,0,0,129
building,/content/CompositeTiles/Composite tiles21.TIF,143,69.05357143,68,6.119114207,137.9553571,130.5,20.20271746,0,0,0,112
not building,/content/CompositeTiles/Composite tiles21.TIF,144,119.6509284,118,11.16626957,254.9931034,255,0.299345302,0,0,0,1885
building,/content/CompositeTiles/Composite tiles21.TIF,145,68.04878049,67,3.459060586,168.4390244,167,24.81775733,0,0,0,123
building,/content/CompositeTiles/Composite tiles21.TIF,146,73.76793249,68,18.64301956,159.0042194,160,25.74501679,0,0,0,237
not building,/content/CompositeTiles/Composite tiles21.TIF,147,111.4532374,112,13.02693558,255,255,0,0,0,0,139
not building,/content/CompositeTiles/Composite tiles21.TIF,148,151.6770186,156,19.79604154,230.6583851,242,27.68592835,0,0,0,161
building,/content/CompositeTiles/Composite tiles21.TIF,149,69.71287129,68,11.30174492,188.2475248,183,30.68924601,0,0,0,101
not building,/content/CompositeTiles/Composite tiles21.TIF,150,129.9911504,128,19.7410204,146.9646018,135,46.87734498,0,0,0,113
building,/content/CompositeTiles/Composite tiles21.TIF,151,68.55752212,69,2.349686679,168.4690265,165,24.37540861,0,0,0,113
not building,/content/CompositeTiles/Composite tiles21.TIF,152,98.68009206,91,36.87473065,166.698504,140,65.92399823,0,0,0,869
not building,/content/CompositeTiles/Composite tiles21.TIF,153,92.453125,93,25.75226306,219.2,255,48.90495246,0,0,0,640
building,/content/CompositeTiles/Composite tiles21.TIF,154,66.03546099,65,6.088097927,139.4539007,129,32.36365658,0,0,0,423
not building,/content/CompositeTiles/Composite tiles21.TIF,155,96.40414508,86.5,29.67173396,197.8108808,243,60.85345504,0,0,0,386
building,/content/CompositeTiles/Composite tiles21.TIF,156,65.23931624,65,3.440953884,115.8632479,113,17.01075878,0,0,0,234
building,/content/CompositeTiles/Composite tiles21.TIF,157,98,106,16.57503265,117.1219512,114,19.15456403,0,0,0,205
building,/content/CompositeTiles/Composite tiles21.TIF,158,60.88990302,60,5.024512151,118.0570451,112,26.06086053,0,0,0,1753
building,/content/CompositeTiles/Composite tiles21.TIF,159,63.13559322,63,2.913775739,140.2711864,136,18.75699238,0,0,0,118
building,/content/CompositeTiles/Composite tiles21.TIF,160,63.11518325,64,4.034839097,89.23036649,82,22.80464083,0,0,0,191
building,/content/CompositeTiles/Composite tiles21.TIF,161,66.33802817,66,4.868535546,143.1514085,130,39.53169924,0,0,0,284
building,/content/CompositeTiles/Composite tiles21.TIF,162,68.85714286,68,3.705924655,135.3428571,131,25.6075244,0,0,0,175
building,/content/CompositeTiles/Composite tiles21.TIF,163,67.20231214,66,6.575448764,127.3468208,118,33.58185503,0,0,0,173
building,/content/CompositeTiles/Composite tiles21.TIF,164,72.75652174,68,17.56210907,121,115,26.46079955,0,0,0,115
building,/content/CompositeTiles/Composite tiles21.TIF,165,71.94017094,68,14.8043021,120.9401709,113,31.62447678,0,0,0,117
building,/content/CompositeTiles/Composite tiles21.TIF,166,67.21019108,66,4.012769184,144.611465,139,25.00029291,0,0,0,157
building,/content/CompositeTiles/Composite tiles21.TIF,167,66.54807692,66.5,2.200873112,141.1730769,139,26.82831538,0,0,0,104
building,/content/CompositeTiles/Composite tiles21.TIF,168,64.19897959,63,3.967495352,133.0459184,121,32.32066587,0,0,0,196
building,/content/CompositeTiles/Composite tiles21.TIF,169,79.11206897,80.5,7.030440649,118.0172414,104.5,32.94849239,0,0,0,116
building,/content/CompositeTiles/Composite tiles21.TIF,170,72,70,8.307827634,171.98,171.5,19.89370755,0,0,0,100
building,/content/CompositeTiles/Composite tiles21.TIF,171,65.75384615,66,2.844864573,139.4076923,133.5,29.28131359,0,0,0,130
not building,/content/CompositeTiles/Composite tiles21.TIF,172,62.05223881,61,4.26483451,181.89801,176,35.60978464,0,0,0,402
not building,/content/CompositeTiles/Composite tiles21.TIF,173,144.1746032,145,13.08321719,77.12169312,58,45.98620687,0,0,0,189
building,/content/CompositeTiles/Composite tiles21.TIF,174,66.9127907,65,8.455661328,157.6860465,157,18.08652436,0,0,0,172
building,/content/CompositeTiles/Composite tiles21.TIF,175,66.53465347,66,5.432874549,152.0841584,141,40.69389288,0,0,0,404
building,/content/CompositeTiles/Composite tiles21.TIF,176,67.85813149,66,8.490822114,156.1903114,155,22.57003961,0,0,0,289
building,/content/CompositeTiles/Composite tiles21.TIF,177,73.75897436,76,6.518483304,124.2153846,120,19.59368735,0,0,0,195
building,/content/CompositeTiles/Composite tiles21.TIF,178,66.09401709,65,5.371629981,148.7435897,146,20.49479978,0,0,0,117
building,/content/CompositeTiles/Composite tiles21.TIF,179,69.15954875,73,8.395847624,140.6494762,135,19.50744237,0,0,0,1241
building,/content/CompositeTiles/Composite tiles21.TIF,180,66.54938272,66,4.51342643,166.617284,162.5,29.87693602,0,0,0,162
not building,/content/CompositeTiles/Composite tiles21.TIF,181,130.7130045,132,14.13034014,249.1659193,255,19.52885194,0,0,0,223
building,/content/CompositeTiles/Composite tiles21.TIF,182,64.61181435,63,6.751242086,139.4894515,130,27.82822715,0,0,0,237
not building,/content/CompositeTiles/Composite tiles21.TIF,183,148.1006711,150,9.691721345,230.9798658,255,36.74005729,0,0,0,149
not building,/content/CompositeTiles/Composite tiles21.TIF,184,130.5984252,140,25.61718783,237.1181102,255,32.34475074,0,0,0,127
building,/content/CompositeTiles/Composite tiles21.TIF,185,67.32081911,67,3.322712718,115.2372014,108,23.70682816,0,0,0,586
building,/content/CompositeTiles/Composite tiles21.TIF,186,68.64705882,68,3.27990632,140.4215686,133,30.45582989,0,0,0,102
not building,/content/CompositeTiles/Composite tiles21.TIF,187,122.9891304,124.5,19.16631702,249.6902174,255,20.38372944,0,0,0,184
not building,/content/CompositeTiles/Composite tiles21.TIF,188,61.70517928,61,4.579611523,162.7649402,158,27.63673947,0,0,0,251
not building,/content/CompositeTiles/Composite tiles21.TIF,189,157.3181605,158,14.38404697,171.3610199,161,58.08850829,0,0,0,6393
not building,/content/CompositeTiles/Composite tiles21.TIF,190,97.40358127,73,36.64182888,199.3030303,233,62.48278367,0,0,0,726
building,/content/CompositeTiles/Composite tiles21.TIF,191,66.02683616,65,6.260865145,131.430791,119,39.0391953,0,0,0,708
building,/content/CompositeTiles/Composite tiles21.TIF,192,72.7107438,68,16.79479357,126.1652893,115,36.76086383,0,0,0,242
building,/content/CompositeTiles/Composite tiles21.TIF,193,68.33333333,66.5,10.72035102,162.3611111,158.5,20.08890348,0,0,0,108
building,/content/CompositeTiles/Composite tiles21.TIF,194,72.26037429,69,11.29242494,147.73393,141,29.16848722,0,0,0,1229
building,/content/CompositeTiles/Composite tiles21.TIF,195,66.43373494,67,2.59065096,137.1927711,130,30.12389057,0,0,0,249
not building,/content/CompositeTiles/Composite tiles21.TIF,196,119.7977839,126,24.02619982,249.465374,255,19.03021487,0,0,0,361
not building,/content/CompositeTiles/Composite tiles21.TIF,197,96.74852379,79,34.84927069,198.085099,208,56.55435729,0,0,0,2879
not building,/content/CompositeTiles/Composite tiles21.TIF,198,139.5021645,150,27.85201687,209.7077922,224,48.53118674,0,0,0,462
not building,/content/CompositeTiles/Composite tiles21.TIF,199,99.93390288,100,33.98309649,230.1558004,255,36.596542,0,0,0,4448
not building,/content/CompositeTiles/Composite tiles21.TIF,200,159.2532189,162,16.93821898,169.7111588,159,64.78272239,0,0,0,2330
not building,/content/CompositeTiles/Composite tiles21.TIF,201,64.60330579,61,14.32992554,231.2809917,255,45.14278964,0,0,0,121
not building,/content/CompositeTiles/Composite tiles21.TIF,202,149.0789474,148,16.54931214,83.73245614,64,45.25719289,0,0,0,228
building,/content/CompositeTiles/Composite tiles21.TIF,203,64.65,64,3.135947491,138.33,127,35.26283832,0,0,0,300
not building,/content/CompositeTiles/Composite tiles21.TIF,204,137.0463918,137,18.53591978,230.3402062,255,42.65937651,0,0,0,194
building,/content/CompositeTiles/Composite tiles21.TIF,205,66.90322581,63,8.985130508,132.8,130,18.9080628,0,0,0,155
not building,/content/CompositeTiles/Composite tiles21.TIF,206,159.0982226,160,13.0402947,183.3648269,188,66.88519489,0,0,0,1069
building,/content/CompositeTiles/Composite tiles21.TIF,207,64.90945674,64,3.480594538,124.527163,118,27.58976144,0,0,0,497
not building,/content/CompositeTiles/Composite tiles21.TIF,208,64.92537313,62,6.787419075,193.7164179,191,19.76564634,0,0,0,67
building,/content/CompositeTiles/Composite tiles21.TIF,209,67.04705882,67,4.124263592,179.7647059,193,24.74607375,0,0,0,85
not building,/content/CompositeTiles/Composite tiles21.TIF,210,94,91,18.01586602,152.2380952,152,30.9098609,0,0,0,21
not building,/content/CompositeTiles/Composite tiles21.TIF,211,134.5,136,10.18741053,103.6,96.5,25.75862315,0,0,0,30
not building,/content/CompositeTiles/Composite tiles21.TIF,212,78.48611111,69,21.45343346,155.3472222,144,42.6185144,0,0,0,72
not building,/content/CompositeTiles/Composite tiles21.TIF,213,155.0338983,157,18.69284836,147.4237288,141,20.93266314,0,0,0,59
not building,/content/CompositeTiles/Composite tiles21.TIF,214,148.4320988,154,22.25605107,199.037037,201,49.95811689,0,0,0,81
not building,/content/CompositeTiles/Composite tiles21.TIF,215,118.0315233,135,34.92729536,254.9499695,255,1.686119494,0,0,0,14751
not building,/content/CompositeTiles/Composite tiles21.TIF,216,143.5397373,146,11.64047452,254.9262021,255,1.805739095,0,0,0,8984
not building,/content/CompositeTiles/Composite tiles21.TIF,217,109.8645833,106,21.94909821,119.375,112,33.07732418,0,0,0,96
not building,/content/CompositeTiles/Composite tiles21.TIF,218,156.6758811,156,19.51571564,252.4526607,255,15.10379905,0,0,0,1447
not building,/content/CompositeTiles/Composite tiles21.TIF,219,61.38962181,60,6.014962108,254.9577836,255,1.42288545,0,0,0,1137
not building,/content/CompositeTiles/Composite tiles21.TIF,220,118.3857656,133,40.49239902,181.6996112,178,64.89419932,0,0,0,6688
not building,/content/CompositeTiles/Composite tiles21.TIF,221,114.3380282,116,21.57916553,240.5492958,255,30.98377073,0,0,0,71
not building,/content/CompositeTiles/Composite tiles21.TIF,222,77.23529412,78,4.646686508,193,188,16.69448659,0,0,0,34
not building,/content/CompositeTiles/Composite tiles21.TIF,223,141.4193548,141,3.52661945,188.0967742,179,55.38624194,0,0,0,31
not building,/content/CompositeTiles/Composite tiles21.TIF,224,69.44117647,65,12.57960809,157.6470588,156,30.40451046,0,0,0,68
not building,/content/CompositeTiles/Composite tiles21.TIF,225,166.9230769,165.5,9.429589586,175.2692308,165.5,40.62261372,0,0,0,26
not building,/content/CompositeTiles/Composite tiles21.TIF,226,70.95652174,71,4.085800021,219.3478261,255,50.26461172,0,0,0,46
building,/content/CompositeTiles/Composite tiles21.TIF,227,64.79661017,63,8.52668724,187.3050847,183,23.65518844,0,0,0,59
not building,/content/CompositeTiles/Composite tiles21.TIF,228,62.07462687,60,3.662286346,227.7910448,255,46.80143425,0,0,0,67
not building,/content/CompositeTiles/Composite tiles21.TIF,229,96.84782609,99,10.84268415,199.7826087,209,18.47785166,0,0,0,46
not building,/content/CompositeTiles/Composite tiles21.TIF,230,140.755102,140.5,15.16040844,158.5306122,156,24.68669148,0,0,0,98
building,/content/CompositeTiles/Composite tiles21.TIF,231,65.29213483,65,1.749492685,173.1797753,171,17.60589904,0,0,0,89
building,/content/CompositeTiles/Composite tiles21.TIF,232,67.85555556,66,5.90585606,156.3111111,153.5,20.61695335,0,0,0,90
building,/content/CompositeTiles/Composite tiles21.TIF,233,56.60416667,56,4.470922646,158.7708333,156,23.34634124,0,0,0,96
not building,/content/CompositeTiles/Composite tiles21.TIF,234,149.3207547,157,25.37698674,189.1132075,187,24.33156222,0,0,0,53
building,/content/CompositeTiles/Composite tiles21.TIF,235,68.42857143,66,6.689162725,188.75,184,11.43498704,0,0,0,28
not building,/content/CompositeTiles/Composite tiles21.TIF,236,149.8125,149,12.77147905,111.7083333,97,40.82684897,0,0,0,96
not building,/content/CompositeTiles/Composite tiles21.TIF,237,160.1923077,162,8.190140558,194.6153846,195,25.92010939,0,0,0,26
not building,/content/CompositeTiles/Composite tiles21.TIF,238,121.8095238,115.5,14.66245301,149.6547619,144,18.18260161,0,0,0,84
building,/content/CompositeTiles/Composite tiles21.TIF,239,65.1744186,61,15.25381528,152.8023256,146.5,26.83620418,0,0,0,86
building,/content/CompositeTiles/Composite tiles21.TIF,240,67.73076923,67,5.797154645,171.0897436,167.5,25.19828337,0,0,0,78
not building,/content/CompositeTiles/Composite tiles21.TIF,241,54.35156971,52,6.100905117,254.9794552,255,0.788181913,0,0,0,4332
building,/content/CompositeTiles/Composite tiles21.TIF,242,70.48387097,69,9.073905519,141.2150538,133,28.71994903,0,0,0,93
not building,/content/CompositeTiles/Composite tiles21.TIF,243,120,132,39.38915303,177.5913978,169,47.84253665,0,0,0,93
building,/content/CompositeTiles/Composite tiles21.TIF,244,61.16216216,59,8.447016148,183.6351351,183.5,20.22480035,0,0,0,74
not building,/content/CompositeTiles/Composite tiles21.TIF,245,120.7142857,122,10.68281091,134.9591837,126,33.38700663,0,0,0,49
building,/content/CompositeTiles/Composite tiles21.TIF,246,66.01148545,64,13.63308087,168.8675345,147,60.49224498,0,0,0,5224
not building,/content/CompositeTiles/Composite tiles21.TIF,247,167.9347826,166,8.087570103,186.2608696,179.5,46.79392137,0,0,0,46
not building,/content/CompositeTiles/Composite tiles21.TIF,248,69.61290323,70.5,12.17129733,183.3548387,181,33.30460434,0,0,0,62
not building,/content/CompositeTiles/Composite tiles21.TIF,249,149.195122,149,6.255610213,193.0243902,215,60.01970725,0,0,0,41
not building,/content/CompositeTiles/Composite tiles21.TIF,250,70.17841358,61,19.65747726,254.7778553,255,3.438586639,0,0,0,4299
not building,/content/CompositeTiles/Composite tiles21.TIF,251,145.4731183,147,13.3662964,128.9677419,121,40.68220705,0,0,0,93
not building,/content/CompositeTiles/Composite tiles21.TIF,252,63.80327869,64,1.753868531,175.6557377,179,15.19046859,0,0,0,61
not building,/content/CompositeTiles/Composite tiles21.TIF,253,64.30263158,61.5,11.59176175,237.2763158,255,29.85914243,0,0,0,76
not building,/content/CompositeTiles/Composite tiles21.TIF,254,153.7368421,155.5,13.21220371,163.9210526,163,29.05292954,0,0,0,38
not building,/content/CompositeTiles/Composite tiles21.TIF,255,154.0674157,157,18.27615734,145.4157303,137,43.18104271,0,0,0,89
not building,/content/CompositeTiles/Composite tiles21.TIF,256,63.77275013,63,4.704986126,254.4316239,255,7.041318509,0,0,0,3978
not building,/content/CompositeTiles/Composite tiles21.TIF,257,60.30487805,60,2.099297353,220.5,217,16.66839422,0,0,0,82
not building,/content/CompositeTiles/Composite tiles21.TIF,258,154.5459966,155,16.52575338,182.2457411,178,56.71070827,0,0,0,2348
building,/content/CompositeTiles/Composite tiles22.TIF,0,66.65246637,66,14.22277371,116.6491031,118,31.71162045,0,0,0,892
building,/content/CompositeTiles/Composite tiles22.TIF,1,63.52262443,62,5.088420391,126.8891403,122.5,21.36822015,0,0,0,442
building,/content/CompositeTiles/Composite tiles22.TIF,2,63.36491228,61,8.383787429,122.5192982,118,20.13891614,0,0,0,285
not building,/content/CompositeTiles/Composite tiles22.TIF,3,136.537037,150,31.76867369,168.337963,152,53.62409149,0,0,0,432
building,/content/CompositeTiles/Composite tiles22.TIF,4,66.76034858,66,5.214283706,145.5098039,141,22.68908474,0,0,0,459
building,/content/CompositeTiles/Composite tiles22.TIF,5,69.45443038,69,5.405325491,141.9772152,138,20.77747045,0,0,0,790
not building,/content/CompositeTiles/Composite tiles22.TIF,6,155.9650424,158,18.86554361,135.8930085,127,48.50437026,0,0,0,944
building,/content/CompositeTiles/Composite tiles22.TIF,7,61.69876543,62,4.839969743,186.5703704,180,32.411827,0,0,0,405
building,/content/CompositeTiles/Composite tiles22.TIF,8,67.65932203,67,5.554433827,103.7847458,100,23.13862655,0,0,0,590
building,/content/CompositeTiles/Composite tiles22.TIF,9,69.00662252,68,4.573891772,166.7218543,162,28.34979214,0,0,0,151
building,/content/CompositeTiles/Composite tiles22.TIF,10,69.07092199,67,4.463636196,164.9078014,163,21.42838997,0,0,0,141
not building,/content/CompositeTiles/Composite tiles22.TIF,11,151.8219485,157,27.28512078,118.0907055,101,47.12131603,0,0,0,893
not building,/content/CompositeTiles/Composite tiles22.TIF,12,149.0076864,153,26.87569134,118.0860876,100,49.78143126,0,0,0,1301
not building,/content/CompositeTiles/Composite tiles22.TIF,13,106.5163934,105,26.26542751,98.18852459,89.5,37.10802396,0,0,0,122
building,/content/CompositeTiles/Composite tiles22.TIF,14,64.03209877,63,7.002747735,195.9111111,189,35.65073372,0,0,0,405
building,/content/CompositeTiles/Composite tiles22.TIF,15,61.82582583,61,4.925236202,195.1141141,190,37.97785287,0,0,0,333
not building,/content/CompositeTiles/Composite tiles22.TIF,16,131.7112299,132,11.36003088,98.77540107,84,34.14960534,0,0,0,187
building,/content/CompositeTiles/Composite tiles22.TIF,17,69.25,68.5,4.082186202,150.0406977,144,21.63528491,0,0,0,172
building,/content/CompositeTiles/Composite tiles22.TIF,18,63.16858238,61,8.135486425,123.3180077,119,21.2809707,0,0,0,522
not building,/content/CompositeTiles/Composite tiles22.TIF,19,151.891709,153,13.83398482,114.4043993,105,38.36017633,0,0,0,591
not building,/content/CompositeTiles/Composite tiles22.TIF,20,153.9283154,160,17.11615036,213.0860215,255,58.38004076,0,0,0,279
not building,/content/CompositeTiles/Composite tiles22.TIF,21,135.8662791,139,20.9195475,255,255,0,0,0,0,172
building,/content/CompositeTiles/Composite tiles22.TIF,22,62.77021277,61,8.55311104,101.0085106,88,30.01318738,0,0,0,235
not building,/content/CompositeTiles/Composite tiles22.TIF,23,90.61744966,87,25.35508826,154.1946309,148,56.81415339,0,0,0,149
building,/content/CompositeTiles/Composite tiles22.TIF,24,64.404,63,5.414866942,95.496,94,21.01508944,0,0,0,250
building,/content/CompositeTiles/Composite tiles22.TIF,25,67.20454545,66,6.622892617,149.0272727,143.5,23.88836122,0,0,0,220
not building,/content/CompositeTiles/Composite tiles22.TIF,26,141.7382445,152,27.71369768,186.2100313,180,53.28379475,0,0,0,638
not building,/content/CompositeTiles/Composite tiles22.TIF,27,145.2994505,150,21.13836936,110.728022,90,51.45407838,0,0,0,364
building,/content/CompositeTiles/Composite tiles22.TIF,28,67.68224299,67,4.313851047,169.7943925,166,26.06273464,0,0,0,107
not building,/content/CompositeTiles/Composite tiles22.TIF,29,132.0441176,138,17.66249529,201.8088235,249.5,65.34375708,0,0,0,408
not building,/content/CompositeTiles/Composite tiles22.TIF,30,82.72911695,67,32.42835889,208.1873508,207,44.77540859,0,0,0,838
not building,/content/CompositeTiles/Composite tiles22.TIF,31,121.9074074,136.5,32.34608484,242.6388889,255,21.64206224,0,0,0,216
not building,/content/CompositeTiles/Composite tiles22.TIF,32,91.68939394,94,24.06120119,194.3939394,191,42.24670645,0,0,0,132
not building,/content/CompositeTiles/Composite tiles22.TIF,33,148.3003413,151,16.31040309,194.8242321,204,53.97074318,0,0,0,586
not building,/content/CompositeTiles/Composite tiles22.TIF,34,134.6804124,139,16.04431988,201.4639175,237,63.7097254,0,0,0,291
building,/content/CompositeTiles/Composite tiles22.TIF,35,69.62416107,68,7.463986475,161.9328859,158,29.1590557,0,0,0,149
building,/content/CompositeTiles/Composite tiles22.TIF,36,64.66356877,63,7.38380952,104.3271375,101,23.80123797,0,0,0,538
building,/content/CompositeTiles/Composite tiles22.TIF,37,65.28865979,65,3.143614363,92.19931271,84,25.81579206,0,0,0,291
not building,/content/CompositeTiles/Composite tiles22.TIF,38,152.3836378,156,19.83677843,149.4392375,140,54.72395962,0,0,0,1259
building,/content/CompositeTiles/Composite tiles22.TIF,39,59.9981685,60,2.55954658,135.0842491,134,16.26599661,0,0,0,546
building,/content/CompositeTiles/Composite tiles22.TIF,40,66.31690141,66,3.023079575,127.665493,125,18.37512306,0,0,0,284
building,/content/CompositeTiles/Composite tiles22.TIF,41,67.3961039,66.5,3.464886631,128.7922078,126,20.3778194,0,0,0,154
building,/content/CompositeTiles/Composite tiles22.TIF,42,66.98239437,67,3.834109319,123.0985915,117.5,22.26119274,0,0,0,284
building,/content/CompositeTiles/Composite tiles22.TIF,43,69.97663551,68,10.30308981,118.8995327,116,19.97888371,0,0,0,428
not building,/content/CompositeTiles/Composite tiles22.TIF,44,150.9777778,153,18.80577794,185.6533333,186,38.94948067,0,0,0,225
not building,/content/CompositeTiles/Composite tiles22.TIF,45,129.7920792,128,30.51547792,122.2574257,116,26.97253956,0,0,0,101
building,/content/CompositeTiles/Composite tiles22.TIF,46,64.57142857,63,5.360094425,175.3357143,174,22.27670491,0,0,0,140
building,/content/CompositeTiles/Composite tiles22.TIF,47,68.65163934,68,3.783803568,118.4098361,115.5,21.83610865,0,0,0,244
not building,/content/CompositeTiles/Composite tiles22.TIF,48,107.297456,121,27.07700069,254.5264188,255,5.756200324,0,0,0,511
not building,/content/CompositeTiles/Composite tiles22.TIF,49,71.83870968,69,12.08330433,109.7580645,98,27.19860379,0,0,0,124
building,/content/CompositeTiles/Composite tiles22.TIF,50,67.39837398,68,2.881789861,174.5121951,172,30.19782091,0,0,0,123
not building,/content/CompositeTiles/Composite tiles22.TIF,51,163.9303797,163,15.20692037,107.7843882,81,65.9860835,0,0,0,2370
building,/content/CompositeTiles/Composite tiles22.TIF,52,71.20670391,69,7.137653698,170.0223464,167,22.4991509,0,0,0,179
building,/content/CompositeTiles/Composite tiles22.TIF,53,68.8159204,68,6.673698675,185.5024876,182,22.81727642,0,0,0,201
building,/content/CompositeTiles/Composite tiles22.TIF,54,69.39622642,69,6.695083024,182.3396226,187.5,26.41143506,0,0,0,106
building,/content/CompositeTiles/Composite tiles22.TIF,55,71.664,69,7.884104515,180.64,176,27.36929667,0,0,0,125
not building,/content/CompositeTiles/Composite tiles22.TIF,56,154.1141869,160,18.46630072,218.1314879,255,55.73354812,0,0,0,578
not building,/content/CompositeTiles/Composite tiles22.TIF,57,156.4020101,161,14.81813353,197.3065327,213,61.88375801,0,0,0,199
building,/content/CompositeTiles/Composite tiles22.TIF,58,71.09345794,69,8.165957041,181.9813084,180,27.04996461,0,0,0,107
building,/content/CompositeTiles/Composite tiles22.TIF,59,64.46774194,64,2.269842555,189.6854839,187.5,22.27625922,0,0,0,124
not building,/content/CompositeTiles/Composite tiles22.TIF,60,158.2,158,14.45288114,112.0701031,97,60.24105557,0,0,0,485
building,/content/CompositeTiles/Composite tiles22.TIF,61,65.91129032,65,6.812005646,191.1532258,190.5,24.31912972,0,0,0,124
building,/content/CompositeTiles/Composite tiles22.TIF,62,73.80165289,64,20.53725493,173.1239669,167,30.57968057,0,0,0,121
not building,/content/CompositeTiles/Composite tiles22.TIF,63,145.5820896,148,18.99658198,134.1268657,112,56.25467432,0,0,0,134
building,/content/CompositeTiles/Composite tiles22.TIF,64,74.7804878,72,10.93330601,190.195122,181,33.79635535,0,0,0,164
building,/content/CompositeTiles/Composite tiles22.TIF,65,69.87418087,68,9.831471211,121.3027523,116,24.76413147,0,0,0,763
building,/content/CompositeTiles/Composite tiles22.TIF,66,66.88095238,66,6.233558874,128.8380952,119,33.58035815,0,0,0,210
building,/content/CompositeTiles/Composite tiles22.TIF,67,65.03896104,66,6.492636305,169.2337662,164,29.69669014,0,0,0,154
not building,/content/CompositeTiles/Composite tiles22.TIF,68,125.7156863,136,26.43800645,139.5490196,124.5,53.42240616,0,0,0,102
building,/content/CompositeTiles/Composite tiles22.TIF,69,56.31730769,55,3.346250551,171.8557692,164.5,32.11889519,0,0,0,104
not building,/content/CompositeTiles/Composite tiles22.TIF,70,85.29357798,69,28.01975147,253.8899083,255,8.77270522,0,0,0,218
building,/content/CompositeTiles/Composite tiles22.TIF,71,69.00606061,69,3.841554246,201.3272727,193,28.29116226,0,0,0,165
not building,/content/CompositeTiles/Composite tiles22.TIF,72,123.6829268,130,30.90855042,162.5060976,146,54.00694365,0,0,0,164
building,/content/CompositeTiles/Composite tiles22.TIF,73,70.30833333,69.5,5.328845768,196.075,193,28.05208326,0,0,0,120
building,/content/CompositeTiles/Composite tiles22.TIF,74,60.81944444,61,4.703209273,147.2708333,131.5,37.61523383,0,0,0,144
building,/content/CompositeTiles/Composite tiles22.TIF,75,64.38129496,65,4.113315251,79.6618705,77,14.12078113,0,0,0,278
building,/content/CompositeTiles/Composite tiles22.TIF,76,61.57216495,60,3.978997498,104.2448454,97,26.75614101,0,0,0,388
building,/content/CompositeTiles/Composite tiles22.TIF,77,65.35344828,65,3.39435208,115.5818966,111,22.28367695,0,0,0,232
building,/content/CompositeTiles/Composite tiles22.TIF,78,65.52857143,66,4.362900178,128.4607143,123.5,25.89095042,0,0,0,280
building,/content/CompositeTiles/Composite tiles22.TIF,79,64.25520833,64,3.318583087,166.5416667,163.5,25.96067405,0,0,0,192
not building,/content/CompositeTiles/Composite tiles22.TIF,80,159.0491525,157,12.17287723,160.8305085,152.5,64.67322096,0,0,0,590
building,/content/CompositeTiles/Composite tiles22.TIF,81,67.99074074,67,4.334391688,132.6481481,125.5,24.68066975,0,0,0,108
not building,/content/CompositeTiles/Composite tiles22.TIF,82,145.7048077,150,18.62071778,249.0932692,255,15.26452501,0,0,0,1040
not building,/content/CompositeTiles/Composite tiles22.TIF,83,138.31,135,16.76585518,152.47,141,35.0335425,0,0,0,100
building,/content/CompositeTiles/Composite tiles22.TIF,84,67.85227273,67,2.810450355,147.8125,143,20.34542786,0,0,0,176
building,/content/CompositeTiles/Composite tiles22.TIF,85,71.50632911,70,9.0789413,158.2911392,151.5,29.24153102,0,0,0,158
not building,/content/CompositeTiles/Composite tiles22.TIF,86,162.2780749,170,18.94934708,156.2299465,141,63.56289202,0,0,0,187
not building,/content/CompositeTiles/Composite tiles22.TIF,87,140.7640449,143,16.86853051,133.0149813,121,36.62032857,0,0,0,267
building,/content/CompositeTiles/Composite tiles22.TIF,88,64.30075188,64,5.636861712,222.9022556,225,11.3335384,0,0,0,133
building,/content/CompositeTiles/Composite tiles22.TIF,89,69.66190476,67.5,11.94092507,191.1857143,197,17.82477638,0,0,0,210
building,/content/CompositeTiles/Composite tiles22.TIF,90,68.475,67,7.542062605,147.7583333,141,24.7615279,0,0,0,120
not building,/content/CompositeTiles/Composite tiles22.TIF,91,66.02083333,65,2.564362467,156.8680556,151,22.92507316,0,0,0,144
building,/content/CompositeTiles/Composite tiles22.TIF,92,62.8128655,60,6.316233469,189.0643275,190,38.0498513,0,0,0,171
building,/content/CompositeTiles/Composite tiles22.TIF,93,66.25322581,63,15.13494373,112.3096774,107,30.22134852,0,0,0,620
not building,/content/CompositeTiles/Composite tiles22.TIF,94,91.12077295,87,24.20883185,154.0772947,151,52.37991849,0,0,0,207
building,/content/CompositeTiles/Composite tiles22.TIF,95,65.23100304,65,4.810526631,121.4817629,124,42.00152482,0,0,0,658
building,/content/CompositeTiles/Composite tiles22.TIF,96,64.17886179,62,5.681280802,157.1219512,147,35.66319078,0,0,0,123
building,/content/CompositeTiles/Composite tiles22.TIF,97,74.5,70,12.2495668,151.9150943,149,45.43097977,0,0,0,212
building,/content/CompositeTiles/Composite tiles22.TIF,98,74.41666667,72,9.968770681,142.2,136,26.10574649,0,0,0,120
not building,/content/CompositeTiles/Composite tiles22.TIF,99,83.55367232,73,21.72526714,169.5875706,150,46.55237574,0,0,0,177
building,/content/CompositeTiles/Composite tiles22.TIF,100,63.87,63,6.509462343,166.46,165,28.65010297,0,0,0,100
not building,/content/CompositeTiles/Composite tiles22.TIF,101,146.1043956,148,14.72290144,222.5824176,248.5,38.8697645,0,0,0,182
building,/content/CompositeTiles/Composite tiles22.TIF,102,62.89133247,61,6.957910045,125.7658473,106,41.22711241,0,0,0,773
not building,/content/CompositeTiles/Composite tiles22.TIF,103,89.01449275,74,29.08935563,231.1509662,255,36.99471383,0,0,0,828
building,/content/CompositeTiles/Composite tiles22.TIF,104,69.88579387,68,7.861672752,161.7938719,155,32.08843744,0,0,0,359
not building,/content/CompositeTiles/Composite tiles22.TIF,105,160.6538462,160,5.752205648,195.3,195,43.07268454,0,0,0,130
building,/content/CompositeTiles/Composite tiles22.TIF,106,60.76119403,60,4.018945998,118.7462687,116,25.81382441,0,0,0,134
building,/content/CompositeTiles/Composite tiles22.TIF,107,72.34761905,70,9.266330195,149.1952381,151,22.92627887,0,0,0,210
building,/content/CompositeTiles/Composite tiles22.TIF,108,71.64166667,69,7.547401135,165.1166667,163,21.19480413,0,0,0,120
building,/content/CompositeTiles/Composite tiles22.TIF,109,68.69852941,68,3.09487207,154.4044118,154,18.63361079,0,0,0,136
building,/content/CompositeTiles/Composite tiles22.TIF,110,62.38265306,62,4.791734497,126.5459184,124,11.4830369,0,0,0,196
building,/content/CompositeTiles/Composite tiles22.TIF,111,70.53696498,69,6.549392948,116.151751,111,23.71056683,0,0,0,257
building,/content/CompositeTiles/Composite tiles22.TIF,112,70.53333333,68,9.378868514,156.847619,153,24.44888972,0,0,0,105
building,/content/CompositeTiles/Composite tiles22.TIF,113,70.48554913,69,5.065589383,162.2138728,162,21.83822373,0,0,0,173
not building,/content/CompositeTiles/Composite tiles22.TIF,114,69.78594249,68,5.365746927,218.629393,255,55.19518111,0,0,0,626
building,/content/CompositeTiles/Composite tiles22.TIF,115,75.608,72,12.4507966,154.968,149,29.13964612,0,0,0,125
not building,/content/CompositeTiles/Composite tiles22.TIF,116,168.9116466,170,12.00770439,123.5220884,109,52.7112361,0,0,0,249
building,/content/CompositeTiles/Composite tiles22.TIF,117,66.66055046,67,2.799804002,179.2568807,176,24.93051027,0,0,0,109
building,/content/CompositeTiles/Composite tiles22.TIF,118,68.1025641,67,6.370853256,168.7264957,167,25.42615382,0,0,0,117
building,/content/CompositeTiles/Composite tiles22.TIF,119,70.12162162,69,4.630838762,151.6216216,149.5,21.70452855,0,0,0,148
building,/content/CompositeTiles/Composite tiles22.TIF,120,66.6300813,64,9.875513241,148.1463415,148,23.4719805,0,0,0,492
building,/content/CompositeTiles/Composite tiles22.TIF,121,69.62135922,68,6.120340915,168.0679612,166,23.75247034,0,0,0,103
not building,/content/CompositeTiles/Composite tiles22.TIF,122,106.5108774,113.5,35.95559249,231.5587382,255,37.93720234,0,0,0,2758
not building,/content/CompositeTiles/Composite tiles22.TIF,123,154.6542056,152,13.16828731,110.8130841,100,33.56125126,0,0,0,107
not building,/content/CompositeTiles/Composite tiles22.TIF,124,81.77011494,67,31.28700865,198.7247765,236,63.93037989,0,0,0,1566
building,/content/CompositeTiles/Composite tiles22.TIF,125,70.60368664,70,4.966207025,171.0737327,169,27.68493079,0,0,0,217
building,/content/CompositeTiles/Composite tiles22.TIF,126,72.63551402,70,9.303192622,196.8224299,197,20.34736341,0,0,0,107
not building,/content/CompositeTiles/Composite tiles22.TIF,127,114.7910448,116,9.33983175,254.2798507,255,5.069668067,0,0,0,268
building,/content/CompositeTiles/Composite tiles22.TIF,128,73.88024565,66,19.42275962,195.9825998,182,53.97479134,0,0,0,977
building,/content/CompositeTiles/Composite tiles22.TIF,129,69.44217687,69,4.274794424,140.5578231,132,21.12261877,0,0,0,147
building,/content/CompositeTiles/Composite tiles22.TIF,130,79.29,73.5,19.69735769,129.57,120.5,34.29351396,0,0,0,100
building,/content/CompositeTiles/Composite tiles22.TIF,131,255,255,0,255,255,0,255,255,0,16717
building,/content/CompositeTiles/Composite tiles22.TIF,132,64.78481013,64,7.648949989,86.79535865,82,16.33039346,0,0,0,474
building,/content/CompositeTiles/Composite tiles22.TIF,133,59.30653266,58,5.446543096,137.1909548,131,18.2910231,0,0,0,398
building,/content/CompositeTiles/Composite tiles22.TIF,134,68.76452599,68,5.38853367,122.1712538,117,25.48288445,0,0,0,327
building,/content/CompositeTiles/Composite tiles22.TIF,135,63.26359833,61,8.302944304,123.9707113,119,20.66780438,0,0,0,239
building,/content/CompositeTiles/Composite tiles22.TIF,136,82.45038168,75,20.86350177,119.6946565,113,27.73591194,0,0,0,131
building,/content/CompositeTiles/Composite tiles22.TIF,137,64.16666667,63,5.944518617,126.5277778,121,29.88608037,0,0,0,252
building,/content/CompositeTiles/Composite tiles22.TIF,138,67.37254902,67,3.957919756,126.3921569,119,30.14024632,0,0,0,102
building,/content/CompositeTiles/Composite tiles22.TIF,139,66.45794393,65,7.938761378,137.9859813,130,29.29410629,0,0,0,214
building,/content/CompositeTiles/Composite tiles22.TIF,140,72.64,67,18.61672366,156.304,154,22.08102316,0,0,0,125
building,/content/CompositeTiles/Composite tiles22.TIF,141,71.6025641,68,11.60662912,146.4679487,141,29.05794826,0,0,0,156
building,/content/CompositeTiles/Composite tiles22.TIF,142,66.08033241,66,5.151088517,150.7728532,151,26.06859553,0,0,0,361
building,/content/CompositeTiles/Composite tiles22.TIF,143,62.23266219,62,5.864198268,184.9821029,177,35.49086459,0,0,0,447
building,/content/CompositeTiles/Composite tiles22.TIF,144,69.93442623,68,7.786850733,121.1721311,115,23.41524396,0,0,0,122
building,/content/CompositeTiles/Composite tiles22.TIF,145,71.73722628,68,8.93796142,126.9051095,119,27.71067496,0,0,0,137
building,/content/CompositeTiles/Composite tiles22.TIF,146,74.83490566,66,22.59353949,119.3962264,116,21.49009392,0,0,0,212
building,/content/CompositeTiles/Composite tiles22.TIF,147,67.45535714,67,2.103943546,162.7946429,160,26.63849872,0,0,0,112
building,/content/CompositeTiles/Composite tiles22.TIF,148,65.41176471,64,6.505862598,162.605042,159,28.63952094,0,0,0,119
building,/content/CompositeTiles/Composite tiles22.TIF,149,66.4076087,66,2.947391393,143.6141304,138,29.98474279,0,0,0,184
building,/content/CompositeTiles/Composite tiles22.TIF,150,66.09722222,55,24.71920628,137.2534722,133,23.41121649,0,0,0,288
building,/content/CompositeTiles/Composite tiles22.TIF,151,72.05357143,69,10.33098606,169.1071429,166,25.79325671,0,0,0,112
building,/content/CompositeTiles/Composite tiles22.TIF,152,76.83653846,71,17.57955028,166.8365385,160.5,26.3004499,0,0,0,104
building,/content/CompositeTiles/Composite tiles22.TIF,153,67.50561798,65,6.516398667,148.7078652,145,37.02980951,0,0,0,178
building,/content/CompositeTiles/Composite tiles22.TIF,154,80.36875,76,14.32638382,181.39375,179,29.09770113,0,0,0,160
building,/content/CompositeTiles/Composite tiles22.TIF,155,65.84393064,65,6.968461622,129.7861272,114,35.25817961,0,0,0,173
building,/content/CompositeTiles/Composite tiles22.TIF,156,66.37974684,66,5.163905394,157.1455696,153.5,25.85422277,0,0,0,158
building,/content/CompositeTiles/Composite tiles22.TIF,157,69.14851485,68,6.150563266,127.1584158,119,29.54933203,0,0,0,101
building,/content/CompositeTiles/Composite tiles22.TIF,158,64.35672515,63,7.323454177,176,176,27.62848771,0,0,0,171
building,/content/CompositeTiles/Composite tiles22.TIF,159,66.00920245,63,13.1334552,132.2300613,123.5,30.94293904,0,0,0,326
not building,/content/CompositeTiles/Composite tiles22.TIF,160,77.19758065,78,9.385841806,111.8629032,98,38.34969291,0,0,0,248
building,/content/CompositeTiles/Composite tiles22.TIF,161,65.08396947,64,3.613034435,147.9694656,141,29.76983948,0,0,0,131
building,/content/CompositeTiles/Composite tiles22.TIF,162,63.38709677,63,4.770050513,161.3548387,158,28.16775597,0,0,0,124
building,/content/CompositeTiles/Composite tiles22.TIF,163,70.23943662,68,6.467611155,167.4859155,163,22.03254185,0,0,0,142
building,/content/CompositeTiles/Composite tiles22.TIF,164,70.9760479,69,8.395858757,156.2874251,154,26.7959917,0,0,0,167
building,/content/CompositeTiles/Composite tiles22.TIF,165,59.42957746,58.5,3.401320968,155.5774648,151,27.22398589,0,0,0,142
building,/content/CompositeTiles/Composite tiles22.TIF,166,74.75396825,69,13.1183178,161.8253968,157,25.77622855,0,0,0,126
building,/content/CompositeTiles/Composite tiles22.TIF,167,64.79245283,63,8.840000193,167.0660377,159,30.06730465,0,0,0,106
building,/content/CompositeTiles/Composite tiles22.TIF,168,65.88073394,65,7.262729755,123.9266055,118,25.5208878,0,0,0,109
building,/content/CompositeTiles/Composite tiles22.TIF,169,60.6,58.5,6.622122016,162.3875,156,28.21900678,0,0,0,160
building,/content/CompositeTiles/Composite tiles22.TIF,170,69.07954545,66,10.45196979,178.6193182,183,24.02218368,0,0,0,176
building,/content/CompositeTiles/Composite tiles22.TIF,171,75.7,70,13.76522534,173.6642857,171,28.38249227,0,0,0,140
not building,/content/CompositeTiles/Composite tiles22.TIF,172,159.1937984,160,12.35149146,126.0697674,114,53.52000076,0,0,0,129
building,/content/CompositeTiles/Composite tiles22.TIF,173,60.19393939,59,5.139150938,174.5090909,171,27.39644263,0,0,0,165
building,/content/CompositeTiles/Composite tiles22.TIF,174,61.87619048,61,5.051534869,173.1142857,170,26.89744696,0,0,0,105
building,/content/CompositeTiles/Composite tiles22.TIF,175,69.58552632,69,2.813136662,163.0197368,161,25.79307088,0,0,0,152
building,/content/CompositeTiles/Composite tiles22.TIF,176,66.67231638,64,9.988409766,172.2711864,161,37.60206322,0,0,0,177
building,/content/CompositeTiles/Composite tiles22.TIF,177,58.6641791,58,3.119376205,193.238806,191,23.86566231,0,0,0,134
building,/content/CompositeTiles/Composite tiles22.TIF,178,58.05394191,57,2.604097278,173.9128631,172,20.25574762,0,0,0,241
building,/content/CompositeTiles/Composite tiles22.TIF,179,70.51428571,69,9.255232019,164.9333333,161,25.74943982,0,0,0,105
building,/content/CompositeTiles/Composite tiles22.TIF,180,62.90846287,62,9.227703701,208.2918826,205,38.09894563,0,0,0,579
not building,/content/CompositeTiles/Composite tiles22.TIF,181,166.1407407,170,11.52367159,146.9703704,133,54.4652034,0,0,0,270
building,/content/CompositeTiles/Composite tiles22.TIF,182,69.62176166,69,3.471115901,167.507772,165,27.72087356,0,0,0,193
building,/content/CompositeTiles/Composite tiles22.TIF,183,66.20261438,65,4.559496987,165.7581699,157,35.52262027,0,0,0,153
building,/content/CompositeTiles/Composite tiles22.TIF,184,75.15384615,71,13.38854938,185.1307692,185.5,28.18520847,0,0,0,130
not building,/content/CompositeTiles/Composite tiles22.TIF,185,138.214876,139,12.99981348,210.7438017,209,35.63439905,0,0,0,121
not building,/content/CompositeTiles/Composite tiles22.TIF,186,164.8379822,163,14.77231289,96.70148368,71,60.52893879,0,0,0,1685
building,/content/CompositeTiles/Composite tiles22.TIF,187,73.98907104,73,8.97780449,161.7650273,151,36.00416614,0,0,0,183
building,/content/CompositeTiles/Composite tiles22.TIF,188,65.91,66,5.146056743,185.39,182,28.46678591,0,0,0,100
building,/content/CompositeTiles/Composite tiles22.TIF,189,68.7,66,6.925315877,161.1916667,156,30.70729985,0,0,0,120
building,/content/CompositeTiles/Composite tiles22.TIF,190,60.2734375,59,5.949940708,180.3125,186,26.9364849,0,0,0,128
building,/content/CompositeTiles/Composite tiles22.TIF,191,73.58433735,69,11.93918306,157.7710843,150,34.65868875,0,0,0,166
building,/content/CompositeTiles/Composite tiles22.TIF,192,69.56,68,7.365215543,159.76,155,28.86004851,0,0,0,125
not building,/content/CompositeTiles/Composite tiles22.TIF,193,128.6718995,132,14.43060735,254.0274725,255,7.66887522,0,0,0,1274
building,/content/CompositeTiles/Composite tiles22.TIF,194,68.95258621,68,6.698069218,159.862069,154,54.59788687,0,0,0,232
building,/content/CompositeTiles/Composite tiles22.TIF,195,66.37956204,65,8.854156009,181.5912409,171,31.60905228,0,0,0,137
not building,/content/CompositeTiles/Composite tiles22.TIF,196,156.0982906,160,18.08228336,224.034188,255,43.85649317,0,0,0,234
building,/content/CompositeTiles/Composite tiles22.TIF,197,75.11363636,70.5,13.74202123,125.7424242,115,33.5262496,0,0,0,132
building,/content/CompositeTiles/Composite tiles22.TIF,198,68.43589744,68,4.785366968,137.1538462,114,47.4181013,0,0,0,156
not building,/content/CompositeTiles/Composite tiles22.TIF,199,150.2485207,152,14.29146353,95.0295858,87,23.40394597,0,0,0,169
building,/content/CompositeTiles/Composite tiles22.TIF,200,62.69536424,61,8.313658044,111.9326711,115,32.62528734,0,0,0,906
building,/content/CompositeTiles/Composite tiles22.TIF,201,72.80952381,69,9.929484941,194.6607143,188,39.56592304,0,0,0,168
building,/content/CompositeTiles/Composite tiles22.TIF,202,68.64545455,68,4.082304081,189.6909091,187,19.45986333,0,0,0,110
building,/content/CompositeTiles/Composite tiles22.TIF,203,65.83870968,65.5,1.788796211,137.516129,138,21.42936027,0,0,0,62
building,/content/CompositeTiles/Composite tiles22.TIF,204,66.14583333,66,1.513681816,186.8958333,183,19.68738977,0,0,0,48
building,/content/CompositeTiles/Composite tiles22.TIF,205,66.3604573,65,3.720098892,83.78749159,82,12.02482434,0,0,0,1487
not building,/content/CompositeTiles/Composite tiles22.TIF,206,148.9649123,148,8.893058425,165.3859649,167,25.94038671,0,0,0,57
not building,/content/CompositeTiles/Composite tiles22.TIF,207,164.2575758,164,4.933836807,186.2878788,183,53.4017833,0,0,0,66
not building,/content/CompositeTiles/Composite tiles22.TIF,208,152.0652174,150,11.82278966,157.0543478,161,31.59607988,0,0,0,92
building,/content/CompositeTiles/Composite tiles22.TIF,209,60.4173141,62,8.215270283,97.97558269,94,27.7200101,0,0,0,901
not building,/content/CompositeTiles/Composite tiles22.TIF,210,170.2765957,169,7.118158164,204.2553191,203,34.55028287,0,0,0,47
not building,/content/CompositeTiles/Composite tiles22.TIF,211,131.375,140,18.29346992,167.8333333,163.5,24.93770015,0,0,0,24
building,/content/CompositeTiles/Composite tiles22.TIF,212,69.10344828,66,8.202935391,122.9770115,118,19.52067988,0,0,0,87
building,/content/CompositeTiles/Composite tiles22.TIF,213,68.37931034,66,6.853544061,127.9885057,123,24.4735345,0,0,0,87
building,/content/CompositeTiles/Composite tiles22.TIF,214,61.24691358,61,2.225169513,132.2098765,121,34.58848593,0,0,0,81
building,/content/CompositeTiles/Composite tiles22.TIF,215,67.22727273,67,3.051554271,122.0454545,118,22.54687496,0,0,0,88
building,/content/CompositeTiles/Composite tiles22.TIF,216,65.33333333,66,2.936362073,122.1222222,119,17.58713405,0,0,0,90
building,/content/CompositeTiles/Composite tiles22.TIF,217,61.39361702,62,4.446414011,123.9893617,120,20.67040987,0,0,0,94
not building,/content/CompositeTiles/Composite tiles22.TIF,218,94.70578805,82,33.06336164,221.7192879,255,54.21861184,0,0,0,11852
building,/content/CompositeTiles/Composite tiles22.TIF,219,57.40625,57,2.074538729,178.6875,175.5,23.99536088,0,0,0,96
building,/content/CompositeTiles/Composite tiles22.TIF,220,59.85714286,57.5,6.120112933,194.4285714,192,22.42356632,0,0,0,84
building,/content/CompositeTiles/Composite tiles22.TIF,221,76.18181818,74,8.637320521,187.6818182,182,28.49623,0,0,0,44
not building,/content/CompositeTiles/Composite tiles22.TIF,222,138.15625,142.5,16.00802411,196.6875,193.5,27.89202115,0,0,0,32
building,/content/CompositeTiles/Composite tiles22.TIF,223,65.32258065,65,5.543884144,129.7311828,122,31.96474529,0,0,0,93
building,/content/CompositeTiles/Composite tiles22.TIF,224,69.55263158,69,2.551546161,186.4342105,183,21.74816116,0,0,0,76
not building,/content/CompositeTiles/Composite tiles22.TIF,225,128.75,138.5,27.97833984,196.3,200.5,46.90906096,0,0,0,40
not building,/content/CompositeTiles/Composite tiles22.TIF,226,156.054741,155,15.94917804,134.7761486,113,67.6787719,0,0,0,1023
building,/content/CompositeTiles/Composite tiles22.TIF,227,60.2265343,59,3.378117612,116.0658845,101.5,39.29397431,0,0,0,1108
not building,/content/CompositeTiles/Composite tiles22.TIF,228,114.3730076,121,39.27693589,209.6117716,255,59.20008863,0,0,0,15308
not building,/content/CompositeTiles/Composite tiles22.TIF,229,116.4560019,121,35.96510104,215.1529038,255,54.1836051,0,0,0,8489
building,/content/CompositeTiles/Composite tiles22.TIF,230,66,66,1.726595516,189.6603774,185,21.0210527,0,0,0,53
not building,/content/CompositeTiles/Composite tiles22.TIF,231,115.5833333,125,29.18892008,125.875,107,45.54696523,0,0,0,24
not building,/content/CompositeTiles/Composite tiles22.TIF,232,142.4090909,141,12.79083156,164.4545455,163,29.42282242,0,0,0,22
building,/content/CompositeTiles/Composite tiles22.TIF,233,79.96774194,70,21.81518245,145.4193548,140,18.99706971,0,0,0,31
building,/content/CompositeTiles/Composite tiles22.TIF,234,69.89795918,67,7.797814707,147.0204082,140,31.88307068,0,0,0,98
not building,/content/CompositeTiles/Composite tiles22.TIF,235,121.8333333,135,28.26806207,194.6111111,190,18.16250377,0,0,0,72
not building,/content/CompositeTiles/Composite tiles22.TIF,236,129.0405405,135.5,26.11069947,103.5405405,93.5,35.21984591,0,0,0,74
building,/content/CompositeTiles/Composite tiles22.TIF,237,74.98734177,69,11.93494356,194.2278481,191,22.89267716,0,0,0,79
not building,/content/CompositeTiles/Composite tiles22.TIF,238,110.7647059,113,12.64971244,255,255,0,0,0,0,85
building,/content/CompositeTiles/Composite tiles22.TIF,239,68.15555556,68,3.24520539,143.9666667,135,25.4005468,0,0,0,90
not building,/content/CompositeTiles/Composite tiles22.TIF,240,142.6,143,12.01998336,169.44,168,31.06133288,0,0,0,25
not building,/content/CompositeTiles/Composite tiles22.TIF,241,139.0289855,145,24.20083303,177.0724638,169,50.08668394,0,0,0,69
not building,/content/CompositeTiles/Composite tiles22.TIF,242,158.2325581,158,9.20651238,135.8255814,117.5,49.17084404,0,0,0,86
building,/content/CompositeTiles/Composite tiles22.TIF,243,69.79617834,71,3.698405326,133.5031847,120,31.75134767,0,0,0,157
building,/content/CompositeTiles/Composite tiles22.TIF,244,72.67073171,72,10.19571273,118.6829268,115,19.2517836,0,0,0,82
not building,/content/CompositeTiles/Composite tiles22.TIF,245,104.6381215,110,32.77266776,230.5671483,255,42.88079644,0,0,0,4706
not building,/content/CompositeTiles/Composite tiles22.TIF,246,152.8409091,150,11.19444501,175.8636364,166,49.46513506,0,0,0,44
building,/content/CompositeTiles/Composite tiles22.TIF,247,72.07070707,68,13.62058196,133.7171717,123,35.44865127,0,0,0,99
not building,/content/CompositeTiles/Composite tiles22.TIF,248,114.5164835,98,46.29583862,87.21978022,75,33.90996554,0,0,0,91
building,/content/CompositeTiles/Composite tiles22.TIF,249,63.6627907,63,3.179185449,134.5697674,118.5,42.74139127,0,0,0,86
not building,/content/CompositeTiles/Composite tiles22.TIF,250,71.28,68,7.470046854,200.24,197,15.4590556,0,0,0,25
not building,/content/CompositeTiles/Composite tiles22.TIF,251,117.4657534,116,23.58667037,254.5342466,255,2.740273918,0,0,0,73
building,/content/CompositeTiles/Composite tiles22.TIF,252,74.45454545,69,13.96335227,197.1688312,186,25.56143737,0,0,0,77
not building,/content/CompositeTiles/Composite tiles22.TIF,253,88.03225806,90,16.63747009,143.5483871,140,21.10929884,0,0,0,31
building,/content/CompositeTiles/Composite tiles22.TIF,254,73.35353535,69,12.78992117,206.6262626,204,29.47061055,0,0,0,99
not building,/content/CompositeTiles/Composite tiles22.TIF,255,94.58493572,72,38.45933083,225.3303886,255,52.53867129,0,0,0,244167
building,/content/CompositeTiles/Composite tiles22.TIF,256,67.66304348,66,8.232065056,121.4021739,112.5,31.70381262,0,0,0,92
building,/content/CompositeTiles/Composite tiles22.TIF,257,64.64044944,64,2.580162834,122.6966292,119,18.54687623,0,0,0,89
building,/content/CompositeTiles/Composite tiles22.TIF,258,61.84931507,62,3.099585624,133.0958904,122,32.83756802,0,0,0,73
building,/content/CompositeTiles/Composite tiles22.TIF,259,63.51190476,64,3.049176499,116.5119048,111,22.24511399,0,0,0,84
building,/content/CompositeTiles/Composite tiles22.TIF,260,70.91489362,70,5.005655471,157.106383,151.5,20.54909435,0,0,0,94
building,/content/CompositeTiles/Composite tiles22.TIF,261,64.3164557,64,2.558402903,163.8607595,164,22.18263329,0,0,0,79
building,/content/CompositeTiles/Composite tiles22.TIF,262,65.47252747,56,22.7563978,171.7252747,169,21.35007318,0,0,0,91
not building,/content/CompositeTiles/Composite tiles22.TIF,263,62.56578947,62,3.73227575,181.3684211,179,11.82975965,0,0,0,76
building,/content/CompositeTiles/Composite tiles22.TIF,264,72.5,67,18.58584605,127.6020408,115.5,33.69785913,0,0,0,98
building,/content/CompositeTiles/Composite tiles22.TIF,265,66.61538462,65,5.940367703,124.025641,116,32.14150379,0,0,0,78
not building,/content/CompositeTiles/Composite tiles22.TIF,266,136.6785714,141,16.28405641,197.5238095,194.5,42.41475378,0,0,0,84
building,/content/CompositeTiles/Composite tiles22.TIF,267,73.43529412,71,7.180770168,181.3647059,181,23.4991099,0,0,0,85
building,/content/CompositeTiles/Composite tiles22.TIF,268,75.82022472,70,14.69966123,177.1797753,162,38.79405775,0,0,0,89
building,/content/CompositeTiles/Composite tiles22.TIF,269,61.18181818,59,7.826868559,154.6262626,151,20.84022231,0,0,0,99
building,/content/CompositeTiles/Composite tiles22.TIF,270,59.02325581,58,3.158512839,180.1395349,178,24.21039695,0,0,0,86
building,/content/CompositeTiles/Composite tiles22.TIF,271,63.08,63,4.545356605,201.6533333,200,13.54153446,0,0,0,75
not building,/content/CompositeTiles/Composite tiles22.TIF,272,81.21276596,74,15.52614291,203.2553191,195,19.52572562,0,0,0,47
not building,/content/CompositeTiles/Composite tiles22.TIF,273,98.57894737,88.5,29.02778304,169.2763158,165,35.14428855,0,0,0,76
building,/content/CompositeTiles/Composite tiles22.TIF,274,68.03614458,66,6.537096705,163.5542169,162,19.03468806,0,0,0,83
not building,/content/CompositeTiles/Composite tiles23.TIF,0,151.8755459,149,12.53901389,58.4279476,53,19.21074358,0,0,0,458
not building,/content/CompositeTiles/Composite tiles23.TIF,1,3.907246377,0,18.59312884,0.439130435,0,1.962674705,0,0,0,690
building,/content/CompositeTiles/Composite tiles23.TIF,2,66.53043478,66,1.746159707,150.2521739,146,23.22249415,0,0,0,115
building,/content/CompositeTiles/Composite tiles23.TIF,3,65.63050847,65,3.521712519,191.6983051,192,5.822268517,0,0,0,295
not building,/content/CompositeTiles/Composite tiles23.TIF,4,1.988095238,0,17.15637744,0.13,0,1.119844802,0,0,0,2100
building,/content/CompositeTiles/Composite tiles23.TIF,5,66.01923077,63,10.53228927,154.0769231,151,21.95611546,0,0,0,156
not building,/content/CompositeTiles/Composite tiles23.TIF,6,110.260274,111,6.520835725,186.2328767,179.5,57.0180266,0,0,0,146
not building,/content/CompositeTiles/Composite tiles23.TIF,7,120.2473118,123,7.132623692,255,255,0,0,0,0,372
building,/content/CompositeTiles/Composite tiles23.TIF,8,64.01578947,60,12.04355093,170.9052632,165,24.48009876,0,0,0,190
not building,/content/CompositeTiles/Composite tiles23.TIF,9,147.3102983,153,18.72771031,252.6670561,255,14.63764781,0,0,0,11128
not building,/content/CompositeTiles/Composite tiles23.TIF,10,165.9390244,163,8.895528557,137.5609756,118.5,59.89616983,0,0,0,164
building,/content/CompositeTiles/Composite tiles23.TIF,11,75.01923077,71,16.51833525,176.0048077,172.5,20.59814629,0,0,0,208
not building,/content/CompositeTiles/Composite tiles23.TIF,12,154.0256065,158,16.11203671,235.9588949,255,38.48742656,0,0,0,1484
not building,/content/CompositeTiles/Composite tiles23.TIF,13,120.1111111,123,7.24403385,255,255,0,0,0,0,387
not building,/content/CompositeTiles/Composite tiles23.TIF,14,152.9716599,159,22.42637993,205,243,57.02197886,0,0,0,247
building,/content/CompositeTiles/Composite tiles23.TIF,15,82.07017544,70,23.22155657,140.0526316,136.5,33.57796429,0,0,0,228
not building,/content/CompositeTiles/Composite tiles23.TIF,16,164.5150862,165,15.61731841,137.0646552,120,67.51870846,0,0,0,1856
building,/content/CompositeTiles/Composite tiles23.TIF,17,62.80769231,59,9.88725895,192.6987179,187,22.55091671,0,0,0,156
not building,/content/CompositeTiles/Composite tiles23.TIF,18,0.752564103,0,8.705380363,0.074358974,0,0.784208877,0,0,0,1560
not building,/content/CompositeTiles/Composite tiles23.TIF,19,135.3982301,138,15.94433893,79.25663717,74,29.37754809,0,0,0,113
building,/content/CompositeTiles/Composite tiles23.TIF,20,64.16431925,61,7.63524347,119.3849765,116,23.45652576,0,0,0,213
not building,/content/CompositeTiles/Composite tiles23.TIF,21,166.8181818,166,7.508672672,142.2975207,118,68.10949432,0,0,0,121
building,/content/CompositeTiles/Composite tiles23.TIF,22,69.21259843,68,5.149160808,115.5984252,112,18.79783027,0,0,0,127
not building,/content/CompositeTiles/Composite tiles23.TIF,23,153.3539845,158,18.93759163,252.5273545,255,10.9418301,0,0,0,4003
not building,/content/CompositeTiles/Composite tiles23.TIF,24,104.9564165,100,16.45547338,251.8208232,255,13.40997613,0,0,0,413
building,/content/CompositeTiles/Composite tiles23.TIF,25,69.11923077,67,8.533937644,127.3807692,118,35.97292271,0,0,0,260
building,/content/CompositeTiles/Composite tiles23.TIF,26,67.04255319,66,3.745962063,112.8510638,106,27.82634503,0,0,0,235
building,/content/CompositeTiles/Composite tiles23.TIF,27,71.70731707,68,13.67136448,127.0569106,123,18.71493504,0,0,0,123
not building,/content/CompositeTiles/Composite tiles23.TIF,28,160.9491525,159,13.34601284,102.6440678,93,42.99675302,0,0,0,118
not building,/content/CompositeTiles/Composite tiles23.TIF,29,113.9198423,125,39.16685072,246.1905388,255,26.64506995,0,0,0,761
building,/content/CompositeTiles/Composite tiles23.TIF,30,70.81761006,69,6.820110243,127.5283019,116,35.00634468,0,0,0,159
not building,/content/CompositeTiles/Composite tiles23.TIF,31,160.0072727,156,11.29762412,118.0909091,87,74.54245227,0,0,0,275
not building,/content/CompositeTiles/Composite tiles23.TIF,32,146.2210402,148,13.8673923,142.3049645,129,56.18242533,0,0,0,846
not building,/content/CompositeTiles/Composite tiles23.TIF,33,150.9398496,152,18.09322533,185.7443609,179,40.16145126,0,0,0,133
not building,/content/CompositeTiles/Composite tiles23.TIF,34,164.8388626,163,16.76675621,137.2401264,126,63.58792473,0,0,0,633
building,/content/CompositeTiles/Composite tiles23.TIF,35,70.67605634,68,7.980212585,116.1737089,110,26.49763678,0,0,0,213
not building,/content/CompositeTiles/Composite tiles23.TIF,36,141.7232704,143,18.24567217,83.18238994,71,38.2637085,0,0,0,159
not building,/content/CompositeTiles/Composite tiles23.TIF,37,161.5978593,159,17.15281367,126.9724771,115.5,64.88608584,0,0,0,654
building,/content/CompositeTiles/Composite tiles23.TIF,38,71.28125,66,13.07391098,127.78125,114,39.31851852,0,0,0,160
not building,/content/CompositeTiles/Composite tiles23.TIF,39,147.9952153,146,14.3561992,170.1866029,163,51.33331004,0,0,0,209
not building,/content/CompositeTiles/Composite tiles23.TIF,40,135.4169096,134,13.99014459,148.4927114,145,47.55091584,0,0,0,343
not building,/content/CompositeTiles/Composite tiles23.TIF,41,137.9291339,140,17.38366556,136.4094488,139,48.6890106,0,0,0,254
not building,/content/CompositeTiles/Composite tiles23.TIF,42,117.5757576,117,42.56163467,143.0727273,142,35.16671354,0,0,0,165
not building,/content/CompositeTiles/Composite tiles23.TIF,43,144.9064748,143.5,16.06882324,248.2482014,255,20.95780912,0,0,0,278
not building,/content/CompositeTiles/Composite tiles23.TIF,44,145.4619289,146,13.46417779,148.1269036,138,55.00391437,0,0,0,591
not building,/content/CompositeTiles/Composite tiles23.TIF,45,96.77455048,93,27.90346557,221.8174274,255,58.78885844,0,0,0,723
not building,/content/CompositeTiles/Composite tiles23.TIF,46,164.0040816,162,10.494507,126.2530612,105,68.81422225,0,0,0,245
not building,/content/CompositeTiles/Composite tiles23.TIF,47,124.36,126,15.05092688,220.29,212,26.36372318,0,0,0,100
not building,/content/CompositeTiles/Composite tiles23.TIF,48,133.9774436,142.5,24.36408245,112.2857143,98,45.17436085,0,0,0,266
building,/content/CompositeTiles/Composite tiles23.TIF,49,79.16666667,72.5,17.10290207,132.6666667,126,29.85923767,0,0,0,108
not building,/content/CompositeTiles/Composite tiles23.TIF,50,95.96396396,101,15.7445417,70.98198198,49,60.36957977,0,0,0,111
building,/content/CompositeTiles/Composite tiles23.TIF,51,74.99090909,70,12.02534857,142.1545455,136,32.32257482,0,0,0,110
not building,/content/CompositeTiles/Composite tiles23.TIF,52,128.9813665,133,24.96593258,119.0621118,103,54.63210548,0,0,0,161
not building,/content/CompositeTiles/Composite tiles23.TIF,53,106.3461538,108.5,18.24763906,131.9903846,107,65.19445694,0,0,0,104
not building,/content/CompositeTiles/Composite tiles23.TIF,54,166.1244635,164,11.59831839,114.5407725,96,61.64072363,0,0,0,233
not building,/content/CompositeTiles/Composite tiles23.TIF,55,145.0817942,147,18.46571839,131.0474934,113,71.15802669,0,0,0,379
building,/content/CompositeTiles/Composite tiles23.TIF,56,79.74025974,75,11.98527516,143.9935065,138.5,25.85184983,0,0,0,154
building,/content/CompositeTiles/Composite tiles23.TIF,57,73.86547085,71,7.872288949,138.6726457,136,28.63745103,0,0,0,223
building,/content/CompositeTiles/Composite tiles23.TIF,58,72.26190476,70,5.139604351,128.6904762,124,28.56000764,0,0,0,126
not building,/content/CompositeTiles/Composite tiles23.TIF,59,135.6273292,142,21.33053097,81.73291925,74,34.23172002,0,0,0,161
not building,/content/CompositeTiles/Composite tiles23.TIF,60,72.24537037,71,7.079572652,154.7037037,148,66.83994969,0,0,0,864
not building,/content/CompositeTiles/Composite tiles23.TIF,61,143.0430769,149,21.14371315,73.44615385,63,36.14791441,0,0,0,325
not building,/content/CompositeTiles/Composite tiles23.TIF,62,133.1080332,135,16.98441413,121.7520776,99,67.42479777,0,0,0,722
building,/content/CompositeTiles/Composite tiles23.TIF,63,70.75609756,69,6.442164792,140.0914634,138,27.68767755,0,0,0,164
not building,/content/CompositeTiles/Composite tiles23.TIF,64,150.6052632,149,12.62385546,108.3201754,90,58.15804342,0,0,0,228
not building,/content/CompositeTiles/Composite tiles23.TIF,65,129.6415929,131,14.72190124,255,255,0,0,0,0,226
not building,/content/CompositeTiles/Composite tiles23.TIF,66,165.7723785,162,14.24060166,96.0741688,78,60.26329377,0,0,0,391
building,/content/CompositeTiles/Composite tiles23.TIF,67,84.01263158,75,22.25791044,99.42105263,91,23.72073441,0,0,0,475
not building,/content/CompositeTiles/Composite tiles23.TIF,68,149.3348214,147,7.837036724,161.2991071,157.5,21.41688251,0,0,0,224
not building,/content/CompositeTiles/Composite tiles23.TIF,69,154.5726872,150,15.46853431,113.8942731,99,44.13822215,0,0,0,227
not building,/content/CompositeTiles/Composite tiles23.TIF,70,160.3333333,161,13.28524849,198.9627561,195,45.94011273,0,0,0,537
not building,/content/CompositeTiles/Composite tiles23.TIF,71,168.2335766,169,14.06342746,105.4549878,88,60.5831338,0,0,0,411
not building,/content/CompositeTiles/Composite tiles23.TIF,72,173.6997085,172,14.03307941,116.6676385,99,58.06069285,0,0,0,343
not building,/content/CompositeTiles/Composite tiles23.TIF,73,178.3577236,181,14.34597481,126.9186992,112,45.82071699,0,0,0,123
building,/content/CompositeTiles/Composite tiles23.TIF,74,88.41142857,76,26.22805228,111.5771429,106,20.9817211,0,0,0,175
not building,/content/CompositeTiles/Composite tiles23.TIF,75,162.5428082,160,13.68048616,150.0565068,141.5,67.66123735,0,0,0,584
not building,/content/CompositeTiles/Composite tiles23.TIF,76,130.6124031,128,12.86501781,169.0542636,164,65.33483348,0,0,0,129
not building,/content/CompositeTiles/Composite tiles23.TIF,77,158.5764706,158.5,16.34364526,82,67.5,42.66256108,0,0,0,170
not building,/content/CompositeTiles/Composite tiles23.TIF,78,161.3931034,159,10.15147114,160.3655172,149,65.2187633,0,0,0,145
not building,/content/CompositeTiles/Composite tiles23.TIF,79,161.3909091,160,7.128808972,118.9363636,104.5,55.62606931,0,0,0,110
not building,/content/CompositeTiles/Composite tiles23.TIF,80,163.4101852,161,16.18010003,110.8462963,87,66.72797518,0,0,0,1080
not building,/content/CompositeTiles/Composite tiles23.TIF,81,157.6293501,155,17.2132554,248.1102725,255,19.83172393,0,0,0,2385
building,/content/CompositeTiles/Composite tiles23.TIF,82,79.47368421,68,23.23646957,167.0964912,159,31.49964336,0,0,0,114
not building,/content/CompositeTiles/Composite tiles23.TIF,83,158.344,152,16.55444545,130.016,121,54.25229713,0,0,0,125
not building,/content/CompositeTiles/Composite tiles23.TIF,84,159.897019,159,16.45311041,154.4471545,138,72.95113298,0,0,0,369
not building,/content/CompositeTiles/Composite tiles23.TIF,85,76.34899329,71,11.17278944,254.852349,255,1.796252022,0,0,0,149
not building,/content/CompositeTiles/Composite tiles23.TIF,86,99.23737754,73,41.99379351,240.1921628,247,17.28836937,0,0,0,1327
not building,/content/CompositeTiles/Composite tiles23.TIF,87,154.2369942,154,13.622763,152.8381503,146,60.56103157,0,0,0,173
not building,/content/CompositeTiles/Composite tiles23.TIF,88,165.7867647,164.5,8.641051209,199.0294118,203,45.60104184,0,0,0,136
building,/content/CompositeTiles/Composite tiles23.TIF,89,124.2868852,120,32.08453984,157.5901639,153,23.0177245,0,0,0,122
not building,/content/CompositeTiles/Composite tiles23.TIF,90,169.0666667,168,12.11980085,147.0786325,142,51.57970155,0,0,0,585
not building,/content/CompositeTiles/Composite tiles23.TIF,91,159.1910112,158,15.26755862,193.6179775,203,59.88625403,0,0,0,267
not building,/content/CompositeTiles/Composite tiles23.TIF,92,165.5521162,164,16.58496092,115,92,68.58043495,0,0,0,1583
not building,/content/CompositeTiles/Composite tiles23.TIF,93,161.5462963,159,10.84690113,148.4722222,134.5,64.60656691,0,0,0,108
not building,/content/CompositeTiles/Composite tiles23.TIF,94,164.3859701,162,13.71742481,137.4543284,110,81.80343479,0,0,0,3350
not building,/content/CompositeTiles/Composite tiles23.TIF,95,169.16,167,10.49449379,157.56,153,31.74974646,0,0,0,100
not building,/content/CompositeTiles/Composite tiles23.TIF,96,126.1549925,142,35.4827235,249.8301043,255,20.61800871,0,0,0,1342
building,/content/CompositeTiles/Composite tiles23.TIF,97,82.63694268,68,29.91519923,178.0509554,160,43.20161535,0,0,0,157
not building,/content/CompositeTiles/Composite tiles23.TIF,98,143.6182796,144.5,12.35102578,70.92473118,60.5,29.37273864,0,0,0,186
building,/content/CompositeTiles/Composite tiles23.TIF,99,255,255,0,255,255,0,255,255,0,16853
building,/content/CompositeTiles/Composite tiles23.TIF,100,81.20538721,75,18.75488456,91.83838384,87,21.5303593,0,0,0,297
not building,/content/CompositeTiles/Composite tiles23.TIF,101,3.664219982,0,21.42683635,2.783961437,0,25.40472563,0,0,0,9128
building,/content/CompositeTiles/Composite tiles23.TIF,102,60.18300654,59,4.337762305,126.5228758,120,24.17557915,0,0,0,153
building,/content/CompositeTiles/Composite tiles23.TIF,103,72.46511628,71,5.608750792,125.0232558,115,28.75220655,0,0,0,129
not building,/content/CompositeTiles/Composite tiles23.TIF,104,120.7775344,124,8.743581091,254.9968134,255,0.188257671,0,0,0,5021
not building,/content/CompositeTiles/Composite tiles23.TIF,105,147.3925926,146,11.4775764,150.3555556,143,30.04354042,0,0,0,135
building,/content/CompositeTiles/Composite tiles23.TIF,106,71.35099338,69,8.12990447,123.7615894,110,34.50419086,0,0,0,151
not building,/content/CompositeTiles/Composite tiles23.TIF,107,149.2409091,152.5,12.39248889,111.95,101,39.59628369,0,0,0,220
building,/content/CompositeTiles/Composite tiles23.TIF,108,64.5042735,64,2.948631239,132.4786325,128,22.13578851,0,0,0,117
building,/content/CompositeTiles/Composite tiles23.TIF,109,70.83969466,68,9.44070834,118.6030534,97,54.02157886,0,0,0,131
not building,/content/CompositeTiles/Composite tiles23.TIF,110,67.85116279,69,4.691029147,167.8697674,154,67.20507849,0,0,0,215
not building,/content/CompositeTiles/Composite tiles23.TIF,111,151.0428571,149,7.663337047,131.5642857,121,53.96827252,0,0,0,140
building,/content/CompositeTiles/Composite tiles23.TIF,112,67.99346405,67,4.330310759,189.2941176,183,55.48689798,0,0,0,153
not building,/content/CompositeTiles/Composite tiles23.TIF,113,109.1547044,121,23.23355112,253.3325282,255,14.0365361,0,0,0,8694
building,/content/CompositeTiles/Composite tiles23.TIF,114,69.92546584,69,4.411381095,145.5093168,141,25.62198154,0,0,0,161
not building,/content/CompositeTiles/Composite tiles23.TIF,115,144.2848485,143,13.69397393,109.5575758,85,60.11568156,0,0,0,165
building,/content/CompositeTiles/Composite tiles23.TIF,116,72.02409639,70,9.331867804,123.8855422,114.5,35.78052453,0,0,0,166
building,/content/CompositeTiles/Composite tiles23.TIF,117,72.48251748,70,6.590789448,126.4755245,112,37.6083669,0,0,0,143
building,/content/CompositeTiles/Composite tiles23.TIF,118,83.18421053,75,21.53681702,154.0482456,139,43.84774641,0,0,0,228
not building,/content/CompositeTiles/Composite tiles23.TIF,119,141.3,142,13.13430622,130.05,123,36.60720557,0,0,0,100
not building,/content/CompositeTiles/Composite tiles23.TIF,120,157.5036232,158,19.40724842,62.15942029,50,47.15688377,0,0,0,276
building,/content/CompositeTiles/Composite tiles23.TIF,121,69.44,68,5.472330399,137.89,125,37.4694262,0,0,0,100
building,/content/CompositeTiles/Composite tiles23.TIF,122,76.91860465,74,13.44127202,113.494186,98,43.09123597,0,0,0,172
building,/content/CompositeTiles/Composite tiles23.TIF,123,86.74482759,78,18.1813771,153.4758621,148,33.30984793,0,0,0,145
building,/content/CompositeTiles/Composite tiles23.TIF,124,74.59166667,72,9.635434459,144.9333333,140,29.92566717,0,0,0,120
building,/content/CompositeTiles/Composite tiles23.TIF,125,66.78632479,67,4.566374799,147.4102564,133,34.06056793,0,0,0,117
not building,/content/CompositeTiles/Composite tiles23.TIF,126,135.8717949,140,23.90767596,97.42124542,85,38.32025052,0,0,0,273
building,/content/CompositeTiles/Composite tiles23.TIF,127,68.43975904,66,7.743982347,113.8313253,98,39.77294572,0,0,0,166
not building,/content/CompositeTiles/Composite tiles23.TIF,128,125.3420216,134,32.96494885,198.2739987,211,59.1283846,0,0,0,1573
building,/content/CompositeTiles/Composite tiles23.TIF,129,71.31547619,67,13.12265393,133.5833333,126,34.17608755,0,0,0,168
building,/content/CompositeTiles/Composite tiles23.TIF,130,70.29353234,67,10.48801296,147.0248756,108,63.25062191,0,0,0,201
not building,/content/CompositeTiles/Composite tiles23.TIF,131,122.7804878,125.5,19.45728554,254.9756098,255,0.311393789,0,0,0,164
not building,/content/CompositeTiles/Composite tiles23.TIF,132,151.7329377,152,13.45439207,136.1454006,117,62.26615304,0,0,0,337
not building,/content/CompositeTiles/Composite tiles23.TIF,133,76.40740741,65,25.49692684,178.7111111,169,21.60242328,0,0,0,135
not building,/content/CompositeTiles/Composite tiles23.TIF,134,138.8574514,137,7.86427686,237.1565875,241,18.01563081,0,0,0,1852
not building,/content/CompositeTiles/Composite tiles23.TIF,135,142.0915133,143,18.53726445,170.3798569,167.5,77.23223671,0,0,0,1956
building,/content/CompositeTiles/Composite tiles23.TIF,136,74.25386997,71,11.43336905,156.2321981,160,36.70346341,0,0,0,323
building,/content/CompositeTiles/Composite tiles23.TIF,137,71.27142857,69,8.937755277,119.25,110.5,32.87402905,0,0,0,140
not building,/content/CompositeTiles/Composite tiles23.TIF,138,146.0075188,146,14.01744147,125.037594,110,55.15165776,0,0,0,133
not building,/content/CompositeTiles/Composite tiles23.TIF,139,142.0225564,148,18.15325989,141.3233083,122,74.67529197,0,0,0,133
not building,/content/CompositeTiles/Composite tiles23.TIF,140,157.0353982,157,7.285491952,194.3982301,183,32.72317244,0,0,0,113
building,/content/CompositeTiles/Composite tiles23.TIF,141,68.24175824,68,6.311233068,137.2747253,131,27.07907263,0,0,0,91
building,/content/CompositeTiles/Composite tiles23.TIF,142,75.25842697,74,8.186763899,113.1123596,104,24.60996336,0,0,0,89
not building,/content/CompositeTiles/Composite tiles23.TIF,143,165.6896552,163,6.767587296,155.2413793,145,25.11855362,0,0,0,29
not building,/content/CompositeTiles/Composite tiles23.TIF,144,57.63414634,59,7.7954211,198.097561,227,62.90558348,0,0,0,41
not building,/content/CompositeTiles/Composite tiles23.TIF,145,4.326064017,0,22.24984232,4.155821316,0,31.14430333,0,0,0,2843
not building,/content/CompositeTiles/Composite tiles23.TIF,146,146.0769231,146,5.560320113,211.5576923,207.5,37.49380126,0,0,0,52
building,/content/CompositeTiles/Composite tiles23.TIF,147,71.02061856,70,4.00509825,111.1752577,108,19.98711457,0,0,0,97
building,/content/CompositeTiles/Composite tiles23.TIF,148,63.89714286,62,7.150683712,109.3542857,106,15.32542878,0,0,0,175
building,/content/CompositeTiles/Composite tiles23.TIF,149,68.72164948,65,15.48244251,110.5670103,101,24.63126302,0,0,0,97
not building,/content/CompositeTiles/Composite tiles23.TIF,150,129.7142857,148,32.71785522,138.3333333,117,57.01601,0,0,0,63
building,/content/CompositeTiles/Composite tiles23.TIF,151,72.29824561,67,13.93715835,198.2105263,190,24.48038014,0,0,0,57
not building,/content/CompositeTiles/Composite tiles23.TIF,152,134.1170213,132,14.83085942,135.0319149,118,46.95526439,0,0,0,94
building,/content/CompositeTiles/Composite tiles23.TIF,153,97.69512195,83,36.13716721,195.8902439,195.5,12.6452595,0,0,0,82
not building,/content/CompositeTiles/Composite tiles23.TIF,154,161.9293194,162,13.40538803,151.5434555,137,63.0723506,0,0,0,1910
not building,/content/CompositeTiles/Composite tiles23.TIF,155,135.1666667,135.5,8.907705778,133.5833333,127,24.49730711,0,0,0,48
building,/content/CompositeTiles/Composite tiles23.TIF,156,79.05882353,74,11.05851063,158.3137255,151,28.82842429,0,0,0,51
not building,/content/CompositeTiles/Composite tiles23.TIF,157,145.3184075,150,26.4226945,165.2435555,165,79.34390818,0,0,0,10474
not building,/content/CompositeTiles/Composite tiles23.TIF,158,135.7916667,136,13.30876643,168.9166667,176,68.99300488,0,0,0,48
not building,/content/CompositeTiles/Composite tiles23.TIF,159,157.762606,159,17.01913387,126.4854975,113,64.9478553,0,0,0,2241
not building,/content/CompositeTiles/Composite tiles23.TIF,160,120.8566524,123,5.975275305,255,255,0,0,0,0,1165
not building,/content/CompositeTiles/Composite tiles23.TIF,161,68,68,0,76.5,76.5,10.5,0,0,0,2
not building,/content/CompositeTiles/Composite tiles23.TIF,162,68,68,0,76.5,76.5,10.5,0,0,0,2
not building,/content/CompositeTiles/Composite tiles23.TIF,163,159.0926117,157,14.81709263,97.36804124,73,63.45843088,0,0,0,5820
not building,/content/CompositeTiles/Composite tiles23.TIF,164,160.9274194,161,12.24152552,187.594086,186.5,57.20914533,0,0,0,744
not building,/content/CompositeTiles/Composite tiles23.TIF,165,161.9393939,161,7.555609571,103.5757576,85,52.52187441,0,0,0,33
not building,/content/CompositeTiles/Composite tiles23.TIF,166,160.2539683,156,15.29391232,122.8730159,98,68.91114409,0,0,0,63
not building,/content/CompositeTiles/Composite tiles23.TIF,167,160.5719659,160,14.54640231,118.5666205,101,66.41672393,0,0,0,5051
not building,/content/CompositeTiles/Composite tiles23.TIF,168,159.4117647,158,9.441619316,80.96078431,59,53.87456775,0,0,0,51
not building,/content/CompositeTiles/Composite tiles23.TIF,169,141.3264151,147,38.50465618,247.4830189,255,14.00689501,0,0,0,530
not building,/content/CompositeTiles/Composite tiles23.TIF,170,171.5492958,170,11.03616173,168.1126761,159,28.73509377,0,0,0,71
not building,/content/CompositeTiles/Composite tiles23.TIF,171,126.0622407,133,25.66364514,138.4107884,109,71.26097009,0,0,0,241
not building,/content/CompositeTiles/Composite tiles23.TIF,172,116.0241583,130,47.62482545,213.3114131,255,73.68107929,0,0,0,244264
not building,/content/CompositeTiles/Composite tiles23.TIF,173,146.8796005,156,32.7357318,193.7850595,233,69.6488518,0,0,0,7309
not building,/content/CompositeTiles/Composite tiles23.TIF,174,69.09411765,69,3.404576606,127.1529412,98,70.77063297,0,0,0,85
not building,/content/CompositeTiles/Composite tiles23.TIF,175,143.8545455,148,16.02999255,129.2181818,105,58.49372644,0,0,0,55
not building,/content/CompositeTiles/Composite tiles23.TIF,176,158.625,158,8.84972928,168.2708333,154,47.92778404,0,0,0,48
building,/content/CompositeTiles/Composite tiles23.TIF,177,69.13333333,68,3.642953625,142.7111111,124.5,45.63581548,0,0,0,90
building,/content/CompositeTiles/Composite tiles23.TIF,178,84.01851852,77.5,14.70637395,142.9259259,136,25.63334912,0,0,0,54
not building,/content/CompositeTiles/Composite tiles23.TIF,179,78.89230769,65,26.96500472,147.8769231,130,53.21668555,0,0,0,65
building,/content/CompositeTiles/Composite tiles23.TIF,180,73.25,69,8.166241486,158.0535714,151,28.77400839,0,0,0,56
building,/content/CompositeTiles/Composite tiles23.TIF,181,83.34545455,73,22.59059996,163.1272727,159,27.48424643,0,0,0,55
not building,/content/CompositeTiles/Composite tiles23.TIF,182,134.7878788,133,11.04606766,132.5909091,128,40.0783238,0,0,0,66
building,/content/CompositeTiles/Composite tiles23.TIF,183,82.96590909,73.5,22.43447472,129.7386364,113.5,37.441316,0,0,0,88
not building,/content/CompositeTiles/Composite tiles23.TIF,184,155.4,153,7.771743691,127.52,120,58.79123744,0,0,0,25
building,/content/CompositeTiles/Composite tiles23.TIF,185,99.46575342,94,19.55468776,198.6712329,200,29.70081628,0,0,0,73
not building,/content/CompositeTiles/Composite tiles23.TIF,186,167.2179487,167,7.034069902,205.1153846,201,29.7062459,0,0,0,78
building,/content/CompositeTiles/Composite tiles24.TIF,0,68.26153846,67,2.892662281,158.3948718,157,19.8241752,0,0,0,195
building,/content/CompositeTiles/Composite tiles24.TIF,1,69.38216561,69,2.53016208,144.6178344,137,23.38068641,0,0,0,157
building,/content/CompositeTiles/Composite tiles24.TIF,2,59.325,59,3.657934678,141.0972222,140,16.0575006,0,0,0,360
building,/content/CompositeTiles/Composite tiles24.TIF,3,72.53960396,69,11.20426527,162.6980198,160,23.07226907,0,0,0,202
building,/content/CompositeTiles/Composite tiles24.TIF,4,69.60240964,69.5,2.085172895,145.7168675,144,19.10019441,0,0,0,166
building,/content/CompositeTiles/Composite tiles24.TIF,5,71.92592593,72,3.971434352,113.0875421,109,18.36166075,0,0,0,297
building,/content/CompositeTiles/Composite tiles24.TIF,6,67.25980392,67,3.007531716,106.8235294,99,25.94126539,0,0,0,204
building,/content/CompositeTiles/Composite tiles24.TIF,7,69.45454545,68,6.232725276,164.7914439,163,19.84416108,0,0,0,187
building,/content/CompositeTiles/Composite tiles24.TIF,8,69.36966825,68,4.994388262,143.5118483,141,21.79207217,0,0,0,211
not building,/content/CompositeTiles/Composite tiles24.TIF,9,163.1454545,162,8.199596846,122.8818182,103,58.94168641,0,0,0,110
building,/content/CompositeTiles/Composite tiles24.TIF,10,70.32142857,69,3.564242771,126.6357143,121,23.5600178,0,0,0,140
building,/content/CompositeTiles/Composite tiles24.TIF,11,71.08661417,70,5.758969207,162.0629921,159,21.59824578,0,0,0,127
building,/content/CompositeTiles/Composite tiles24.TIF,12,77.53153153,73,12.88047606,151.4054054,149,22.27444639,0,0,0,111
building,/content/CompositeTiles/Composite tiles24.TIF,13,69.77235772,68,9.118740649,150.5203252,147,22.06802108,0,0,0,123
building,/content/CompositeTiles/Composite tiles24.TIF,14,75.16107383,72,10.28980542,125.7919463,125,23.38882747,0,0,0,149
building,/content/CompositeTiles/Composite tiles24.TIF,15,73.38150289,70,10.84595788,136.1213873,129,25.1097534,0,0,0,173
building,/content/CompositeTiles/Composite tiles24.TIF,16,70.64885496,69,5.127271292,146.7709924,142,23.50623269,0,0,0,131
building,/content/CompositeTiles/Composite tiles24.TIF,17,74.6359447,73,6.864132259,151.5391705,148,20.23273766,0,0,0,217
building,/content/CompositeTiles/Composite tiles24.TIF,18,64.68309859,64,3.991839772,137.4014085,133,21.14639111,0,0,0,142
building,/content/CompositeTiles/Composite tiles24.TIF,19,70.96111111,71,2.684034875,143.3611111,139,23.44609986,0,0,0,180
building,/content/CompositeTiles/Composite tiles24.TIF,20,71.77372263,70,7.406835175,126.620438,113,31.53844402,0,0,0,137
building,/content/CompositeTiles/Composite tiles24.TIF,21,76.75221239,73,9.515270422,160.8938053,159,22.49891358,0,0,0,113
building,/content/CompositeTiles/Composite tiles24.TIF,22,72.56756757,72,4.063951881,157.5045045,154,22.48197431,0,0,0,111
not building,/content/CompositeTiles/Composite tiles24.TIF,23,116.630303,120,19.89220168,92.88787879,81,37.55718273,0,0,0,330
building,/content/CompositeTiles/Composite tiles24.TIF,24,70.62745098,68.5,11.22665034,158.1372549,158,21.90310177,0,0,0,102
building,/content/CompositeTiles/Composite tiles24.TIF,25,66.97122302,65,6.495092166,149.971223,143,25.57875199,0,0,0,139
not building,/content/CompositeTiles/Composite tiles24.TIF,26,79.74695535,78,6.79943489,254.7658999,255,1.200192067,0,0,0,739
building,/content/CompositeTiles/Composite tiles24.TIF,27,79,76.5,8.977584025,115.4776119,98,38.92371345,0,0,0,134
building,/content/CompositeTiles/Composite tiles24.TIF,28,68.81730769,68,2.574895155,115.375,108,21.04353889,0,0,0,104
building,/content/CompositeTiles/Composite tiles24.TIF,29,76.84684685,73,15.23462048,132.8828829,125,26.68425278,0,0,0,111
not building,/content/CompositeTiles/Composite tiles24.TIF,30,143.9041916,144,8.815632232,93.46706587,75,56.05288184,0,0,0,167
building,/content/CompositeTiles/Composite tiles24.TIF,31,69.12871287,68,9.306830629,155.2029703,152.5,20.99442149,0,0,0,202
building,/content/CompositeTiles/Composite tiles24.TIF,32,71.22222222,70,4.5514887,136.4135802,134,23.30094182,0,0,0,162
building,/content/CompositeTiles/Composite tiles24.TIF,33,74.85234899,69,13.74864281,142.6107383,131,30.02945118,0,0,0,149
not building,/content/CompositeTiles/Composite tiles24.TIF,34,126.0746634,135,30.38867851,191.1150551,183,56.57733937,0,0,0,817
building,/content/CompositeTiles/Composite tiles24.TIF,35,79.45652174,72,19.63844188,151.615942,150,26.72439109,0,0,0,138
building,/content/CompositeTiles/Composite tiles24.TIF,36,77.05142857,71,15.63485797,136.56,125,35.92445407,0,0,0,175
building,/content/CompositeTiles/Composite tiles24.TIF,37,71.91719745,69,8.710460644,145.4203822,144,32.05292745,0,0,0,157
building,/content/CompositeTiles/Composite tiles24.TIF,38,69.56906077,69,3.083001641,169.3867403,168,23.35918528,0,0,0,181
building,/content/CompositeTiles/Composite tiles24.TIF,39,71.39108911,70,6.870839501,140.7475248,140,25.34417774,0,0,0,202
building,/content/CompositeTiles/Composite tiles24.TIF,40,71.8502994,68,12.24824501,150.5508982,145,21.68242719,0,0,0,167
not building,/content/CompositeTiles/Composite tiles24.TIF,41,166.7437722,166,10.04678586,144.3238434,129,58.69310769,0,0,0,281
not building,/content/CompositeTiles/Composite tiles24.TIF,42,120.6737288,122,17.03807763,248.559322,255,16.49347194,0,0,0,236
building,/content/CompositeTiles/Composite tiles24.TIF,43,70.77165354,69,5.116268597,176.4173228,176,25.80680523,0,0,0,254
building,/content/CompositeTiles/Composite tiles24.TIF,44,69.08658009,69,2.944117621,180.7835498,177,26.84871658,0,0,0,231
building,/content/CompositeTiles/Composite tiles24.TIF,45,70.47297297,69,6.243316368,128.8783784,115,31.38124449,0,0,0,148
building,/content/CompositeTiles/Composite tiles24.TIF,46,71.93081761,71,4.236389473,111.7840671,106,22.63217682,0,0,0,477
building,/content/CompositeTiles/Composite tiles24.TIF,47,69.11382114,69,1.861912873,171.0243902,167,23.42206014,0,0,0,123
building,/content/CompositeTiles/Composite tiles24.TIF,48,60.41146712,59,4.575320928,140.3288364,138,16.53912918,0,0,0,593
not building,/content/CompositeTiles/Composite tiles24.TIF,49,142.6065574,141.5,13.52081418,131.6434426,107,65.13900583,0,0,0,244
not building,/content/CompositeTiles/Composite tiles24.TIF,50,98.70365359,98,12.28275908,255,255,0,0,0,0,739
not building,/content/CompositeTiles/Composite tiles24.TIF,51,98.68421053,97,26.48525435,157.9526316,151,49.85265519,0,0,0,190
not building,/content/CompositeTiles/Composite tiles24.TIF,52,147.6832061,148,12.54011975,130.519084,114.5,58.37302409,0,0,0,262
not building,/content/CompositeTiles/Composite tiles24.TIF,53,118.6410256,119,7.132400536,247.465812,255,23.5357726,0,0,0,234
building,/content/CompositeTiles/Composite tiles24.TIF,54,91.28571429,81,20.85697978,154.047619,148.5,28.94111623,0,0,0,210
not building,/content/CompositeTiles/Composite tiles24.TIF,55,165.6725564,165,12.86293849,147.0631579,129,68.41345828,0,0,0,5320
building,/content/CompositeTiles/Composite tiles24.TIF,56,75.58895706,73,9.825302294,145.3067485,141,27.08480916,0,0,0,163
not building,/content/CompositeTiles/Composite tiles24.TIF,57,167.1222153,165,15.37121849,181.439047,186.5,69.92061887,0,0,0,3232
building,/content/CompositeTiles/Composite tiles24.TIF,58,71.53669725,71,3.652450743,161.0045872,157.5,24.80927204,0,0,0,218
building,/content/CompositeTiles/Composite tiles24.TIF,59,69.79856115,68,5.109139583,159.6115108,158,20.37684918,0,0,0,139
building,/content/CompositeTiles/Composite tiles24.TIF,60,73.02857143,69,11.35979304,151.8114286,147,28.71343908,0,0,0,175
building,/content/CompositeTiles/Composite tiles24.TIF,61,72.06976744,71,3.894313179,154.1937984,153,22.56294469,0,0,0,258
building,/content/CompositeTiles/Composite tiles24.TIF,62,71.98630137,71,6.495505613,158.6849315,154,25.63541894,0,0,0,146
building,/content/CompositeTiles/Composite tiles24.TIF,63,73.41803279,70,7.896710421,153.6967213,149,24.43052691,0,0,0,122
building,/content/CompositeTiles/Composite tiles24.TIF,64,74.12173913,73,4.987197219,156.2086957,153,26.59731783,0,0,0,115
building,/content/CompositeTiles/Composite tiles24.TIF,65,69.58666667,68,5.911781081,163.14,160,22.15160792,0,0,0,150
building,/content/CompositeTiles/Composite tiles24.TIF,66,72.37820513,71,6.210354204,153.4615385,151.5,20.73779673,0,0,0,156
building,/content/CompositeTiles/Composite tiles24.TIF,67,71.5620438,69,11.34197122,164.6277372,161,26.2522873,0,0,0,137
building,/content/CompositeTiles/Composite tiles24.TIF,68,72.4,70,9.899644588,156.8814815,153,22.34246972,0,0,0,135
building,/content/CompositeTiles/Composite tiles24.TIF,69,71.92405063,71,3.809621902,160.4493671,154.5,23.49186433,0,0,0,158
building,/content/CompositeTiles/Composite tiles24.TIF,70,70.72277228,68,10.75019577,157.7128713,157,21.55827315,0,0,0,101
building,/content/CompositeTiles/Composite tiles24.TIF,71,77.08275862,74,9.677206385,166.9931034,162,27.78774142,0,0,0,145
building,/content/CompositeTiles/Composite tiles24.TIF,72,71.01204819,70,5.058677326,156.6506024,155,21.78201631,0,0,0,166
building,/content/CompositeTiles/Composite tiles24.TIF,73,69.95575221,69,3.046510787,159.0884956,156,27.61093714,0,0,0,113
building,/content/CompositeTiles/Composite tiles24.TIF,74,78.85585586,72,16.18354567,151.6486486,150,21.88324821,0,0,0,111
building,/content/CompositeTiles/Composite tiles24.TIF,75,71.77777778,71,3.828700905,142.1180556,136.5,26.20498694,0,0,0,144
building,/content/CompositeTiles/Composite tiles24.TIF,76,72.04316547,70,6.262679804,164.2374101,159,23.24086662,0,0,0,139
building,/content/CompositeTiles/Composite tiles24.TIF,77,69.00684932,68,4.332888839,160.2945205,156.5,27.2643497,0,0,0,146
building,/content/CompositeTiles/Composite tiles24.TIF,78,69.55029586,69,1.726614646,175.2662722,173,21.68180566,0,0,0,169
building,/content/CompositeTiles/Composite tiles24.TIF,79,71.99408284,70,7.02783733,152.887574,149,26.06555957,0,0,0,169
building,/content/CompositeTiles/Composite tiles24.TIF,80,69.84615385,68,6.420773424,160.8942308,157.5,21.64748976,0,0,0,104
building,/content/CompositeTiles/Composite tiles24.TIF,81,70.88288288,70,2.776149186,139.7837838,136,22.34270561,0,0,0,111
building,/content/CompositeTiles/Composite tiles24.TIF,82,70.74015748,68,6.953402383,160.1496063,158,29.11937925,0,0,0,127
building,/content/CompositeTiles/Composite tiles24.TIF,83,71.42735043,71,5.351437604,154.5811966,151,23.21664571,0,0,0,117
building,/content/CompositeTiles/Composite tiles24.TIF,84,76.72064777,71,15.98072279,163.5587045,157,33.55404721,0,0,0,247
building,/content/CompositeTiles/Composite tiles24.TIF,85,72.32638889,70,7.425397353,161.1006944,153,32.55252592,0,0,0,288
building,/content/CompositeTiles/Composite tiles24.TIF,86,68.696,69,2.862793042,166.832,163,26.50093915,0,0,0,125
building,/content/CompositeTiles/Composite tiles24.TIF,87,69.76642336,69,2.970076491,161.4671533,160,26.44566143,0,0,0,137
not building,/content/CompositeTiles/Composite tiles24.TIF,88,133.6888889,133,6.737090994,230.5111111,230,9.073458785,0,0,0,540
building,/content/CompositeTiles/Composite tiles24.TIF,89,69.76447876,69,3.418456156,105.96139,103,17.46044774,0,0,0,518
building,/content/CompositeTiles/Composite tiles24.TIF,90,70.38,68,8.353179036,88.085,85,15.84732706,0,0,0,200
building,/content/CompositeTiles/Composite tiles24.TIF,91,69.99731183,69,4.388094019,104.2311828,100.5,20.84260772,0,0,0,372
building,/content/CompositeTiles/Composite tiles24.TIF,92,75.38645418,72,12.11293371,102.6215139,97,21.91427011,0,0,0,251
building,/content/CompositeTiles/Composite tiles24.TIF,93,77.89513109,77,6.653844506,159.8801498,157,24.76437008,0,0,0,267
building,/content/CompositeTiles/Composite tiles24.TIF,94,71.61650485,71,2.247656691,154.0582524,151.5,26.24412102,0,0,0,206
building,/content/CompositeTiles/Composite tiles24.TIF,95,80.48823529,75,15.41017167,120.5176471,115,21.08225446,0,0,0,170
building,/content/CompositeTiles/Composite tiles24.TIF,96,76.25441696,72,14.35241475,123.9717314,120,19.06968566,0,0,0,566
building,/content/CompositeTiles/Composite tiles24.TIF,97,71.06017192,71,4.172407793,120.6905444,118,14.55870232,0,0,0,349
building,/content/CompositeTiles/Composite tiles24.TIF,98,69.29559748,69,2.645878388,142.0691824,134,24.7470523,0,0,0,159
building,/content/CompositeTiles/Composite tiles24.TIF,99,73.84923077,73,4.913282565,157.9261538,155,22.55388267,0,0,0,325
building,/content/CompositeTiles/Composite tiles24.TIF,100,68.0858209,67,4.725694342,99.17910448,92,23.71923797,0,0,0,268
building,/content/CompositeTiles/Composite tiles24.TIF,101,65.8604119,64,8.207615642,159.6613272,161,27.25277373,0,0,0,437
building,/content/CompositeTiles/Composite tiles24.TIF,102,71.87647059,71,4.004707438,117.6647059,112,22.44888157,0,0,0,170
building,/content/CompositeTiles/Composite tiles24.TIF,103,73.24666667,72,5.873030639,124.02,120,21.56554969,0,0,0,150
building,/content/CompositeTiles/Composite tiles24.TIF,104,72.03623188,70,5.437936283,123.3188406,118.5,19.40154839,0,0,0,138
building,/content/CompositeTiles/Composite tiles24.TIF,105,76.04761905,75,7.881722017,126.3047619,123,18.73937734,0,0,0,105
building,/content/CompositeTiles/Composite tiles24.TIF,106,71.4676259,70,6.469966206,123.5539568,115,27.7032509,0,0,0,139
building,/content/CompositeTiles/Composite tiles24.TIF,107,73.97272727,70,8.804398788,123.9454545,122,13.80371252,0,0,0,110
not building,/content/CompositeTiles/Composite tiles24.TIF,108,128.204918,129,6.849600353,82.18852459,72,31.94163016,0,0,0,122
building,/content/CompositeTiles/Composite tiles24.TIF,109,64.69945355,63,5.802048793,137.3442623,133,20.02857405,0,0,0,183
not building,/content/CompositeTiles/Composite tiles24.TIF,110,154.9497326,156,14.22683453,149.2470588,136,51.38563366,0,0,0,935
building,/content/CompositeTiles/Composite tiles24.TIF,111,75.86915888,74,4.856990553,127.0093458,122,21.63049739,0,0,0,107
not building,/content/CompositeTiles/Composite tiles24.TIF,112,148.7403846,158,20.80726352,142.5961538,129.5,58.88458712,0,0,0,104
building,/content/CompositeTiles/Composite tiles24.TIF,113,70.73214286,70,4.153273543,119.875,114.5,21.29684962,0,0,0,112
not building,/content/CompositeTiles/Composite tiles24.TIF,114,116.7114094,116,13.99966217,82.52348993,76,24.51532431,0,0,0,149
building,/content/CompositeTiles/Composite tiles24.TIF,115,74.02325581,73,4.123040039,129.8837209,126,20.83513279,0,0,0,129
building,/content/CompositeTiles/Composite tiles24.TIF,116,74.92035398,72,10.09261676,124.619469,116,28.95749665,0,0,0,113
not building,/content/CompositeTiles/Composite tiles24.TIF,117,157.7063563,156,14.45672965,115.3625783,102,45.36828462,0,0,0,1117
building,/content/CompositeTiles/Composite tiles24.TIF,118,70.91139241,69,5.461464248,175.5822785,174.5,22.965085,0,0,0,158
building,/content/CompositeTiles/Composite tiles24.TIF,119,84.33893557,69,31.3214109,95.63585434,89,30.4474871,0,0,0,357
building,/content/CompositeTiles/Composite tiles24.TIF,120,75.1802935,73,7.168896064,147.6457023,130,38.12340999,0,0,0,477
not building,/content/CompositeTiles/Composite tiles24.TIF,121,109.2959184,111,21.97898309,94.10714286,83,29.9907086,0,0,0,196
building,/content/CompositeTiles/Composite tiles24.TIF,122,60.90306122,59,5.228043574,137.1071429,135,14.59080469,0,0,0,196
not building,/content/CompositeTiles/Composite tiles24.TIF,123,110.5584416,111,18.19875371,114.0021645,91.5,54.04665689,0,0,0,462
building,/content/CompositeTiles/Composite tiles24.TIF,124,76.55353075,73,11.97458318,148.785877,130,40.47181512,0,0,0,439
not building,/content/CompositeTiles/Composite tiles24.TIF,125,156.5419847,160,18.93591424,178.351145,174,54.55957227,0,0,0,131
not building,/content/CompositeTiles/Composite tiles24.TIF,126,148.3095238,153,19.68161832,190.0761905,188,56.98900399,0,0,0,210
not building,/content/CompositeTiles/Composite tiles24.TIF,127,148.995283,146.5,15.73587946,115.0235849,102,42.69985651,0,0,0,212
not building,/content/CompositeTiles/Composite tiles24.TIF,128,144.4174757,145,11.816579,220.9368932,255,42.20248115,0,0,0,206
not building,/content/CompositeTiles/Composite tiles24.TIF,129,157.6468195,157,12.20655126,253.227071,255,7.620204827,0,0,0,2704
building,/content/CompositeTiles/Composite tiles24.TIF,130,70.975,69,6.579086183,159.66,156.5,22.2068548,0,0,0,200
building,/content/CompositeTiles/Composite tiles24.TIF,131,71.4954955,70,7.659268511,159.036036,157,22.01307062,0,0,0,111
building,/content/CompositeTiles/Composite tiles24.TIF,132,72.94074074,70,11.08937627,141.2814815,133,30.75775165,0,0,0,135
not building,/content/CompositeTiles/Composite tiles24.TIF,133,109.1517241,108,19.86482979,71.54482759,64,22.42381102,0,0,0,145
building,/content/CompositeTiles/Composite tiles24.TIF,134,76.00917431,75,5.849010601,123.8073394,119,21.77974695,0,0,0,109
building,/content/CompositeTiles/Composite tiles24.TIF,135,71.08962264,70.5,4.072049904,158.504717,156,23.04579069,0,0,0,212
building,/content/CompositeTiles/Composite tiles24.TIF,136,70.59459459,70,2.551729244,160.8198198,158,21.77741544,0,0,0,111
not building,/content/CompositeTiles/Composite tiles24.TIF,137,114.5951417,117,14.47481607,254.51417,255,4.956368498,0,0,0,247
building,/content/CompositeTiles/Composite tiles24.TIF,138,68.71052632,68,1.989991114,165.0087719,164.5,24.91230078,0,0,0,114
building,/content/CompositeTiles/Composite tiles24.TIF,139,72.21775148,70,6.900984728,143.1810651,127,36.56025742,0,0,0,845
building,/content/CompositeTiles/Composite tiles24.TIF,140,69.57480315,69,3.049511862,170.2755906,168,26.11412782,0,0,0,127
not building,/content/CompositeTiles/Composite tiles24.TIF,141,149.0534759,151,15.25776128,172.315508,163,37.30710711,0,0,0,187
not building,/content/CompositeTiles/Composite tiles24.TIF,142,131.1744966,131,9.776517231,95.6442953,79,48.7465812,0,0,0,149
building,/content/CompositeTiles/Composite tiles24.TIF,143,255,255,0,255,255,0,255,255,0,16896
building,/content/CompositeTiles/Composite tiles24.TIF,144,69.63911846,68,6.49639114,112.9146006,109,22.93483118,0,0,0,363
building,/content/CompositeTiles/Composite tiles24.TIF,145,74.94707521,73,7.544481728,108.2562674,104,19.19772673,0,0,0,359
building,/content/CompositeTiles/Composite tiles24.TIF,146,73.58415842,70,12.40030926,154.4009901,151.5,21.43751221,0,0,0,202
building,/content/CompositeTiles/Composite tiles24.TIF,147,68.35416667,68,1.823720061,161.7291667,158,22.81575319,0,0,0,144
building,/content/CompositeTiles/Composite tiles24.TIF,148,72.90338164,71,6.924739529,152.5217391,150,20.5916887,0,0,0,207
building,/content/CompositeTiles/Composite tiles24.TIF,149,72.38410596,71,5.4089219,163.8476821,158,24.27511967,0,0,0,151
building,/content/CompositeTiles/Composite tiles24.TIF,150,72,70,4.687992398,107.6818182,101,25.17824884,0,0,0,176
building,/content/CompositeTiles/Composite tiles24.TIF,151,74.53448276,71.5,7.24976936,151.9827586,148.5,29.17249022,0,0,0,116
building,/content/CompositeTiles/Composite tiles24.TIF,152,69.55238095,68,6.900629305,163.0380952,159,26.61468403,0,0,0,210
building,/content/CompositeTiles/Composite tiles24.TIF,153,70.95061728,69,5.657729847,137.5555556,129,26.21822003,0,0,0,162
building,/content/CompositeTiles/Composite tiles24.TIF,154,70.21428571,69.5,3.163487484,150.7410714,151,22.17815267,0,0,0,112
building,/content/CompositeTiles/Composite tiles24.TIF,155,75.63551402,73,12.06787078,144.771028,139,25.03285508,0,0,0,214
building,/content/CompositeTiles/Composite tiles24.TIF,156,70.98507463,71,4.707861121,160.9104478,156.5,21.06013518,0,0,0,134
building,/content/CompositeTiles/Composite tiles24.TIF,157,71.1496063,70,4.954510244,137.4041995,131,29.80768425,0,0,0,381
building,/content/CompositeTiles/Composite tiles24.TIF,158,69.51492537,68,6.371268384,143.238806,139.5,23.3443333,0,0,0,134
building,/content/CompositeTiles/Composite tiles24.TIF,159,69.35849057,68,4.214057067,114.4622642,108.5,27.62046498,0,0,0,106
building,/content/CompositeTiles/Composite tiles24.TIF,160,67.37142857,66,3.448276707,124.4285714,120,22.94625486,0,0,0,105
building,/content/CompositeTiles/Composite tiles24.TIF,161,70.75,70,2.581988897,155.734375,150,25.26479075,0,0,0,192
building,/content/CompositeTiles/Composite tiles24.TIF,162,71.95522388,70,4.552948318,116.1044776,113,17.02249112,0,0,0,134
building,/content/CompositeTiles/Composite tiles24.TIF,163,70.74834437,71,2.966074274,133.1125828,127,28.44107259,0,0,0,151
building,/content/CompositeTiles/Composite tiles24.TIF,164,74.55313351,73,7.132210754,115.3923706,109,24.97647387,0,0,0,367
building,/content/CompositeTiles/Composite tiles24.TIF,165,67.41044776,66,5.570729321,167.4925373,165.5,22.91898329,0,0,0,134
building,/content/CompositeTiles/Composite tiles24.TIF,166,66.83185841,67,1.682300652,155.8849558,155,26.32699487,0,0,0,113
building,/content/CompositeTiles/Composite tiles24.TIF,167,72.91262136,70,8.316677357,157.631068,157,24.77079015,0,0,0,103
building,/content/CompositeTiles/Composite tiles24.TIF,168,69.78512397,69,3.268195376,160.1322314,155,28.97845941,0,0,0,121
building,/content/CompositeTiles/Composite tiles24.TIF,169,71.05785124,70,3.323588424,122.8181818,118,24.30760178,0,0,0,121
building,/content/CompositeTiles/Composite tiles24.TIF,170,70.52439024,70,5.785232693,161.5289634,140.5,49.89075642,0,0,0,656
building,/content/CompositeTiles/Composite tiles24.TIF,171,73.088,70,9.505380371,159.536,158,25.54009992,0,0,0,125
building,/content/CompositeTiles/Composite tiles24.TIF,172,74.66428571,71,10.88289005,142.9285714,132,36.77433943,0,0,0,140
building,/content/CompositeTiles/Composite tiles24.TIF,173,75.13178295,73,6.35802593,135.5736434,124,30.73436457,0,0,0,129
building,/content/CompositeTiles/Composite tiles24.TIF,174,70.375,71,3.094133274,149.2946429,143.5,23.03011941,0,0,0,112
building,/content/CompositeTiles/Composite tiles24.TIF,175,69.87254902,70,3.155050631,152.9215686,151.5,21.78490495,0,0,0,102
building,/content/CompositeTiles/Composite tiles24.TIF,176,70,69,8.121612594,157.6403941,154,24.67989636,0,0,0,203
building,/content/CompositeTiles/Composite tiles24.TIF,177,69.43589744,69,2.758621653,179.5076923,178,24.94020937,0,0,0,195
building,/content/CompositeTiles/Composite tiles24.TIF,178,75.86065574,72,9.428171575,127.352459,122,23.60325142,0,0,0,122
not building,/content/CompositeTiles/Composite tiles24.TIF,179,111.516471,120,26.59958217,253.9978343,255,5.684282132,0,0,0,8773
building,/content/CompositeTiles/Composite tiles24.TIF,180,69.78599222,68,5.351907755,169.3385214,169,22.02329406,0,0,0,257
building,/content/CompositeTiles/Composite tiles24.TIF,181,75.45081967,71.5,10.68022722,162.2540984,162.5,28.63694778,0,0,0,122
building,/content/CompositeTiles/Composite tiles24.TIF,182,69.17532468,69,3.947929125,162.1428571,159,22.26301708,0,0,0,154
building,/content/CompositeTiles/Composite tiles24.TIF,183,70.39097744,69,7.471081679,158.4661654,153,27.01727347,0,0,0,133
building,/content/CompositeTiles/Composite tiles24.TIF,184,74.76033058,72,7.423466025,125.4132231,118,27.49535481,0,0,0,121
building,/content/CompositeTiles/Composite tiles24.TIF,185,71.38095238,71,4.035275296,146.468254,140.5,31.52542096,0,0,0,126
building,/content/CompositeTiles/Composite tiles24.TIF,186,70.24576271,70,3.736980655,164.7033898,158,31.45653696,0,0,0,118
building,/content/CompositeTiles/Composite tiles24.TIF,187,68.55629139,67,4.518740611,146.6357616,139,28.76911595,0,0,0,151
building,/content/CompositeTiles/Composite tiles24.TIF,188,71.76190476,71,5.163099493,160.5238095,157,30.29267665,0,0,0,126
building,/content/CompositeTiles/Composite tiles24.TIF,189,71.09493671,69,8.277457549,172.7025316,170,22.94696955,0,0,0,158
building,/content/CompositeTiles/Composite tiles24.TIF,190,74.04255319,70,12.10994102,133.5390071,129,26.17305141,0,0,0,141
building,/content/CompositeTiles/Composite tiles24.TIF,191,70.24528302,68,6.557167072,162.8867925,158,26.66222002,0,0,0,106
building,/content/CompositeTiles/Composite tiles24.TIF,192,68.99,69,3.413194984,181.605,177,26.92636208,0,0,0,200
not building,/content/CompositeTiles/Composite tiles24.TIF,193,145.7449393,145,11.09709288,84.93927126,67,48.31903461,0,0,0,247
building,/content/CompositeTiles/Composite tiles24.TIF,194,75.34705882,72,9.677907993,131.7941176,121,31.71396001,0,0,0,170
building,/content/CompositeTiles/Composite tiles24.TIF,195,74.05454545,72,5.869546,129.1454545,123.5,23.93127902,0,0,0,110
building,/content/CompositeTiles/Composite tiles24.TIF,196,70.85507246,68.5,8.280893606,165.826087,163,21.2565124,0,0,0,138
building,/content/CompositeTiles/Composite tiles24.TIF,197,63.38922156,63,4.238192897,163.7365269,160,32.97743805,0,0,0,167
building,/content/CompositeTiles/Composite tiles24.TIF,198,83.26724138,75,20.17225722,123.0086207,114,33.8025442,0,0,0,116
building,/content/CompositeTiles/Composite tiles24.TIF,199,70.02420575,70,3.397875261,113.4478064,106,29.16647012,0,0,0,661
building,/content/CompositeTiles/Composite tiles24.TIF,200,70.65584416,69,5.671047305,174,169,28.09630932,0,0,0,154
building,/content/CompositeTiles/Composite tiles24.TIF,201,70.38650307,70,3.197631703,178.7852761,174,27.6440438,0,0,0,163
building,/content/CompositeTiles/Composite tiles24.TIF,202,69.59060403,70,1.875355618,192.1879195,189,23.66130393,0,0,0,149
not building,/content/CompositeTiles/Composite tiles24.TIF,203,91.47680723,84,21.79829643,252.9650602,255,7.743048709,0,0,0,3320
not building,/content/CompositeTiles/Composite tiles24.TIF,204,171.080292,171,7.551340959,128.5255474,116,53.33725233,0,0,0,137
building,/content/CompositeTiles/Composite tiles24.TIF,205,70.5748503,70,3.972068927,158.4131737,156,26.80451421,0,0,0,167
building,/content/CompositeTiles/Composite tiles24.TIF,206,64.55652174,63,5.133337425,141.026087,138,21.17811047,0,0,0,115
building,/content/CompositeTiles/Composite tiles24.TIF,207,70.35772358,70,3.733239142,169.0569106,166,28.06331425,0,0,0,123
building,/content/CompositeTiles/Composite tiles24.TIF,208,71.85625,70,8.358638402,157.459375,148,38.64135867,0,0,0,320
building,/content/CompositeTiles/Composite tiles24.TIF,209,69.29255319,68,4.696597668,165.1595745,162,22.45008799,0,0,0,188
building,/content/CompositeTiles/Composite tiles24.TIF,210,67.95424837,66,8.017415577,179.2287582,176,26.72505782,0,0,0,153
building,/content/CompositeTiles/Composite tiles24.TIF,211,70.54166667,68,7.230601443,189.5583333,184,29.18269917,0,0,0,120
building,/content/CompositeTiles/Composite tiles24.TIF,212,76.0929368,72,11.05338122,151.3921933,130,46.60887337,0,0,0,538
building,/content/CompositeTiles/Composite tiles24.TIF,213,66.43951613,64,8.730529661,174.8145161,171,19.85283231,0,0,0,248
building,/content/CompositeTiles/Composite tiles24.TIF,214,65.72151899,64,5.161779472,150.1012658,148,25.43947642,0,0,0,158
building,/content/CompositeTiles/Composite tiles24.TIF,215,74.6460177,73,8.209556652,139,122,39.84927354,0,0,0,113
building,/content/CompositeTiles/Composite tiles24.TIF,216,70.12765957,70,3.524687127,158.1347518,151,33.35776832,0,0,0,141
building,/content/CompositeTiles/Composite tiles24.TIF,217,68.07806691,68,2.82010875,168.2156134,160,37.38016762,0,0,0,269
building,/content/CompositeTiles/Composite tiles24.TIF,218,63.14414414,63,3.576315601,149.027027,141,24.37708992,0,0,0,111
building,/content/CompositeTiles/Composite tiles24.TIF,219,76.75426621,72,10.03412389,144.1296928,126,41.9990684,0,0,0,293
building,/content/CompositeTiles/Composite tiles24.TIF,220,68.32110092,68,2.863502487,192,189,10.3569327,0,0,0,109
building,/content/CompositeTiles/Composite tiles24.TIF,221,76.26304348,72,10.77468568,152.5043478,128,50.33235176,0,0,0,460
building,/content/CompositeTiles/Composite tiles24.TIF,222,69.64018692,69,3.132057931,173.2383178,159,36.42485837,0,0,0,214
not building,/content/CompositeTiles/Composite tiles24.TIF,223,148.9166667,153.5,17.32008891,182.0454545,173,55.2196528,0,0,0,132
building,/content/CompositeTiles/Composite tiles24.TIF,224,72.70918367,71,8.146748277,190.2704082,178.5,43.5386685,0,0,0,196
building,/content/CompositeTiles/Composite tiles24.TIF,225,72.22222222,72,3.835345688,145.6666667,139.5,25.00814682,0,0,0,108
not building,/content/CompositeTiles/Composite tiles24.TIF,226,156.0542636,150,15.43544199,102.8294574,63,68.83438433,0,0,0,129
not building,/content/CompositeTiles/Composite tiles24.TIF,227,129.9870968,130,16.1201085,249.516129,255,15.31701767,0,0,0,155
building,/content/CompositeTiles/Composite tiles24.TIF,228,69.57042254,69,3.136333841,134.4929577,123,38.73851424,0,0,0,142
building,/content/CompositeTiles/Composite tiles24.TIF,229,77.14130435,73,10.67767024,132.5652174,120.5,34.1974142,0,0,0,92
building,/content/CompositeTiles/Composite tiles24.TIF,230,70.85416667,68,8.104755763,158.40625,154,22.97125837,0,0,0,96
not building,/content/CompositeTiles/Composite tiles24.TIF,231,145.4567901,148,15.61658614,105.7901235,92,45.3923135,0,0,0,81
building,/content/CompositeTiles/Composite tiles24.TIF,232,74.85714286,70,11.74849824,152.6984127,148,19.40760358,0,0,0,63
not building,/content/CompositeTiles/Composite tiles24.TIF,233,153.025309,153,16.73587202,140.6191878,124,73.23050361,0,0,0,1699
not building,/content/CompositeTiles/Composite tiles24.TIF,234,126.5862069,130,31.60370694,173.137931,157,36.26219095,0,0,0,29
not building,/content/CompositeTiles/Composite tiles24.TIF,235,71.82432432,71,4.760076391,197.7162162,207.5,23.33221892,0,0,0,74
not building,/content/CompositeTiles/Composite tiles24.TIF,236,126.6666667,129.5,10.23338762,140.25,134,22.87693526,0,0,0,12
building,/content/CompositeTiles/Composite tiles24.TIF,237,72.58064516,71,5.621239638,172.6451613,173,13.41772633,0,0,0,31
not building,/content/CompositeTiles/Composite tiles24.TIF,238,158.92,158,7.984585149,155.72,157,48.64032895,0,0,0,25
not building,/content/CompositeTiles/Composite tiles24.TIF,239,163.9255319,164.5,6.218091932,158.0212766,146.5,52.50470672,0,0,0,94
not building,/content/CompositeTiles/Composite tiles24.TIF,240,132.7361111,135.5,18.90693072,140.9583333,136,31.17621846,0,0,0,72
not building,/content/CompositeTiles/Composite tiles24.TIF,241,117.625,118,4.196352583,182.9375,167,48.99677126,0,0,0,16
not building,/content/CompositeTiles/Composite tiles24.TIF,242,169.6575342,169,5.579363095,145.4383562,137,41.94157264,0,0,0,73
building,/content/CompositeTiles/Composite tiles24.TIF,243,69.89473684,68,4.153562033,180.1052632,182,10.64694044,0,0,0,19
building,/content/CompositeTiles/Composite tiles24.TIF,244,72.06451613,69,11.1454764,163.8709677,162.5,14.82530952,0,0,0,62
building,/content/CompositeTiles/Composite tiles24.TIF,245,78,68,19.32932077,163.0377358,157,21.80441557,0,0,0,53
building,/content/CompositeTiles/Composite tiles24.TIF,246,74.76666667,71,9.268884627,175.9333333,177,11.31645802,0,0,0,30
not building,/content/CompositeTiles/Composite tiles24.TIF,247,133.1558352,131,13.79108399,254.1729396,255,4.438860406,0,0,0,24789
building,/content/CompositeTiles/Composite tiles24.TIF,248,68.375,69,2.72431184,188.5625,185,19.13919,0,0,0,32
building,/content/CompositeTiles/Composite tiles24.TIF,249,69.69230769,69,1.968389243,176.0461538,174,19.88616123,0,0,0,65
not building,/content/CompositeTiles/Composite tiles24.TIF,250,129.1,131,13.77602587,254.8444444,255,1.467508176,0,0,0,90
not building,/content/CompositeTiles/Composite tiles24.TIF,251,65.66666667,65,3.527668415,187.7777778,187,4.961580792,0,0,0,9
building,/content/CompositeTiles/Composite tiles24.TIF,252,69.56,69,3.275118318,198.16,196,13.94469075,0,0,0,25
not building,/content/CompositeTiles/Composite tiles24.TIF,253,157.6170213,159,14.06300896,101.2370821,82,57.18597368,0,0,0,329
not building,/content/CompositeTiles/Composite tiles24.TIF,254,113.7352941,112.5,11.16140626,129.8088235,116,52.11081443,0,0,0,68
building,/content/CompositeTiles/Composite tiles24.TIF,255,73.28571429,71,7.751760827,174.2857143,165,23.6722519,0,0,0,35
not building,/content/CompositeTiles/Composite tiles24.TIF,256,139.7586207,144,19.47528084,198.2413793,205,52.31183368,0,0,0,29
not building,/content/CompositeTiles/Composite tiles24.TIF,257,126.3538462,127,10.52824884,134.9230769,112,50.47202049,0,0,0,65
not building,/content/CompositeTiles/Composite tiles24.TIF,258,108.0228389,105,17.38360625,254.8604134,255,2.271778203,0,0,0,36429
not building,/content/CompositeTiles/Composite tiles24.TIF,259,116.708502,116,8.996853284,140.965587,112,68.03006621,0,0,0,494
building,/content/CompositeTiles/Composite tiles24.TIF,260,87,76.5,21.90649988,177.6842105,169,20.43102036,0,0,0,38
not building,/content/CompositeTiles/Composite tiles24.TIF,261,140.4594595,144,17.81374294,180.3783784,172,47.36537186,0,0,0,37
not building,/content/CompositeTiles/Composite tiles24.TIF,262,152.0989011,156,19.38905035,166.9120879,157,52.98530759,0,0,0,91
building,/content/CompositeTiles/Composite tiles24.TIF,263,74.80434783,71.5,12.84543493,126.8913043,122.5,17.80477252,0,0,0,92
building,/content/CompositeTiles/Composite tiles24.TIF,264,82.42857143,73,22.33967825,168.8571429,162,26.42586859,0,0,0,49
not building,/content/CompositeTiles/Composite tiles24.TIF,265,130.625,143.5,26.41308467,180.0416667,163,44.00234763,0,0,0,24
not building,/content/CompositeTiles/Composite tiles24.TIF,266,72.34482759,67,12.54859756,171.4827586,163,25.52837595,0,0,0,29
not building,/content/CompositeTiles/Composite tiles24.TIF,267,116.2981928,115,9.532676667,134.9216867,107,65.54824315,0,0,0,332
not building,/content/CompositeTiles/Composite tiles24.TIF,268,167.8333333,168.5,9.494150246,186,181.5,43.37510807,0,0,0,30
not building,/content/CompositeTiles/Composite tiles24.TIF,269,102.6038287,100,32.49637625,229.9613878,255,48.17639774,0,0,0,239510
not building,/content/CompositeTiles/Composite tiles24.TIF,270,138.7108434,142,20.81677389,77.10843373,64,33.63052688,0,0,0,83
building,/content/CompositeTiles/Composite tiles24.TIF,271,68.11827957,68,1.605430719,167.8387097,165,22.48502026,0,0,0,93
building,/content/CompositeTiles/Composite tiles24.TIF,272,77.95945946,73,15.22483674,132.0675676,128.5,19.80467532,0,0,0,74
building,/content/CompositeTiles/Composite tiles24.TIF,273,74.38461538,70,10.93313266,118.0549451,106,34.57349637,0,0,0,91
building,/content/CompositeTiles/Composite tiles24.TIF,274,71.16483516,69,5.366284114,130.0659341,122,27.94020389,0,0,0,91
building,/content/CompositeTiles/Composite tiles24.TIF,275,68.87640449,68,3.22845573,154.9101124,152,27.00130686,0,0,0,89
building,/content/CompositeTiles/Composite tiles24.TIF,276,73.6025641,73,4.315564388,127.0128205,112,35.27855948,0,0,0,78
building,/content/CompositeTiles/Composite tiles24.TIF,277,69.07575758,69,3.811110576,144.7424242,134.5,27.50719498,0,0,0,66
building,/content/CompositeTiles/Composite tiles24.TIF,278,72.703125,70,12.37522688,179.15625,175.5,18.92354581,0,0,0,64
not building,/content/CompositeTiles/Composite tiles24.TIF,279,106.6677252,105,34.58996267,211.5877598,255,53.40939891,0,0,0,3464
building,/content/CompositeTiles/Composite tiles24.TIF,280,67.02173913,67,3.881332864,149.6521739,145.5,15.40499268,0,0,0,46
building,/content/CompositeTiles/Composite tiles24.TIF,281,76.17391304,69,14.32840143,133.057971,123,32.82800327,0,0,0,69
not building,/content/CompositeTiles/Composite tiles24.TIF,282,154.6219512,160.5,14.68252673,184.0121951,179,57.01229947,0,0,0,82
building,/content/CompositeTiles/Composite tiles24.TIF,283,68.17647059,67.5,1.977380743,161.0294118,156.5,17.31963404,0,0,0,34
building,/content/CompositeTiles/Composite tiles24.TIF,284,81.16949153,73,21.23249232,117.5762712,114,18.91121395,0,0,0,59
building,/content/CompositeTiles/Composite tiles24.TIF,285,72.56410256,73,4.204971855,194.1282051,189,12.25619569,0,0,0,39
not building,/content/CompositeTiles/Composite tiles24.TIF,286,163.5636364,159,12.84419025,71.67272727,53,47.42000136,0,0,0,55
building,/content/CompositeTiles/Composite tiles24.TIF,287,69.29411765,68,4.482183106,202.9705882,203.5,14.93414031,0,0,0,34
not building,/content/CompositeTiles/Composite tiles24.TIF,288,152.3714286,155,15.87826136,196.1428571,192,50.45515285,0,0,0,35
building,/content/CompositeTiles/Composite tiles25.TIF,0,64.05113636,62,5.395989553,139.5568182,134.5,24.23622287,0,0,0,176
building,/content/CompositeTiles/Composite tiles25.TIF,1,71.74038462,71,2.821603446,143.4038462,138.5,23.08909134,0,0,0,104
building,/content/CompositeTiles/Composite tiles25.TIF,2,70.32738095,68,11.08328698,139.2321429,136,26.49213118,0,0,0,168
building,/content/CompositeTiles/Composite tiles25.TIF,3,72.25,72,3.506217421,157.8787879,154,18.88964375,0,0,0,132
building,/content/CompositeTiles/Composite tiles25.TIF,4,67.83233533,67,4.244972644,139.0898204,135,19.80951998,0,0,0,167
building,/content/CompositeTiles/Composite tiles25.TIF,5,70.64963504,69,6.163929973,151.3357664,145,25.30089793,0,0,0,137
building,/content/CompositeTiles/Composite tiles25.TIF,6,73.26589595,71,5.824886208,135.1213873,129,24.7241955,0,0,0,173
building,/content/CompositeTiles/Composite tiles25.TIF,7,69.68085106,69,2.783739892,138.3758865,137,14.75787517,0,0,0,141
building,/content/CompositeTiles/Composite tiles25.TIF,8,73.83333333,71,9.033967738,133.6929825,128,22.92096535,0,0,0,114
building,/content/CompositeTiles/Composite tiles25.TIF,9,66.73333333,66,6.204478669,147.2666667,145,17.9330855,0,0,0,180
building,/content/CompositeTiles/Composite tiles25.TIF,10,72,70,7.088398886,138.7300613,137,14.50494367,0,0,0,163
building,/content/CompositeTiles/Composite tiles25.TIF,11,71.50588235,71,2.776470588,151.8411765,150,16.08995152,0,0,0,170
building,/content/CompositeTiles/Composite tiles25.TIF,12,70.20422535,69,4.132554938,132.0704225,127,18.81213569,0,0,0,142
building,/content/CompositeTiles/Composite tiles25.TIF,13,69.225,68.5,2.997811702,143.04375,137.5,23.3942693,0,0,0,160
building,/content/CompositeTiles/Composite tiles25.TIF,14,70.3125,69,2.745877592,159.56875,156,19.9645379,0,0,0,160
building,/content/CompositeTiles/Composite tiles25.TIF,15,68.83846154,68,6.392067014,130.6230769,126.5,26.40782675,0,0,0,130
building,/content/CompositeTiles/Composite tiles25.TIF,16,70.79090909,70,2.889150408,160.1454545,156.5,23.26637697,0,0,0,110
building,/content/CompositeTiles/Composite tiles25.TIF,17,73.53020134,72,5.377753138,139.6845638,142,28.31393691,0,0,0,149
building,/content/CompositeTiles/Composite tiles25.TIF,18,72.47321429,71,5.028418918,144.2946429,139,26.84932774,0,0,0,112
building,/content/CompositeTiles/Composite tiles25.TIF,19,75.86956522,73,12.07478273,119.9826087,112,25.17451527,0,0,0,115
building,/content/CompositeTiles/Composite tiles25.TIF,20,71.016,70,9.839499174,164.072,163,23.73930951,0,0,0,125
building,/content/CompositeTiles/Composite tiles25.TIF,21,73.3836478,72,6.489273919,154.8490566,149,27.33698135,0,0,0,159
building,/content/CompositeTiles/Composite tiles25.TIF,22,69.93121693,69,6.71652224,162.1481481,162,25.64798865,0,0,0,189
not building,/content/CompositeTiles/Composite tiles25.TIF,23,133.5601375,131,18.77994265,239.4914089,255,33.64902375,0,0,0,291
building,/content/CompositeTiles/Composite tiles25.TIF,24,72.9015544,72,4.146994376,158.8497409,155,25.64005958,0,0,0,193
building,/content/CompositeTiles/Composite tiles25.TIF,25,70.3964497,70,2.876591785,157.6094675,153,20.28294309,0,0,0,169
not building,/content/CompositeTiles/Composite tiles25.TIF,26,128.9059829,137,21.3557506,146.8034188,138,29.07380509,0,0,0,117
building,/content/CompositeTiles/Composite tiles25.TIF,27,85.91612903,80,17.34282592,145.3354839,135,27.61889896,0,0,0,155
building,/content/CompositeTiles/Composite tiles25.TIF,28,74.23178808,72,6.092492078,162.6092715,157,29.57333986,0,0,0,151
not building,/content/CompositeTiles/Composite tiles25.TIF,29,130.7967914,133,14.36653086,239.3368984,255,25.13682083,0,0,0,187
building,/content/CompositeTiles/Composite tiles25.TIF,30,68.09459459,66,6.631556254,157.4369369,155,24.76653303,0,0,0,222
building,/content/CompositeTiles/Composite tiles25.TIF,31,71.62318841,71,1.881268839,148.615942,137,31.67047783,0,0,0,138
building,/content/CompositeTiles/Composite tiles25.TIF,32,72.47590361,72,4.637071426,165.3072289,163,22.07617307,0,0,0,166
building,/content/CompositeTiles/Composite tiles25.TIF,33,71.86065574,71,3.511843133,143.8934426,141,15.79676631,0,0,0,122
building,/content/CompositeTiles/Composite tiles25.TIF,34,71.48780488,70,4.894606047,135.0813008,125,35.32326751,0,0,0,123
not building,/content/CompositeTiles/Composite tiles25.TIF,35,135.4765957,138,12.46657169,234.8893617,255,28.3111228,0,0,0,235
building,/content/CompositeTiles/Composite tiles25.TIF,36,72.24822695,71,3.923300153,144.7375887,141,17.53523116,0,0,0,141
not building,/content/CompositeTiles/Composite tiles25.TIF,37,156.2365269,156,8.978069483,113.8443114,97,56.5521831,0,0,0,334
building,/content/CompositeTiles/Composite tiles25.TIF,38,73.37677054,70,12.24685767,143.611898,135,36.81666661,0,0,0,353
not building,/content/CompositeTiles/Composite tiles25.TIF,39,113.5061728,120,25.34289462,115.4814815,110,19.94629277,0,0,0,162
building,/content/CompositeTiles/Composite tiles25.TIF,40,74.44886364,71,10.40856831,136.2272727,128,37.73825141,0,0,0,176
not building,/content/CompositeTiles/Composite tiles25.TIF,41,129.7984791,134,19.14268213,252.5589354,255,9.426690628,0,0,0,263
building,/content/CompositeTiles/Composite tiles25.TIF,42,66.75425791,64,8.828479139,147.7493917,142,26.09039066,0,0,0,411
building,/content/CompositeTiles/Composite tiles25.TIF,43,71.59752322,70,7.446335982,140.9102167,134,28.15879322,0,0,0,323
not building,/content/CompositeTiles/Composite tiles25.TIF,44,115.9521127,115,9.467280335,254.9529343,255,1.113938928,0,0,0,8520
not building,/content/CompositeTiles/Composite tiles25.TIF,45,138.9671362,139,11.19791437,96.87323944,84,34.67133258,0,0,0,213
building,/content/CompositeTiles/Composite tiles25.TIF,46,70.62032086,69,5.867540904,154.3582888,150,25.16204113,0,0,0,187
building,/content/CompositeTiles/Composite tiles25.TIF,47,68.84939759,67,5.225767333,154.2108434,148,24.23052199,0,0,0,166
building,/content/CompositeTiles/Composite tiles25.TIF,48,73.23880597,71,8.78956225,140.2761194,136,18.86297479,0,0,0,134
building,/content/CompositeTiles/Composite tiles25.TIF,49,70.13362069,69,4.656686775,153.0172414,149,25.61989487,0,0,0,232
building,/content/CompositeTiles/Composite tiles25.TIF,50,72.54368932,71,4.868716661,136.6504854,132,24.12576624,0,0,0,103
building,/content/CompositeTiles/Composite tiles25.TIF,51,70.97986577,68,7.986960681,155.5838926,149,22.55674446,0,0,0,149
building,/content/CompositeTiles/Composite tiles25.TIF,52,71.10606061,68,6.816784369,145.2474747,141,25.11879591,0,0,0,198
building,/content/CompositeTiles/Composite tiles25.TIF,53,69.02212389,68,2.900174987,140.4115044,134,27.43122777,0,0,0,226
building,/content/CompositeTiles/Composite tiles25.TIF,54,67.96756757,66,10.01722986,157.2216216,152,23.73341965,0,0,0,185
building,/content/CompositeTiles/Composite tiles25.TIF,55,68.05806452,67,6.323778688,168.6903226,166,18.84557542,0,0,0,155
building,/content/CompositeTiles/Composite tiles25.TIF,56,70.88271605,69,5.466379625,138.0679012,134,17.81805387,0,0,0,162
building,/content/CompositeTiles/Composite tiles25.TIF,57,71.14479638,69,7.663560871,148.1764706,147,22.02406311,0,0,0,221
building,/content/CompositeTiles/Composite tiles25.TIF,58,70,68,5.830951895,150.7678571,145,22.28547819,0,0,0,168
building,/content/CompositeTiles/Composite tiles25.TIF,59,58.07563025,58,2.663666721,159.0420168,153,19.36834243,0,0,0,119
building,/content/CompositeTiles/Composite tiles25.TIF,60,70.04790419,69,2.478188404,175.239521,172,20.64475969,0,0,0,167
building,/content/CompositeTiles/Composite tiles25.TIF,61,72.46540881,72,3.002681976,167.0314465,164,21.84491403,0,0,0,159
not building,/content/CompositeTiles/Composite tiles25.TIF,62,122.7769231,126,23.10270227,108.4076923,91.5,47.58057072,0,0,0,260
not building,/content/CompositeTiles/Composite tiles25.TIF,63,135.2819383,134,15.08857197,130.1453744,116,62.82063841,0,0,0,227
building,/content/CompositeTiles/Composite tiles25.TIF,64,70.61333333,70,2.913844349,145.38,144,14.75609253,0,0,0,150
building,/content/CompositeTiles/Composite tiles25.TIF,65,69.5,68,3.39833802,160.3506494,154.5,27.22001089,0,0,0,154
building,/content/CompositeTiles/Composite tiles25.TIF,66,65.82178218,63,6.869931672,154.4158416,151,17.6021867,0,0,0,202
building,/content/CompositeTiles/Composite tiles25.TIF,67,65.56470588,64,4.320803462,143.6294118,139,24.26225014,0,0,0,170
building,/content/CompositeTiles/Composite tiles25.TIF,68,69.91530055,69,7.20397096,173.8196721,166,32.26555195,0,0,0,366
not building,/content/CompositeTiles/Composite tiles25.TIF,69,133.7464387,131,24.74787009,138.7549858,127,55.76489437,0,0,0,351
not building,/content/CompositeTiles/Composite tiles25.TIF,70,137.3313131,135,23.82697159,153.1858586,142,60.5432461,0,0,0,495
not building,/content/CompositeTiles/Composite tiles25.TIF,71,111.0125786,106,14.74009098,183.2075472,177,26.39374699,0,0,0,159
building,/content/CompositeTiles/Composite tiles25.TIF,72,74.3875,71,10.47516159,175.3708333,171,35.97418031,0,0,0,240
not building,/content/CompositeTiles/Composite tiles25.TIF,73,131.9495798,135,15.25241336,196.6386555,195,45.47244638,0,0,0,119
not building,/content/CompositeTiles/Composite tiles25.TIF,74,96.91970803,79,31.28770622,180.6861314,186,39.23441656,0,0,0,137
building,/content/CompositeTiles/Composite tiles25.TIF,75,72.63888889,70,9.174701866,175.7722222,171,24.57592104,0,0,0,180
building,/content/CompositeTiles/Composite tiles25.TIF,76,66.29268293,65,7.461262243,199.3495935,198,19.0625772,0,0,0,123
building,/content/CompositeTiles/Composite tiles25.TIF,77,74.33333333,72.5,6.310631828,131.9675926,125,28.56739701,0,0,0,216
building,/content/CompositeTiles/Composite tiles25.TIF,78,68.50980392,67,7.505220533,126,120,29.15475947,0,0,0,153
not building,/content/CompositeTiles/Composite tiles25.TIF,79,3.752458556,0,23.08997462,0.311744872,0,4.809977778,0,0,0,7118
building,/content/CompositeTiles/Composite tiles25.TIF,80,70.96491228,69,7.147481245,127.4473684,122,21.15630722,0,0,0,228
building,/content/CompositeTiles/Composite tiles25.TIF,81,74.12621359,71,10.00260123,114.3203883,106,24.95674456,0,0,0,103
building,/content/CompositeTiles/Composite tiles25.TIF,82,72.4379562,70,5.205080777,163.7226277,161,24.78454013,0,0,0,137
not building,/content/CompositeTiles/Composite tiles25.TIF,83,145.261215,150,29.28965066,174.1121495,199,83.98899317,0,0,0,2140
building,/content/CompositeTiles/Composite tiles25.TIF,84,70.07120743,69,5.033436875,142.2043344,135,28.98449003,0,0,0,323
not building,/content/CompositeTiles/Composite tiles25.TIF,85,9.580310881,0,36.59362364,0.474093264,0,1.809761193,0,0,0,386
building,/content/CompositeTiles/Composite tiles25.TIF,86,97.49429658,76,31.05519075,141.6768061,138,27.36039772,0,0,0,263
building,/content/CompositeTiles/Composite tiles25.TIF,87,66.22580645,63,9.993900325,141.6064516,136,25.56875532,0,0,0,155
building,/content/CompositeTiles/Composite tiles25.TIF,88,71.83856502,71,4.772956488,165.103139,162,20.07012681,0,0,0,223
building,/content/CompositeTiles/Composite tiles25.TIF,89,72.32432432,69,8.760378678,157.6409266,154,19.66177388,0,0,0,259
building,/content/CompositeTiles/Composite tiles25.TIF,90,71.22374429,70,3.778113207,154.2876712,152,17.83241068,0,0,0,219
building,/content/CompositeTiles/Composite tiles25.TIF,91,71.68656716,70,3.946314945,112.8208955,109,20.21077397,0,0,0,134
building,/content/CompositeTiles/Composite tiles25.TIF,92,71.30921053,70,3.868281192,133.7960526,130,28.1818201,0,0,0,152
building,/content/CompositeTiles/Composite tiles25.TIF,93,69.56756757,69,2.869132466,133.8716216,128.5,20.11026375,0,0,0,148
not building,/content/CompositeTiles/Composite tiles25.TIF,94,102.8755407,108,37.95375213,218.7289345,255,65.06342918,0,0,0,200660
building,/content/CompositeTiles/Composite tiles25.TIF,95,255,255,0,255,255,0,255,255,0,42179
building,/content/CompositeTiles/Composite tiles25.TIF,96,255,255,0,255,255,0,255,255,0,17370
building,/content/CompositeTiles/Composite tiles25.TIF,97,73.09274194,70,9.377578556,130.8185484,122,26.20674891,0,0,0,248
building,/content/CompositeTiles/Composite tiles25.TIF,98,73.728,69,12.6056343,126.616,121,22.73351148,0,0,0,125
building,/content/CompositeTiles/Composite tiles25.TIF,99,69.02097902,68,2.529458693,144.2167832,141,18.23128022,0,0,0,143
building,/content/CompositeTiles/Composite tiles25.TIF,100,65.63815789,65,3.899307196,148.3552632,146,17.85887952,0,0,0,152
building,/content/CompositeTiles/Composite tiles25.TIF,101,71.66013072,69,6.107065873,128.9477124,117,36.12954015,0,0,0,153
building,/content/CompositeTiles/Composite tiles25.TIF,102,70.58385093,70,3.280961468,151.068323,147,23.48572296,0,0,0,161
building,/content/CompositeTiles/Composite tiles25.TIF,103,72.21107266,69,7.630326619,121.8892734,113,28.43145443,0,0,0,289
building,/content/CompositeTiles/Composite tiles25.TIF,104,75.17283951,72,10.38730246,136.1604938,129,31.44756827,0,0,0,162
building,/content/CompositeTiles/Composite tiles25.TIF,105,69.07317073,68,3.29614392,126.7560976,119,28.46173911,0,0,0,123
building,/content/CompositeTiles/Composite tiles25.TIF,106,74.32679739,73,5.270252025,170.0326797,166,23.45219538,0,0,0,153
building,/content/CompositeTiles/Composite tiles25.TIF,107,68.97790055,69,3.494203252,144.0773481,140,22.91865475,0,0,0,181
building,/content/CompositeTiles/Composite tiles25.TIF,108,62.2815534,61,4.204522474,158.3349515,154,22.72587682,0,0,0,206
building,/content/CompositeTiles/Composite tiles25.TIF,109,70.58823529,70,4.065932524,156.7647059,154,22.15267516,0,0,0,221
building,/content/CompositeTiles/Composite tiles25.TIF,110,71.4673913,70,7.513684743,157.4021739,147.5,32.90254377,0,0,0,184
building,/content/CompositeTiles/Composite tiles25.TIF,111,74.32075472,72,8.451356004,154.8113208,148,26.58205992,0,0,0,159
building,/content/CompositeTiles/Composite tiles25.TIF,112,78.68396226,76,11.15199988,150.8349057,145,25.69259692,0,0,0,212
building,/content/CompositeTiles/Composite tiles25.TIF,113,72.51445087,71,5.455661467,161.4971098,161,25.09188301,0,0,0,173
building,/content/CompositeTiles/Composite tiles25.TIF,114,66.53846154,62,11.37213453,142.0336538,136,23.73114276,0,0,0,208
building,/content/CompositeTiles/Composite tiles25.TIF,115,67.36708861,65,7.573566983,147.9620253,142.5,23.14152552,0,0,0,158
building,/content/CompositeTiles/Composite tiles25.TIF,116,71.52046784,70,5.835302105,157.3274854,154,20.49670646,0,0,0,171
building,/content/CompositeTiles/Composite tiles25.TIF,117,71.93491124,70,5.557810232,169.1065089,170,24.62596922,0,0,0,169
building,/content/CompositeTiles/Composite tiles25.TIF,118,63.50454545,63,3.187329642,166.6090909,162,22.07182303,0,0,0,220
not building,/content/CompositeTiles/Composite tiles25.TIF,119,86.53327987,76,21.71330969,212.563753,222,44.7968835,0,0,0,1247
building,/content/CompositeTiles/Composite tiles25.TIF,120,72.57009346,70,6.521154862,126.0093458,122,18.34482551,0,0,0,107
building,/content/CompositeTiles/Composite tiles25.TIF,121,70.12883436,70,3.616844096,160.7239264,159,22.90639484,0,0,0,163
building,/content/CompositeTiles/Composite tiles25.TIF,122,70.3255814,69,3.813811682,155.1860465,151,23.74482153,0,0,0,215
building,/content/CompositeTiles/Composite tiles25.TIF,123,73.625,71,6.078541002,150.2857143,146.5,24.10076635,0,0,0,112
building,/content/CompositeTiles/Composite tiles25.TIF,124,74.3,71,12.98569143,133.6363636,128.5,31.9171448,0,0,0,110
not building,/content/CompositeTiles/Composite tiles25.TIF,125,22.25862069,0,52.43528371,7.224137931,0,33.31564979,0,0,0,464
not building,/content/CompositeTiles/Composite tiles25.TIF,126,128.1214286,131,15.23176561,95.74285714,74.5,52.62038869,0,0,0,140
building,/content/CompositeTiles/Composite tiles25.TIF,127,72.75806452,71,6.689388525,132.9274194,126,24.21282431,0,0,0,124
building,/content/CompositeTiles/Composite tiles25.TIF,128,70.75,70,3.547886695,150.3375,146,20.01589603,0,0,0,160
building,/content/CompositeTiles/Composite tiles25.TIF,129,76.48648649,72,8.651266496,152.6666667,149,23.65721166,0,0,0,111
building,/content/CompositeTiles/Composite tiles25.TIF,130,72.87939698,71,9.496126036,129.9095477,125,22.17930266,0,0,0,199
building,/content/CompositeTiles/Composite tiles25.TIF,131,72.05172414,70,5.480652744,160.1436782,153,31.41284312,0,0,0,174
building,/content/CompositeTiles/Composite tiles25.TIF,132,69.21774194,68,6.25346418,121.7983871,113.5,25.90459538,0,0,0,124
building,/content/CompositeTiles/Composite tiles25.TIF,133,75.02678571,69,16.91547254,149.6875,142.5,25.85814021,0,0,0,112
building,/content/CompositeTiles/Composite tiles25.TIF,134,75.79166667,71,13.11036221,137.2583333,129,28.34386936,0,0,0,120
building,/content/CompositeTiles/Composite tiles25.TIF,135,67.79411765,67,5.867554916,140.25,135,24.07883804,0,0,0,136
building,/content/CompositeTiles/Composite tiles25.TIF,136,71.68421053,69,4.433923263,184.7142857,182,13.8588868,0,0,0,133
building,/content/CompositeTiles/Composite tiles25.TIF,137,70.49122807,70,2.989980189,159.1578947,157,19.17520585,0,0,0,171
building,/content/CompositeTiles/Composite tiles25.TIF,138,70.34666667,68,4.433187968,188.7933333,186,15.43990357,0,0,0,150
building,/content/CompositeTiles/Composite tiles25.TIF,139,70.01395349,67,9.871490107,170.2325581,164,27.28696529,0,0,0,215
building,/content/CompositeTiles/Composite tiles25.TIF,140,72.28494624,71,4.616414059,150.3763441,144,24.98662609,0,0,0,186
building,/content/CompositeTiles/Composite tiles25.TIF,141,74.50641026,71,13.3462262,151.4358974,144,24.85268893,0,0,0,156
not building,/content/CompositeTiles/Composite tiles25.TIF,142,134.3743316,137,13.86485512,105.4652406,83.5,54.80585687,0,0,0,374
building,/content/CompositeTiles/Composite tiles25.TIF,143,72.01626016,71,5.520079739,159.1056911,156,34.71611069,0,0,0,246
not building,/content/CompositeTiles/Composite tiles25.TIF,144,147.2,147,7.308214556,193.28125,198,55.95502344,0,0,0,160
building,/content/CompositeTiles/Composite tiles25.TIF,145,71.42222222,71,2.631621572,164.8444444,160,24.08007219,0,0,0,135
not building,/content/CompositeTiles/Composite tiles25.TIF,146,106.3436735,110,29.09514741,225.8579592,255,46.01605119,0,0,0,1225
building,/content/CompositeTiles/Composite tiles25.TIF,147,65.68072289,65,3.780162482,191.6566265,192.5,23.95973376,0,0,0,166
not building,/content/CompositeTiles/Composite tiles25.TIF,148,99.38255034,97,30.19902601,112.1744966,106,34.00172351,0,0,0,149
building,/content/CompositeTiles/Composite tiles25.TIF,149,69.50632911,69,2.836798952,170.3734177,166.5,26.53168256,0,0,0,158
building,/content/CompositeTiles/Composite tiles25.TIF,150,71.05882353,69,5.060077364,129.1960784,117.5,37.80627586,0,0,0,102
building,/content/CompositeTiles/Composite tiles25.TIF,151,77.3359375,71,18.22998789,161.2421875,156,23.66159404,0,0,0,128
not building,/content/CompositeTiles/Composite tiles25.TIF,152,141.1879195,141,9.70599284,101.261745,84,41.99319152,0,0,0,149
building,/content/CompositeTiles/Composite tiles25.TIF,153,70.36752137,68,5.641873803,158.3376068,149,30.18336619,0,0,0,234
building,/content/CompositeTiles/Composite tiles25.TIF,154,79.23333333,74,14.12133925,153.6833333,149.5,28.23826698,0,0,0,120
building,/content/CompositeTiles/Composite tiles25.TIF,155,71.00526316,70,5.87008237,160.4578947,152.5,32.96993552,0,0,0,190
building,/content/CompositeTiles/Composite tiles25.TIF,156,71.1547619,70,4.689131424,155.2291667,152,22.57957846,0,0,0,336
building,/content/CompositeTiles/Composite tiles25.TIF,157,77.32278481,74,14.66558401,152.7721519,148,26.14828666,0,0,0,158
not building,/content/CompositeTiles/Composite tiles25.TIF,158,95.22053872,78,29.10442448,215.3383838,255,53.07990585,0,0,0,594
building,/content/CompositeTiles/Composite tiles25.TIF,159,68.20192308,67,4.227610272,210.75,207,12.49903842,0,0,0,104
building,/content/CompositeTiles/Composite tiles25.TIF,160,73,71,14.54915973,158.7317073,148,34.31292467,0,0,0,205
building,/content/CompositeTiles/Composite tiles25.TIF,161,72.61464968,71,6.559471348,135.933121,126,32.39267411,0,0,0,314
building,/content/CompositeTiles/Composite tiles25.TIF,162,71.36666667,70,8.794821709,176.8166667,163.5,44.97369293,0,0,0,240
building,/content/CompositeTiles/Composite tiles25.TIF,163,76.46706587,72,11.28869098,143.4790419,130,34.08018694,0,0,0,167
building,/content/CompositeTiles/Composite tiles25.TIF,164,78.58686441,71,22.04590927,156.5148305,146,42.57908634,0,0,0,472
building,/content/CompositeTiles/Composite tiles25.TIF,165,66.30496454,65,4.425816048,148.1702128,144,23.75912141,0,0,0,141
not building,/content/CompositeTiles/Composite tiles25.TIF,166,71.98287671,71,8.321229325,247.5616438,255,19.10048146,0,0,0,292
building,/content/CompositeTiles/Composite tiles25.TIF,167,84.87586207,82,12.24287703,127.4482759,108,43.09379202,0,0,0,145
not building,/content/CompositeTiles/Composite tiles25.TIF,168,134.7047619,139,21.4342511,200.5619048,216,55.29348947,0,0,0,210
building,/content/CompositeTiles/Composite tiles25.TIF,169,72.5443038,68,10.60068957,117.3924051,112,22.24456567,0,0,0,79
not building,/content/CompositeTiles/Composite tiles25.TIF,170,148.8307692,154,17.18099955,194.4461538,187,46.48077544,0,0,0,65
not building,/content/CompositeTiles/Composite tiles25.TIF,171,98.97101449,95,18.01929,132.2173913,122,29.31135684,0,0,0,69
building,/content/CompositeTiles/Composite tiles25.TIF,172,76.82758621,78,3.173912689,184.1724138,178,16.58014801,0,0,0,29
not building,/content/CompositeTiles/Composite tiles25.TIF,173,127.7317073,130,13.34993266,142.195122,133.5,50.3898071,0,0,0,82
not building,/content/CompositeTiles/Composite tiles25.TIF,174,94.61643836,95,24.84065941,155.5205479,146,33.16009716,0,0,0,73
not building,/content/CompositeTiles/Composite tiles25.TIF,175,113.8214286,115,27.35161731,185.8392857,184,26.09992938,0,0,0,56
not building,/content/CompositeTiles/Composite tiles25.TIF,176,87.87755102,75,20.28735673,174.1632653,159,41.56398899,0,0,0,49
not building,/content/CompositeTiles/Composite tiles25.TIF,177,128.375,140.5,24.39998719,176.1875,169.5,29.49410693,0,0,0,16
building,/content/CompositeTiles/Composite tiles25.TIF,178,71.10309278,69,7.957988318,132.1752577,130,22.61694024,0,0,0,97
building,/content/CompositeTiles/Composite tiles25.TIF,179,74.56140351,71,7.564964359,158.4385965,157,24.02558398,0,0,0,57
not building,/content/CompositeTiles/Composite tiles25.TIF,180,133.8088235,136,12.17187857,92.41176471,85.5,21.84856658,0,0,0,68
not building,/content/CompositeTiles/Composite tiles25.TIF,181,120.8181818,125,18.39517672,141.012987,118,56.04601391,0,0,0,77
building,/content/CompositeTiles/Composite tiles25.TIF,182,79.6875,73.5,15.37876817,185.5,191,27.89414514,0,0,0,96
not building,/content/CompositeTiles/Composite tiles25.TIF,183,107.7752809,110,15.35991632,143.3483146,131,58.60131937,0,0,0,89
not building,/content/CompositeTiles/Composite tiles25.TIF,184,70.04545455,69,4.562468159,183.7954545,181,18.59689557,0,0,0,44
not building,/content/CompositeTiles/Composite tiles25.TIF,185,133.6849315,137,14.56574769,136.7671233,126,29.64517127,0,0,0,73
not building,/content/CompositeTiles/Composite tiles25.TIF,186,74.52631579,66,17.01815879,195.5789474,192,9.821114684,0,0,0,19
not building,/content/CompositeTiles/Composite tiles25.TIF,187,69.84090909,69,3.843194586,205.2045455,199,16.19985907,0,0,0,44
not building,/content/CompositeTiles/Composite tiles25.TIF,188,124.905714,119,23.64102643,247.6020959,255,28.08870297,0,0,0,35212
not building,/content/CompositeTiles/Composite tiles25.TIF,189,66.60227273,65,7.240259558,157.5795455,153,27.94545076,0,0,0,88
not building,/content/CompositeTiles/Composite tiles25.TIF,190,144.3636364,148,12.48324497,125.3636364,115,43.7876544,0,0,0,55
not building,/content/CompositeTiles/Composite tiles25.TIF,191,142.4933149,144,10.10475681,254.2148456,255,8.296151684,0,0,0,2169
not building,/content/CompositeTiles/Composite tiles25.TIF,192,122.0588235,132,21.64817772,133.0882353,119.5,44.15438666,0,0,0,34
not building,/content/CompositeTiles/Composite tiles25.TIF,193,110.6315789,110,12.33079383,93.42105263,85,34.48770306,0,0,0,76
not building,/content/CompositeTiles/Composite tiles25.TIF,194,124.3793103,127,13.58349352,157.4482759,158,25.21026913,0,0,0,29
building,/content/CompositeTiles/Composite tiles25.TIF,195,70.97183099,69,5.775060102,136.1690141,130,30.61159953,0,0,0,71
not building,/content/CompositeTiles/Composite tiles25.TIF,196,101.3212598,92,31.71224402,219.9775028,255,49.84597141,0,0,0,4445
not building,/content/CompositeTiles/Composite tiles25.TIF,197,98.40174672,80,34.97991895,239.9213974,255,30.86860125,0,0,0,2977
building,/content/CompositeTiles/Composite tiles25.TIF,198,75.56521739,70,17.34578282,131.5434783,119.5,33.97454707,0,0,0,92
not building,/content/CompositeTiles/Composite tiles25.TIF,199,129.7142857,138,29.90993283,101.5142857,85,36.17368533,0,0,0,35
building,/content/CompositeTiles/Composite tiles25.TIF,200,72.5625,70,7.905447094,142.7395833,125,36.93526003,0,0,0,96
building,/content/CompositeTiles/Composite tiles25.TIF,201,73.54117647,72,7.101868754,145.0352941,132,31.11513612,0,0,0,85
not building,/content/CompositeTiles/Composite tiles25.TIF,202,139.4814815,145,16.03014992,140.8024691,135,40.79833565,0,0,0,81
building,/content/CompositeTiles/Composite tiles25.TIF,203,85.3,77.5,19.40300664,156.9666667,151,19.26392714,0,0,0,30
not building,/content/CompositeTiles/Composite tiles25.TIF,204,143.8101266,145,10.43130142,165.7721519,156,30.99650832,0,0,0,79
not building,/content/CompositeTiles/Composite tiles25.TIF,205,147.1229508,146,9.394433187,148.2786885,128,55.9149328,0,0,0,122
building,/content/CompositeTiles/Composite tiles25.TIF,206,64.70769231,63,5.419971833,200.9384615,180,43.02910533,0,0,0,65
not building,/content/CompositeTiles/Composite tiles25.TIF,207,138.2808989,140,13.83935827,156.9325843,149,47.16378294,0,0,0,89
not building,/content/CompositeTiles/Composite tiles25.TIF,208,159.7236842,158,7.503680999,194.2105263,193,45.60768512,0,0,0,76
not building,/content/CompositeTiles/Composite tiles27.TIF,0,93.89018157,93,5.180565016,253.3740447,255,6.528784164,0,0,0,20543
not building,/content/CompositeTiles/Composite tiles27.TIF,1,164.6962963,165,14.21750308,141.5185185,118,66.76369071,0,0,0,135
not building,/content/CompositeTiles/Composite tiles27.TIF,2,146.1433824,145,11.61569173,158.4779412,148.5,66.10947548,0,0,0,272
not building,/content/CompositeTiles/Composite tiles27.TIF,3,91.59835052,90,5.936391121,254.9868041,255,0.649687548,0,0,0,2425
not building,/content/CompositeTiles/Composite tiles27.TIF,4,143.7677279,144,13.18351053,138.9963821,120.5,70.10640549,0,0,0,1382
not building,/content/CompositeTiles/Composite tiles27.TIF,5,138.9663866,140,9.877342525,151.4621849,131,57.76143197,0,0,0,119
not building,/content/CompositeTiles/Composite tiles27.TIF,6,163.7171946,164,2.977916199,243.8472851,248,12.10868875,0,0,0,884
not building,/content/CompositeTiles/Composite tiles27.TIF,7,149,150,8.92908208,147.4977376,131,54.02510096,0,0,0,221
not building,/content/CompositeTiles/Composite tiles27.TIF,8,166.2380952,166,12.92046045,139.8170426,116,74.35975082,0,0,0,399
not building,/content/CompositeTiles/Composite tiles27.TIF,9,101.835443,94,17.91972045,244.3755274,251,14.14505595,0,0,0,237
not building,/content/CompositeTiles/Composite tiles27.TIF,10,153.0234043,151,9.599727673,132.7829787,116,60.59906368,0,0,0,470
not building,/content/CompositeTiles/Composite tiles27.TIF,11,100.6888889,93,26.62356702,251.5166667,255,9.815789434,0,0,0,180
not building,/content/CompositeTiles/Composite tiles27.TIF,12,90.75684211,90,3.88611977,240.6305263,244,14.51689813,0,0,0,950
not building,/content/CompositeTiles/Composite tiles27.TIF,13,159.8676471,159,10.77747889,132.2058824,120,53.54013306,0,0,0,204
not building,/content/CompositeTiles/Composite tiles27.TIF,14,55.14468085,0,68.06152038,27.9787234,0,74.91029795,0,0,0,235
not building,/content/CompositeTiles/Composite tiles27.TIF,15,111.245283,110,14.4549145,255,255,0,0,0,0,424
not building,/content/CompositeTiles/Composite tiles27.TIF,16,142.8140704,140,12.27657012,145.3869347,119,73.81278797,0,0,0,199
not building,/content/CompositeTiles/Composite tiles27.TIF,17,136.3692722,139,20.20864282,139.4420485,112,75.82103173,0,0,0,371
not building,/content/CompositeTiles/Composite tiles27.TIF,18,145.3298429,144,12.43669202,125.7905759,107,57.14396365,0,0,0,191
not building,/content/CompositeTiles/Composite tiles27.TIF,19,77.73778502,128,76.79956975,41.97394137,6,70.55332244,0,0,0,614
not building,/content/CompositeTiles/Composite tiles27.TIF,20,141.0392749,144,12.63243911,255,255,0,0,0,0,331
not building,/content/CompositeTiles/Composite tiles27.TIF,21,38.52133581,0,55.96570817,37.80890538,0,87.04213167,0,0,0,539
building,/content/CompositeTiles/Composite tiles27.TIF,22,255,255,0,255,255,0,255,255,0,15378
not building,/content/CompositeTiles/Composite tiles27.TIF,23,66.95150721,65,8.696213135,241.9816514,255,24.33109707,0,0,0,763
not building,/content/CompositeTiles/Composite tiles27.TIF,24,93.26453194,92,6.185271444,253.7617438,255,5.723596516,0,0,0,11836
not building,/content/CompositeTiles/Composite tiles27.TIF,25,146.9416667,144,9.288250493,146.575,121.5,67.48020234,0,0,0,120
not building,/content/CompositeTiles/Composite tiles27.TIF,26,99.42857143,94,18.1139158,255,255,0,0,0,0,168
not building,/content/CompositeTiles/Composite tiles27.TIF,27,143.9151943,145,14.25139813,159.04947,145,68.6894303,0,0,0,283
not building,/content/CompositeTiles/Composite tiles27.TIF,28,152.4673367,150,12.63590197,139.7236181,117,78.7690409,0,0,0,199
not building,/content/CompositeTiles/Composite tiles27.TIF,29,128.7586207,134,24.55253131,132.6206897,102,77.29964705,0,0,0,174
not building,/content/CompositeTiles/Composite tiles27.TIF,30,17.78313253,0,36.50385297,29.88554217,0,80.967375,0,0,0,166
not building,/content/CompositeTiles/Composite tiles27.TIF,31,137.7045455,137,11.01948004,182.7564935,182,56.61750042,0,0,0,308
not building,/content/CompositeTiles/Composite tiles27.TIF,32,152.7984085,154,10.74649768,177.4350133,166,46.43082353,0,0,0,377
building,/content/CompositeTiles/Composite tiles27.TIF,33,78.12650602,75,14.97997526,135.0542169,120,41.62891952,0,0,0,166
not building,/content/CompositeTiles/Composite tiles27.TIF,34,140.168691,141,19.7273902,254.167004,255,8.180989389,0,0,0,2964
not building,/content/CompositeTiles/Composite tiles27.TIF,35,92.15457842,92,2.970563405,240.605621,243,14.23384692,0,0,0,2206
not building,/content/CompositeTiles/Composite tiles27.TIF,36,75.74363057,71,11.59698268,222.7149682,255,56.973594,0,0,0,628
not building,/content/CompositeTiles/Composite tiles27.TIF,37,150.6569343,151,14.02297626,165.1119221,148,63.20396927,0,0,0,411
not building,/content/CompositeTiles/Composite tiles27.TIF,38,117.7782258,94.5,53.36509984,247.0645161,255,11.30032967,31.875,0,84.33332304,248
not building,/content/CompositeTiles/Composite tiles27.TIF,39,155.775,158,17.61318753,152.575,115,66.93313361,0,0,0,40
not building,/content/CompositeTiles/Composite tiles27.TIF,40,92.96666667,88.5,15.54237934,255,255,0,0,0,0,30
not building,/content/CompositeTiles/Composite tiles27.TIF,41,148.3064516,149,8.194389721,196.5483871,191.5,39.88761527,0,0,0,62
not building,/content/CompositeTiles/Composite tiles27.TIF,42,154.8058748,153,10.35244142,164.9770115,150,75.02479442,0,0,0,783
not building,/content/CompositeTiles/Composite tiles27.TIF,43,147.2073171,147,16.59983676,150.0195122,134,57.86885602,0,0,0,410
not building,/content/CompositeTiles/Composite tiles27.TIF,44,157.7459126,157,11.40204956,163.6781024,150,57.28759705,0,0,0,3731
not building,/content/CompositeTiles/Composite tiles27.TIF,45,148.2033898,150,8.125664846,177.8305085,162,35.74872407,0,0,0,59
not building,/content/CompositeTiles/Composite tiles27.TIF,46,165.0348837,165.5,11.0437267,114.4418605,95.5,53.36460909,0,0,0,86
not building,/content/CompositeTiles/Composite tiles27.TIF,47,125.9411765,126,14.43227832,168.6617647,152.5,75.02501745,0,0,0,68
not building,/content/CompositeTiles/Composite tiles27.TIF,48,137.0133333,133,13.1748852,147.5955556,135,54.31153737,0,0,0,225
not building,/content/CompositeTiles/Composite tiles27.TIF,49,148.45,147,5.563047726,214.8,211,25.02918297,0,0,0,20
not building,/content/CompositeTiles/Composite tiles27.TIF,50,138.8011628,140,11.9047088,136.5337209,116.5,72.57403615,0,0,0,860
not building,/content/CompositeTiles/Composite tiles27.TIF,51,157.3197094,159,7.594622238,254.9054247,255,1.416689954,0,0,0,29458
not building,/content/CompositeTiles/Composite tiles27.TIF,52,67.33149171,101,59.95505271,64.85082873,9,107.8291818,0,0,0,181
not building,/content/CompositeTiles/Composite tiles27.TIF,53,139.6529491,153,29.19299683,243.0516411,255,40.85609395,0,0,0,239596
building,/content/CompositeTiles/Composite tiles27.TIF,54,255,255,0,255,255,0,255,255,0,15626
not building,/content/CompositeTiles/Composite tiles27.TIF,55,62.2,62,2.749545417,186.7888889,187,20.50663548,0,0,0,90
not building,/content/CompositeTiles/Composite tiles27.TIF,56,140.7045455,143,10.6442036,192.5681818,196,54.78383045,0,0,0,88
not building,/content/CompositeTiles/Composite tiles27.TIF,57,163.5970171,165,7.519144767,254.9997774,255,0.025840953,0,0,0,13477
not building,/content/CompositeTiles/Composite tiles28.TIF,0,115.0142857,118,14.9100409,147.7571429,145,9.798108244,0,0,0,210
not building,/content/CompositeTiles/Composite tiles28.TIF,1,87.44645941,86,5.365070227,254.9555268,255,0.550717564,0,0,0,6948
not building,/content/CompositeTiles/Composite tiles28.TIF,2,154.0238095,155,9.675356755,121.8422619,106,58.00791818,0,0,0,336
not building,/content/CompositeTiles/Composite tiles28.TIF,3,72.26382979,68,12.46855493,137.6453191,130,26.62948992,0,0,0,4700
not building,/content/CompositeTiles/Composite tiles28.TIF,4,72.64027149,69,9.537708345,120.6719457,119,7.218226071,0,0,0,442
not building,/content/CompositeTiles/Composite tiles28.TIF,5,67.79405941,66,15.93666811,247.4,255,43.28929166,0,0,0,505
building,/content/CompositeTiles/Composite tiles28.TIF,6,68.39160839,67,5.777984459,158.1398601,157,30.49489271,0,0,0,143
not building,/content/CompositeTiles/Composite tiles28.TIF,7,152.4800937,156,10.60881839,255,255,0,0,0,0,854
not building,/content/CompositeTiles/Composite tiles28.TIF,8,116.0731865,119,27.59675314,252.1509067,255,11.41940214,0,0,0,1544
not building,/content/CompositeTiles/Composite tiles28.TIF,9,105.0990099,108,15.11179786,161.6732673,162,18.78756114,0,0,0,101
not building,/content/CompositeTiles/Composite tiles28.TIF,10,153.3284314,154,9.806959088,133.747549,122,61.81342495,0,0,0,408
building,/content/CompositeTiles/Composite tiles28.TIF,11,75.63483146,73,8.55099181,123.7752809,120,22.323592,0,0,0,178
building,/content/CompositeTiles/Composite tiles28.TIF,12,77.6640625,75,8.911261611,122.96875,115,29.15099095,0,0,0,128
building,/content/CompositeTiles/Composite tiles28.TIF,13,76.63924051,74,9.685705476,128.9683544,124.5,21.09754947,0,0,0,158
building,/content/CompositeTiles/Composite tiles28.TIF,14,71.5408805,69,8.512471161,115.1761006,110,20.96014025,0,0,0,159
building,/content/CompositeTiles/Composite tiles28.TIF,15,74.68831169,72,6.476249797,161.2142857,159,19.85956026,0,0,0,154
building,/content/CompositeTiles/Composite tiles28.TIF,16,70.95798319,70,4.32968056,131.4285714,127,27.77175018,0,0,0,119
building,/content/CompositeTiles/Composite tiles28.TIF,17,70.17094017,68,5.466745775,150.6239316,149,19.12296087,0,0,0,117
building,/content/CompositeTiles/Composite tiles28.TIF,18,77.92248062,73,10.8646446,132.5426357,127,26.51254135,0,0,0,129
building,/content/CompositeTiles/Composite tiles28.TIF,19,71.16260163,69,6.445990729,123.1463415,119,22.65638801,0,0,0,123
building,/content/CompositeTiles/Composite tiles28.TIF,20,71.80519481,71,3.614684916,171.6103896,170,21.24021904,0,0,0,231
building,/content/CompositeTiles/Composite tiles28.TIF,21,72,70,7.742738534,130.1833333,121,30.23215268,0,0,0,120
building,/content/CompositeTiles/Composite tiles28.TIF,22,70.54189944,70,2.550534783,146.6145251,144,29.22083154,0,0,0,179
building,/content/CompositeTiles/Composite tiles28.TIF,23,73,71,5.924359815,170.8627451,169,20.04930485,0,0,0,153
building,/content/CompositeTiles/Composite tiles28.TIF,24,76.6702509,74,7.83239827,134.5734767,133,29.4453046,0,0,0,279
building,/content/CompositeTiles/Composite tiles28.TIF,25,71.36601307,70,6.424780085,130.6470588,125,25.46494979,0,0,0,153
not building,/content/CompositeTiles/Composite tiles28.TIF,26,140.0914634,147,16.44885422,109.1585366,93,53.06363403,0,0,0,328
building,/content/CompositeTiles/Composite tiles28.TIF,27,67.9726776,67,2.952134902,128.6393443,118,28.59288351,0,0,0,183
not building,/content/CompositeTiles/Composite tiles28.TIF,28,129.2809524,130,13.25508417,251.7761905,255,13.73013387,0,0,0,210
not building,/content/CompositeTiles/Composite tiles28.TIF,29,121.0297619,129,30.66338471,248.860119,255,15.55505063,0,0,0,336
building,/content/CompositeTiles/Composite tiles28.TIF,30,74.625,73,7.520804478,112.5859375,107,21.30160181,0,0,0,128
building,/content/CompositeTiles/Composite tiles28.TIF,31,71.22,69,6.128915075,121.48,117,25.77024641,0,0,0,250
building,/content/CompositeTiles/Composite tiles28.TIF,32,75.10887097,72,9.058960206,142.5564516,128.5,37.24197303,0,0,0,248
not building,/content/CompositeTiles/Composite tiles28.TIF,33,148.6708861,145,11.69709638,160.3417722,148,63.67080806,0,0,0,316
not building,/content/CompositeTiles/Composite tiles28.TIF,34,138.591954,144,18.0901365,125.6350575,109,55.22848706,0,0,0,348
building,/content/CompositeTiles/Composite tiles28.TIF,35,72.49109415,71,5.297322486,172.8346056,170,22.96652334,0,0,0,393
building,/content/CompositeTiles/Composite tiles28.TIF,36,80.41176471,72,15.89480076,147.1486068,131,43.1319836,0,0,0,323
building,/content/CompositeTiles/Composite tiles28.TIF,37,70.28571429,69.5,2.399511005,164.6160714,161.5,21.08200211,0,0,0,112
building,/content/CompositeTiles/Composite tiles28.TIF,38,77.80693069,74.5,12.5120675,146.3910891,142,21.68337685,0,0,0,202
not building,/content/CompositeTiles/Composite tiles28.TIF,39,129.3316667,138,24.12436522,210.3883333,228,47.58876825,0,0,0,600
not building,/content/CompositeTiles/Composite tiles28.TIF,40,151.661157,152,9.362359771,190.6859504,188.5,40.55310426,0,0,0,242
not building,/content/CompositeTiles/Composite tiles28.TIF,41,141.4907975,147,18.75916728,125.1717791,107,55.87679206,0,0,0,163
building,/content/CompositeTiles/Composite tiles28.TIF,42,72.85929648,70,9.254106871,159.8643216,156,26.73368912,0,0,0,199
not building,/content/CompositeTiles/Composite tiles28.TIF,43,148.8135593,152,15.96391543,236.059322,255,31.50068398,0,0,0,118
not building,/content/CompositeTiles/Composite tiles28.TIF,44,157.1723077,156,11.87477621,205.2861538,216,50.4841906,0,0,0,325
building,/content/CompositeTiles/Composite tiles28.TIF,45,68.39197531,68,4.163042548,135.2654321,119,40.1184655,0,0,0,324
building,/content/CompositeTiles/Composite tiles28.TIF,46,70.57608696,72,3.401514035,154.6358696,153,11.3306537,0,0,0,184
building,/content/CompositeTiles/Composite tiles28.TIF,47,69.4214876,69,2.064065098,158.9586777,157,23.47053602,0,0,0,121
building,/content/CompositeTiles/Composite tiles28.TIF,48,66.34730539,65,3.227739321,145.0718563,138,26.43386706,0,0,0,167
building,/content/CompositeTiles/Composite tiles28.TIF,49,72.82550336,72,4.688600403,178.8926174,180,25.84417449,0,0,0,149
building,/content/CompositeTiles/Composite tiles28.TIF,50,73.06930693,73,4.811820071,166.1287129,164,21.74818229,0,0,0,101
building,/content/CompositeTiles/Composite tiles28.TIF,51,70.44525547,69,5.938762569,170.3430657,165,24.99589396,0,0,0,137
building,/content/CompositeTiles/Composite tiles28.TIF,52,67.4056338,66,4.690892804,175.484507,173,26.09919673,0,0,0,355
not building,/content/CompositeTiles/Composite tiles28.TIF,53,151.8248974,151,11.00339376,188.6388509,183,54.44379444,0,0,0,731
building,/content/CompositeTiles/Composite tiles28.TIF,54,72.55,72,3.855839727,158.14,154.5,23.10368802,0,0,0,100
building,/content/CompositeTiles/Composite tiles28.TIF,55,67.82142857,66,5.612826964,159.2767857,155.5,24.82949349,0,0,0,112
building,/content/CompositeTiles/Composite tiles28.TIF,56,71.2,69,6.954760647,144.3391304,134,35.14835316,0,0,0,115
not building,/content/CompositeTiles/Composite tiles28.TIF,57,148.2698289,150,9.912265575,254.9906687,255,0.334496703,0,0,0,1286
building,/content/CompositeTiles/Composite tiles28.TIF,58,74.76646707,68,20.3022902,131.0778443,128,17.28451386,0,0,0,501
building,/content/CompositeTiles/Composite tiles28.TIF,59,67.68401487,67,2.8311473,130.6394052,129,16.4829553,0,0,0,269
building,/content/CompositeTiles/Composite tiles28.TIF,60,73.75320513,72,5.199851081,112.5096154,108,19.03471619,0,0,0,312
building,/content/CompositeTiles/Composite tiles28.TIF,61,64.85483871,63,5.435388149,118.9892473,114,22.12112046,0,0,0,186
building,/content/CompositeTiles/Composite tiles28.TIF,62,76.87171053,74,10.92678937,128.1217105,125,19.50071665,0,0,0,304
not building,/content/CompositeTiles/Composite tiles28.TIF,63,133.0164835,135,10.88626278,255,255,0,0,0,0,182
not building,/content/CompositeTiles/Composite tiles28.TIF,64,116.3366814,123,34.54401273,199.6476497,208,55.78090207,0,0,0,2489
building,/content/CompositeTiles/Composite tiles28.TIF,65,74.25146199,72,7.773168401,149.3216374,144,28.75275832,0,0,0,171
building,/content/CompositeTiles/Composite tiles28.TIF,66,67.44827586,67,3.042830732,170.9195402,165,22.45466359,0,0,0,174
building,/content/CompositeTiles/Composite tiles28.TIF,67,69.16666667,68,2.956698073,119.4047619,117,16.85144173,0,0,0,126
building,/content/CompositeTiles/Composite tiles28.TIF,68,67.5170068,66,4.202936682,143.6530612,135,29.30223763,0,0,0,147
not building,/content/CompositeTiles/Composite tiles28.TIF,69,85.42118227,73,23.51170853,123.2881773,117,40.31584915,0,0,0,406
building,/content/CompositeTiles/Composite tiles28.TIF,70,70.77987421,69,4.801267913,134.4968553,128,28.38612342,0,0,0,159
not building,/content/CompositeTiles/Composite tiles28.TIF,71,113.6753247,117,24.61782775,148.5497835,140,33.77754944,0,0,0,231
building,/content/CompositeTiles/Composite tiles28.TIF,72,72.21487603,70,7.508900076,175.9752066,173,24.38108697,0,0,0,121
building,/content/CompositeTiles/Composite tiles28.TIF,73,75.97580645,64,24.86527041,169.1370968,163.5,29.69069982,0,0,0,124
building,/content/CompositeTiles/Composite tiles28.TIF,74,73.75609756,72,10.27435948,152.597561,135.5,39.10581635,0,0,0,164
not building,/content/CompositeTiles/Composite tiles28.TIF,75,119.5569476,130,33.14124966,195.8826879,198.5,52.46251419,0,0,0,878
building,/content/CompositeTiles/Composite tiles28.TIF,76,73.3269962,71,8.734329439,159.3155894,155,34.23175355,0,0,0,263
building,/content/CompositeTiles/Composite tiles28.TIF,77,63.46710526,63,3.654337299,151.4868421,145,26.54638117,0,0,0,152
not building,/content/CompositeTiles/Composite tiles28.TIF,78,110.3773585,115,15.73350359,254.5283019,255,2.77638587,0,0,0,159
not building,/content/CompositeTiles/Composite tiles28.TIF,79,95.31578947,81,31.93624381,255,255,0,0,0,0,342
building,/content/CompositeTiles/Composite tiles28.TIF,80,73.0661157,70,7.896788276,136.9586777,130,28.81557106,0,0,0,121
not building,/content/CompositeTiles/Composite tiles28.TIF,81,135.02,137,26.74583332,194.99,206.5,58.5565957,0,0,0,400
not building,/content/CompositeTiles/Composite tiles28.TIF,82,82.69396552,73,25.58633724,203.4367816,200,26.69375111,0,0,0,696
building,/content/CompositeTiles/Composite tiles28.TIF,83,91.96416938,76,29.03488892,194.1074919,195,55.87396977,0,0,0,307
not building,/content/CompositeTiles/Composite tiles28.TIF,84,80.29372937,76,16.07581646,217.5148515,217,22.93207672,0,0,0,303
not building,/content/CompositeTiles/Composite tiles28.TIF,85,132.5,136,18.84212998,187.9396552,196,45.8816485,0,0,0,116
not building,/content/CompositeTiles/Composite tiles28.TIF,86,75.84137931,67,17.83126888,249.2137931,255,9.508751836,0,0,0,145
building,/content/CompositeTiles/Composite tiles28.TIF,87,255,255,0,255,255,0,255,255,0,15964
building,/content/CompositeTiles/Composite tiles28.TIF,88,75.71538462,73,8.870204763,124.9846154,119,24.70969433,0,0,0,130
building,/content/CompositeTiles/Composite tiles28.TIF,89,70.53472222,69,6.631064514,139.6041667,132,26.51499019,0,0,0,144
building,/content/CompositeTiles/Composite tiles28.TIF,90,68.92372881,68,5.571046184,125.3728814,116.5,26.64735068,0,0,0,118
building,/content/CompositeTiles/Composite tiles28.TIF,91,64.38857143,63,3.188888873,132.8857143,127,26.14658834,0,0,0,175
building,/content/CompositeTiles/Composite tiles28.TIF,92,71.94915254,69,6.005431803,123.8644068,117,25.14261534,0,0,0,118
building,/content/CompositeTiles/Composite tiles28.TIF,93,72.57264957,72,4.550413223,122.1623932,118,19.27753099,0,0,0,117
building,/content/CompositeTiles/Composite tiles28.TIF,94,74.80666667,72,10.59225923,163.4466667,165,17.50448958,0,0,0,150
building,/content/CompositeTiles/Composite tiles28.TIF,95,75.12977099,73,6.028427499,122.4122137,115,29.38683047,0,0,0,131
building,/content/CompositeTiles/Composite tiles28.TIF,96,69.21518987,68,3.540617432,163.1455696,161,24.14901679,0,0,0,158
building,/content/CompositeTiles/Composite tiles28.TIF,97,74.4025974,71,7.783198255,124.1103896,117,26.0300929,0,0,0,154
building,/content/CompositeTiles/Composite tiles28.TIF,98,72.192,69,9.624714853,125.424,114,36.16921652,0,0,0,125
building,/content/CompositeTiles/Composite tiles28.TIF,99,67.73643411,67,3.68428336,167.2713178,167,19.68580803,0,0,0,129
not building,/content/CompositeTiles/Composite tiles28.TIF,100,66.36842105,66,2.040223405,150.8157895,148.5,25.89742444,0,0,0,114
not building,/content/CompositeTiles/Composite tiles28.TIF,101,137.0930233,144.5,17.59203566,97.6124031,86,44.40568964,0,0,0,258
building,/content/CompositeTiles/Composite tiles28.TIF,102,70.36521739,69,4.143786201,155.2956522,151,26.86681286,0,0,0,115
building,/content/CompositeTiles/Composite tiles28.TIF,103,75.31386861,70,12.86411396,139.7591241,130,36.45665871,0,0,0,137
building,/content/CompositeTiles/Composite tiles28.TIF,104,72.68253968,71,5.212394864,131.984127,119.5,35.56214862,0,0,0,126
not building,/content/CompositeTiles/Composite tiles28.TIF,105,126.5512821,136,25.92872253,162.6282051,146.5,58.98568035,0,0,0,156
building,/content/CompositeTiles/Composite tiles28.TIF,106,77.01875,74,9.941373066,130.15625,117.5,37.81113376,0,0,0,160
not building,/content/CompositeTiles/Composite tiles28.TIF,107,130.7931034,137,22.57629276,165.0306513,153,55.36710487,0,0,0,261
not building,/content/CompositeTiles/Composite tiles28.TIF,108,145.3211009,148,17.92178764,106.4954128,90,45.066439,0,0,0,109
building,/content/CompositeTiles/Composite tiles28.TIF,109,70.73451327,71,3.502256413,156.9911504,151,31.39344827,0,0,0,113
building,/content/CompositeTiles/Composite tiles28.TIF,110,70.55084746,69,4.634245148,202,201,27.24325449,0,0,0,236
building,/content/CompositeTiles/Composite tiles28.TIF,111,69.98089172,69,5.39812581,148.1401274,138,27.98167248,0,0,0,157
not building,/content/CompositeTiles/Composite tiles28.TIF,112,86.93181818,83,12.8467528,243.0786713,255,23.45459308,0,0,0,572
building,/content/CompositeTiles/Composite tiles28.TIF,113,64.17021277,64,3.399431423,201.106383,196,20.37283761,0,0,0,188
building,/content/CompositeTiles/Composite tiles28.TIF,114,69.15044248,68,4.568497824,168.0619469,163,28.49694385,0,0,0,113
building,/content/CompositeTiles/Composite tiles28.TIF,115,69.76190476,68,4.54855388,130.0238095,121.5,29.98609844,0,0,0,126
not building,/content/CompositeTiles/Composite tiles28.TIF,116,99.25225225,101,8.085654596,105.3423423,97,28.27009227,0,0,0,111
building,/content/CompositeTiles/Composite tiles28.TIF,117,68.93421053,68,5.437045265,159,149.5,34.44026102,0,0,0,152
building,/content/CompositeTiles/Composite tiles28.TIF,118,69.98148148,67,6.543276846,155.4444444,149,27.16695069,0,0,0,108
building,/content/CompositeTiles/Composite tiles28.TIF,119,71.27826087,71,4.519614886,143.9478261,130,41.63210372,0,0,0,115
not building,/content/CompositeTiles/Composite tiles28.TIF,120,86.17010309,78,20.56124703,190.5257732,194,58.46116744,0,0,0,388
not building,/content/CompositeTiles/Composite tiles28.TIF,121,93.61349693,99,13.83882914,116.3496933,110,32.62456708,0,0,0,163
not building,/content/CompositeTiles/Composite tiles28.TIF,122,89.82692308,80,22.59111564,221.5807692,245.5,39.06076646,0,0,0,260
building,/content/CompositeTiles/Composite tiles28.TIF,123,73.1980198,71,6.857849159,170.3267327,169,28.63291359,0,0,0,101
building,/content/CompositeTiles/Composite tiles28.TIF,124,78.37241379,76,7.293780844,154.2137931,149,23.39324577,0,0,0,145
not building,/content/CompositeTiles/Composite tiles28.TIF,125,109.3397642,111,18.72403415,255,255,0,0,0,0,2799
not building,/content/CompositeTiles/Composite tiles28.TIF,126,112.4016736,113,22.93853797,247.0151674,255,18.24832428,0,0,0,1912
building,/content/CompositeTiles/Composite tiles28.TIF,127,68.19505495,67,5.763457996,167.3186813,161,37.43892583,0,0,0,364
not building,/content/CompositeTiles/Composite tiles28.TIF,128,72.32159228,69,12.47035875,247.9946924,255,23.72293777,0,0,0,4145
not building,/content/CompositeTiles/Composite tiles28.TIF,129,92.97076023,82,27.5393237,111.0935673,100,28.13984531,0,0,0,171
not building,/content/CompositeTiles/Composite tiles28.TIF,130,74.87218045,67,19.69965467,253.3558897,255,6.12760377,0,0,0,399
not building,/content/CompositeTiles/Composite tiles28.TIF,131,146.0182371,149,16.65727208,238.7598784,255,28.29716551,0,0,0,329
not building,/content/CompositeTiles/Composite tiles28.TIF,132,135.9766082,139,16.46472508,122.0935673,109,52.33386428,0,0,0,171
not building,/content/CompositeTiles/Composite tiles28.TIF,133,83.07335329,74,21.51724019,147.6631737,137,50.80254446,0,0,0,1336
not building,/content/CompositeTiles/Composite tiles28.TIF,134,146.8362069,151,15.53247097,171.5603448,161.5,52.1692023,0,0,0,232
building,/content/CompositeTiles/Composite tiles28.TIF,135,0,0,0,0,0,0,0,0,0,18
not building,/content/CompositeTiles/Composite tiles28.TIF,136,75.66666667,75,8.660254038,255,255,0,0,0,0,54
not building,/content/CompositeTiles/Composite tiles28.TIF,137,150.4590164,150,6.995487469,162.4918033,153,63.40957753,0,0,0,61
not building,/content/CompositeTiles/Composite tiles28.TIF,138,162.2405063,164,11.28257892,168.6835443,169,48.8893207,0,0,0,79
not building,/content/CompositeTiles/Composite tiles28.TIF,139,157.6666667,163,9.249624617,185.1111111,189,13.97175281,0,0,0,9
not building,/content/CompositeTiles/Composite tiles28.TIF,140,124.8636364,124.5,12.1504288,159.1060606,149,30.91980281,0,0,0,66
not building,/content/CompositeTiles/Composite tiles28.TIF,141,101.9444444,110.5,21.04749186,223.4166667,221,10.08402202,0,0,0,36
not building,/content/CompositeTiles/Composite tiles28.TIF,142,135.0172414,134.5,10.44772105,198.2068966,207,53.37271634,0,0,0,58
not building,/content/CompositeTiles/Composite tiles28.TIF,143,108.4583333,115.5,30.72048606,138.125,127.5,34.78303286,0,0,0,24
not building,/content/CompositeTiles/Composite tiles28.TIF,144,121.48,123,15.62080664,129,119,33.34066586,0,0,0,25
not building,/content/CompositeTiles/Composite tiles28.TIF,145,112.2333333,124,30.89841779,144.0666667,134,38.98797535,0,0,0,30
not building,/content/CompositeTiles/Composite tiles28.TIF,146,107.5033948,104,33.20707359,188.8176528,177,48.86714425,0,0,0,1031
building,/content/CompositeTiles/Composite tiles28.TIF,147,84.75,76,19.36814395,206.96875,207.5,20.82889276,0,0,0,32
not building,/content/CompositeTiles/Composite tiles28.TIF,148,149.3289474,150,7.349164217,149.8157895,136.5,58.44401516,0,0,0,76
building,/content/CompositeTiles/Composite tiles28.TIF,149,65.53061224,62,10.86672893,165.9795918,162,17.72118506,0,0,0,98
not building,/content/CompositeTiles/Composite tiles28.TIF,150,135.8292683,134.5,9.852330265,186.9756098,183.5,62.90138926,0,0,0,82
not building,/content/CompositeTiles/Composite tiles28.TIF,151,108.0444444,117,22.60870585,177.9777778,163,27.47563679,0,0,0,45
building,/content/CompositeTiles/Composite tiles28.TIF,152,67.05,65,6.410733187,168.6,165,23.65248401,0,0,0,40
not building,/content/CompositeTiles/Composite tiles28.TIF,153,142.979062,143,8.211733065,253.8819095,255,10.80659692,0,0,0,2388
not building,/content/CompositeTiles/Composite tiles28.TIF,154,130.0408163,137,16.48742153,255,255,0,0,0,0,49
not building,/content/CompositeTiles/Composite tiles28.TIF,155,125.4482759,125,18.78845245,138.0689655,125,42.01225686,0,0,0,29
not building,/content/CompositeTiles/Composite tiles28.TIF,156,75.72727273,76,7.840349124,186.1363636,181.5,14.42628742,0,0,0,22
not building,/content/CompositeTiles/Composite tiles28.TIF,157,164.0243902,162,6.755261021,150.0487805,135,52.50781648,0,0,0,41
not building,/content/CompositeTiles/Composite tiles28.TIF,158,120.95,122.5,4.609501058,178.5,160,50.11736226,0,0,0,20
not building,/content/CompositeTiles/Composite tiles28.TIF,159,123.5352113,128,21.98708391,172.2394366,175,33.45186358,0,0,0,71
building,/content/CompositeTiles/Composite tiles28.TIF,160,72.78181818,69,13.17116811,211.6363636,202,17.58239164,0,0,0,55
not building,/content/CompositeTiles/Composite tiles28.TIF,161,113.5640909,115,36.75040022,239.8942557,255,41.15815717,0,0,0,244902
not building,/content/CompositeTiles/Composite tiles28.TIF,162,159.2999905,161,9.767228496,254.7763287,255,4.104902868,0,0,0,31591
not building,/content/CompositeTiles/Composite tiles28.TIF,163,137.1290323,137,13.74360129,159.655914,151,43.67142582,0,0,0,93
building,/content/CompositeTiles/Composite tiles28.TIF,164,80.24242424,75,12.49977043,182.6363636,178,33.36466847,0,0,0,33
not building,/content/CompositeTiles/Composite tiles28.TIF,165,93.74712644,88,24.66148675,162.4597701,149,56.1862266,0,0,0,87
not building,/content/CompositeTiles/Composite tiles28.TIF,166,124.5555556,125,18.07460534,135.8888889,124,42.64611774,0,0,0,27
not building,/content/CompositeTiles/Composite tiles28.TIF,167,130.825,132,20.40696879,161.325,148.5,54.65683283,0,0,0,40
building,/content/CompositeTiles/Composite tiles28.TIF,168,75.56666667,69.5,18.26961655,192.6,188.5,19.05535795,0,0,0,30
not building,/content/CompositeTiles/Composite tiles28.TIF,169,113.2264151,114,9.5752068,139.6603774,123,41.38039979,0,0,0,53
building,/content/CompositeTiles/Composite tiles29.TIF,0,69.4251497,70,3.430066401,146.5958084,148,13.5852194,0,0,0,334
building,/content/CompositeTiles/Composite tiles29.TIF,1,70.83997205,71,3.461917566,118.6750524,119,9.729388771,0,0,0,1431
building,/content/CompositeTiles/Composite tiles29.TIF,2,64.30133333,63,3.264740657,154.1253333,157,12.61693141,0,0,0,375
building,/content/CompositeTiles/Composite tiles29.TIF,3,70.63425926,70,3.488145587,135.3240741,131,23.77959314,0,0,0,216
building,/content/CompositeTiles/Composite tiles29.TIF,4,65.21105528,64,3.78115911,114.5753769,109,18.31379458,0,0,0,398
building,/content/CompositeTiles/Composite tiles29.TIF,5,73.17117117,72,7.702665824,133.6486486,130,14.43384951,0,0,0,111
building,/content/CompositeTiles/Composite tiles29.TIF,6,72.49090909,71,5.420072885,124.4272727,120.5,18.87637248,0,0,0,110
building,/content/CompositeTiles/Composite tiles29.TIF,7,70.64824121,69,3.587651129,147.3316583,140,24.69086362,0,0,0,199
building,/content/CompositeTiles/Composite tiles29.TIF,8,71.41318328,71,1.593198918,111.6270096,110,7.750683637,0,0,0,622
building,/content/CompositeTiles/Composite tiles29.TIF,9,75.23622047,73,7.005573364,153.9685039,150,17.39532791,0,0,0,127
building,/content/CompositeTiles/Composite tiles29.TIF,10,79.19469027,75,11.77206714,145.3451327,141,24.50167771,0,0,0,113
building,/content/CompositeTiles/Composite tiles29.TIF,11,71.71830986,70,6.707538535,176.9084507,175,18.20110851,0,0,0,142
building,/content/CompositeTiles/Composite tiles29.TIF,12,76.712,73,9.266555779,163.592,162,17.97513661,0,0,0,125
building,/content/CompositeTiles/Composite tiles29.TIF,13,72.28244275,71,3.143574105,151.8473282,147,23.95621747,0,0,0,131
building,/content/CompositeTiles/Composite tiles29.TIF,14,72.44642857,71,6.750448776,158.9196429,154,22.03290493,0,0,0,112
building,/content/CompositeTiles/Composite tiles29.TIF,15,77.47080292,77,9.816243507,149.8941606,146,19.57392227,0,0,0,274
not building,/content/CompositeTiles/Composite tiles29.TIF,16,158.7951289,159,7.604638104,187.2636103,183,54.52818592,0,0,0,698
building,/content/CompositeTiles/Composite tiles29.TIF,17,64.56164384,64,3.024947872,160.9543379,157,17.25070886,0,0,0,219
building,/content/CompositeTiles/Composite tiles29.TIF,18,73.06,73,4.415472795,118.95,115,17.93843639,0,0,0,100
building,/content/CompositeTiles/Composite tiles29.TIF,19,79.953125,75,13.09810302,167.4375,163.5,18.77363094,0,0,0,128
building,/content/CompositeTiles/Composite tiles29.TIF,20,76.97435897,74,12.17813758,125.1923077,121,21.17664273,0,0,0,156
building,/content/CompositeTiles/Composite tiles29.TIF,21,73.34285714,72,3.585230474,178.9285714,174.5,20.66662004,0,0,0,140
not building,/content/CompositeTiles/Composite tiles29.TIF,22,128.6157025,134,20.94298245,154.0330579,144.5,45.26632556,0,0,0,242
building,/content/CompositeTiles/Composite tiles29.TIF,23,74.54471545,72,6.071728478,144.5203252,137,26.37544731,0,0,0,123
building,/content/CompositeTiles/Composite tiles29.TIF,24,72.91324201,72,4.98552773,120.4703196,116,21.56931664,0,0,0,219
building,/content/CompositeTiles/Composite tiles29.TIF,25,68.92857143,68,3.051095487,173.8928571,172,26.33756048,0,0,0,140
building,/content/CompositeTiles/Composite tiles29.TIF,26,82.26724138,71,21.30782508,167.0603448,160,25.59070709,0,0,0,116
building,/content/CompositeTiles/Composite tiles29.TIF,27,72.58730159,71,4.454834793,153.7301587,150.5,22.9790839,0,0,0,126
building,/content/CompositeTiles/Composite tiles29.TIF,28,75.44252874,74,5.884386748,167.8103448,152.5,40.40290912,0,0,0,174
building,/content/CompositeTiles/Composite tiles29.TIF,29,79.04137931,73,13.06528745,135.7034483,130,25.46589989,0,0,0,145
not building,/content/CompositeTiles/Composite tiles29.TIF,30,121.9183673,127,13.59096849,255,255,0,0,0,0,147
building,/content/CompositeTiles/Composite tiles29.TIF,31,69.71929825,68,4.168614503,168.8859649,168,24.96480286,0,0,0,114
building,/content/CompositeTiles/Composite tiles29.TIF,32,71.87676056,69,9.265771978,206.0739437,208.5,39.92340586,0,0,0,284
building,/content/CompositeTiles/Composite tiles29.TIF,33,72.27645051,71,4.14687987,156.9419795,146,34.64574565,0,0,0,293
building,/content/CompositeTiles/Composite tiles29.TIF,34,72.32142857,71,5.05837522,160.1130952,156.5,25.70446172,0,0,0,168
not building,/content/CompositeTiles/Composite tiles29.TIF,35,127.5567686,133,21.88991034,134.6899563,125.5,46.47932286,0,0,0,458
building,/content/CompositeTiles/Composite tiles29.TIF,36,71.5195122,70,5.926036783,187.4585366,180,39.57825823,0,0,0,410
not building,/content/CompositeTiles/Composite tiles29.TIF,37,96.54222973,94,8.98380778,255,255,0,0,0,0,1776
not building,/content/CompositeTiles/Composite tiles29.TIF,38,144.1684783,146,8.322891812,203.8369565,197,35.53038417,0,0,0,184
building,/content/CompositeTiles/Composite tiles29.TIF,39,73.62857143,71,7.633893275,138.8142857,125,35.94849206,0,0,0,140
not building,/content/CompositeTiles/Composite tiles29.TIF,40,157.3530499,159,10.35341903,200.5489834,204,45.05351002,0,0,0,541
building,/content/CompositeTiles/Composite tiles29.TIF,41,75.44516129,74,5.452601552,114.716129,111,18.42850346,0,0,0,155
not building,/content/CompositeTiles/Composite tiles29.TIF,42,148.9459459,150,8.715692421,130.7364865,101,72.31396089,0,0,0,296
building,/content/CompositeTiles/Composite tiles29.TIF,43,76.21794872,75,6.73695512,120.6300366,118,19.00449472,0,0,0,546
not building,/content/CompositeTiles/Composite tiles29.TIF,44,155.6082167,157,11.98992846,228.0440607,255,38.41504695,0,0,0,3359
building,/content/CompositeTiles/Composite tiles29.TIF,45,69.84375,67,10.00554859,79.07291667,67,34.54262005,0,0,0,192
building,/content/CompositeTiles/Composite tiles29.TIF,46,71.65461847,70,6.730705635,103.0160643,96,24.87897903,0,0,0,249
building,/content/CompositeTiles/Composite tiles29.TIF,47,72.75899281,71,4.721317231,122.2122302,119,15.67228209,0,0,0,278
building,/content/CompositeTiles/Composite tiles29.TIF,48,74.27898551,71,9.326508526,119.634058,114,20.9255097,0,0,0,276
building,/content/CompositeTiles/Composite tiles29.TIF,49,71.73,70,7.469076248,125.58,123.5,18.38188238,0,0,0,200
building,/content/CompositeTiles/Composite tiles29.TIF,50,73.76470588,71,10.34329988,121.4705882,118,18.02242932,0,0,0,204
building,/content/CompositeTiles/Composite tiles29.TIF,51,71.525,69,8.220363435,119.73125,116,15.78358399,0,0,0,160
building,/content/CompositeTiles/Composite tiles29.TIF,52,77.2097561,74,11.00110427,118.2,115,14.92955818,0,0,0,205
building,/content/CompositeTiles/Composite tiles29.TIF,53,74.1880597,72,8.634735862,139.8149254,136,17.57512874,0,0,0,335
building,/content/CompositeTiles/Composite tiles29.TIF,54,74.42391304,72,8.654520929,114.6608696,112,17.47725825,0,0,0,460
building,/content/CompositeTiles/Composite tiles29.TIF,55,78.53773585,76,9.399091213,110.1084906,106,17.60956332,0,0,0,212
building,/content/CompositeTiles/Composite tiles29.TIF,56,75.32802548,73,9.494754398,121.9936306,117,22.23570802,0,0,0,314
not building,/content/CompositeTiles/Composite tiles29.TIF,57,64.375,63,4.589608176,253.5833333,255,9.537011797,0,0,0,624
building,/content/CompositeTiles/Composite tiles29.TIF,58,78.8056872,72,17.33377838,122.9478673,116,25.44042633,0,0,0,211
building,/content/CompositeTiles/Composite tiles29.TIF,59,67.85185185,65,7.39721521,164.2116402,161,19.85656694,0,0,0,189
building,/content/CompositeTiles/Composite tiles29.TIF,60,71.83257919,70,7.663395225,102.3733032,94,30.90671283,0,0,0,442
building,/content/CompositeTiles/Composite tiles29.TIF,61,77.23017903,73,13.77358789,129.2736573,126,19.65519387,0,0,0,391
building,/content/CompositeTiles/Composite tiles29.TIF,62,72.47925608,71,9.310142547,121.2646638,115,23.33895407,0,0,0,699
building,/content/CompositeTiles/Composite tiles29.TIF,63,70.43263288,71,4.292255724,123.7391842,123,5.924115082,0,0,0,809
building,/content/CompositeTiles/Composite tiles29.TIF,64,70.83128834,70,4.162983555,118.7730061,113,21.07474301,0,0,0,326
not building,/content/CompositeTiles/Composite tiles29.TIF,65,159.5549738,161,8.030430597,138.5968586,128,33.82894746,0,0,0,191
not building,/content/CompositeTiles/Composite tiles29.TIF,66,152.1413502,153,7.857046816,157.7995781,143.5,53.7269617,0,0,0,474
building,/content/CompositeTiles/Composite tiles29.TIF,67,72.26865672,71,5.661905757,141.318408,138,20.77929771,0,0,0,201
building,/content/CompositeTiles/Composite tiles29.TIF,68,76.5243553,72,12.69975554,126.1131805,121,23.75393373,0,0,0,698
not building,/content/CompositeTiles/Composite tiles29.TIF,69,112.1094127,115,32.96660979,185.3145615,182,61.16612836,0,0,0,1243
not building,/content/CompositeTiles/Composite tiles29.TIF,70,125.0028885,126,7.42009176,254.943963,255,1.001894339,0,0,0,1731
not building,/content/CompositeTiles/Composite tiles29.TIF,71,90.34042553,85,26.2961742,253.7343857,255,10.81942022,0,0,0,1457
building,/content/CompositeTiles/Composite tiles29.TIF,72,79,73,13.85504472,158.4528302,156,27.40029337,0,0,0,106
building,/content/CompositeTiles/Composite tiles29.TIF,73,76.36363636,72,14.55519779,124.2097902,118,25.09223632,0,0,0,429
building,/content/CompositeTiles/Composite tiles29.TIF,74,75.03846154,72,6.716688568,150.0192308,143,28.42206419,0,0,0,156
building,/content/CompositeTiles/Composite tiles29.TIF,75,73.49207673,71,9.553749214,122.0266889,115,28.71645551,0,0,0,1199
not building,/content/CompositeTiles/Composite tiles29.TIF,76,130.9093264,141,24.95347102,198.7629534,215,56.24131045,0,0,0,772
not building,/content/CompositeTiles/Composite tiles29.TIF,77,155.78125,154,11.86837809,177.453125,171,40.84514571,0,0,0,128
not building,/content/CompositeTiles/Composite tiles29.TIF,78,97.00403226,96,24.77454762,232.1564516,255,39.03947184,0,0,0,1240
not building,/content/CompositeTiles/Composite tiles29.TIF,79,140.2621083,146,19.64875949,162.957265,149,51.44715871,0,0,0,351
building,/content/CompositeTiles/Composite tiles29.TIF,80,72.10185185,71,3.863264343,165.4444444,157,34.00172472,0,0,0,108
not building,/content/CompositeTiles/Composite tiles29.TIF,81,164.2826087,164,5.731920702,172.7391304,160.5,47.36178279,0,0,0,184
building,/content/CompositeTiles/Composite tiles29.TIF,82,72.40384615,71,5.030393325,198.9871795,197,27.34231884,0,0,0,156
building,/content/CompositeTiles/Composite tiles29.TIF,83,67.02158273,67,3.842150975,153.0935252,156,32.00885491,0,0,0,278
building,/content/CompositeTiles/Composite tiles29.TIF,84,67.64792899,68,7.420406764,153.5769231,146,20.79346876,0,0,0,338
building,/content/CompositeTiles/Composite tiles29.TIF,85,69.25629139,69,6.551467923,134.4781457,121,43.20204173,0,0,0,1510
building,/content/CompositeTiles/Composite tiles29.TIF,86,68.88773389,66,10.13340718,157.8503119,181,34.65923278,0,0,0,481
building,/content/CompositeTiles/Composite tiles29.TIF,87,78.50364964,76,7.747025883,178.5620438,174,25.79448855,0,0,0,137
not building,/content/CompositeTiles/Composite tiles29.TIF,88,106.5150754,103.5,32.46990913,208.6507538,224,45.50317386,0,0,0,398
building,/content/CompositeTiles/Composite tiles29.TIF,89,82.2254902,73,18.05270436,120.6764706,112,24.89001759,0,0,0,102
not building,/content/CompositeTiles/Composite tiles29.TIF,90,133.6276803,132,12.14900079,137.6413255,124,47.37877738,0,0,0,513
not building,/content/CompositeTiles/Composite tiles29.TIF,91,134.1032258,139,21.18525787,114.5870968,95,56.15402632,0,0,0,155
not building,/content/CompositeTiles/Composite tiles29.TIF,92,136.1703125,137,13.4106089,133.8078125,121,48.59580359,0,0,0,640
not building,/content/CompositeTiles/Composite tiles29.TIF,93,152.8571429,158,19.42837447,183.2098214,189,45.80963806,0,0,0,224
not building,/content/CompositeTiles/Composite tiles29.TIF,94,142.5756757,143,18.48084334,116.2027027,101,56.58401544,0,0,0,370
building,/content/CompositeTiles/Composite tiles29.TIF,95,67.40727273,67,3.582982736,180.0945455,183,14.37846139,0,0,0,275
building,/content/CompositeTiles/Composite tiles29.TIF,96,79.63157895,77,7.09028636,154.3881579,148,26.07909259,0,0,0,152
building,/content/CompositeTiles/Composite tiles29.TIF,97,72.4875,71,7.50248917,148.75625,137.5,40.77955169,0,0,0,160
building,/content/CompositeTiles/Composite tiles29.TIF,98,68.16129032,68,3.054312384,126.3951613,120.5,25.07370379,0,0,0,124
not building,/content/CompositeTiles/Composite tiles29.TIF,99,158.1176471,160.5,13.63623641,190.9313725,196.5,57.44806005,0,0,0,102
building,/content/CompositeTiles/Composite tiles29.TIF,100,90.4605475,79,21.60001951,196.3140097,186,42.73782126,0,0,0,621
not building,/content/CompositeTiles/Composite tiles29.TIF,101,127.6457143,126,21.97089429,79.73714286,70,35.37552896,0,0,0,175
building,/content/CompositeTiles/Composite tiles29.TIF,102,75.18309859,72,13.20297647,127.7323944,113.5,31.62097617,0,0,0,142
building,/content/CompositeTiles/Composite tiles29.TIF,103,71.1965812,69,8.878322122,146.1452991,131,36.9992527,0,0,0,117
building,/content/CompositeTiles/Composite tiles29.TIF,104,73.36220472,73,5.47675013,159.7716535,155,23.91757137,0,0,0,127
building,/content/CompositeTiles/Composite tiles29.TIF,105,71.23913043,66,15.42187151,120.3315217,116,20.62485536,0,0,0,184
building,/content/CompositeTiles/Composite tiles29.TIF,106,72.59803922,70,9.307660564,125.2647059,118,25.86159484,0,0,0,102
building,/content/CompositeTiles/Composite tiles29.TIF,107,85.69910714,76,20.4638095,171.1910714,159,44.79691386,0,0,0,1120
not building,/content/CompositeTiles/Composite tiles29.TIF,108,144.9655172,143,9.856672022,118.0517241,108,50.77602014,0,0,0,116
not building,/content/CompositeTiles/Composite tiles29.TIF,109,160.1086262,164,17.41453863,118.658147,99,56.59068951,0,0,0,313
not building,/content/CompositeTiles/Composite tiles29.TIF,110,158.4152542,159,11.92940127,98.24576271,76.5,47.18300765,0,0,0,118
not building,/content/CompositeTiles/Composite tiles29.TIF,111,120.5047619,118,24.95715331,134.8761905,126,56.76697485,0,0,0,105
building,/content/CompositeTiles/Composite tiles29.TIF,112,71.10655738,71,2.873871488,134.8770492,130.5,23.99883121,0,0,0,122
not building,/content/CompositeTiles/Composite tiles29.TIF,113,138.9723201,139,6.6747531,255,255,0,0,0,0,1987
building,/content/CompositeTiles/Composite tiles29.TIF,114,76.93125,76,6.359168455,174.25625,164,25.48461469,0,0,0,160
not building,/content/CompositeTiles/Composite tiles29.TIF,115,158.7820513,160,10.33124144,173.5128205,164,50.03517829,0,0,0,156
not building,/content/CompositeTiles/Composite tiles29.TIF,116,153.7739726,154,10.09686231,145.6689498,132.5,52.43132054,0,0,0,438
building,/content/CompositeTiles/Composite tiles29.TIF,117,73.59214309,74,3.098828181,97.19929735,97,7.336716954,0,0,0,3131
building,/content/CompositeTiles/Composite tiles29.TIF,118,74.39498433,73,7.001619153,93.28213166,69,60.08707392,0,0,0,638
building,/content/CompositeTiles/Composite tiles29.TIF,119,107.4545455,100,27.39237995,165.2727273,166,20.21525486,0,0,0,275
not building,/content/CompositeTiles/Composite tiles29.TIF,120,148.9943978,152,17.45726986,103.7394958,91,31.81832062,0,0,0,357
not building,/content/CompositeTiles/Composite tiles29.TIF,121,149.2098765,151,11.13410515,135.7407407,113,65.13102232,0,0,0,324
building,/content/CompositeTiles/Composite tiles29.TIF,122,71.9140625,70,9.839753033,132.8632813,130,20.08227363,0,0,0,256
not building,/content/CompositeTiles/Composite tiles29.TIF,123,165.6622296,165,10.52201816,151.8369384,140,70.04379448,0,0,0,601
building,/content/CompositeTiles/Composite tiles29.TIF,124,64.55541069,63,6.806067069,114.4237288,108,31.26288601,0,0,0,767
not building,/content/CompositeTiles/Composite tiles29.TIF,125,62.97867565,62,5.877976819,253.9887767,255,9.422487118,0,0,0,891
not building,/content/CompositeTiles/Composite tiles29.TIF,126,155.5992218,159,14.13769416,148.3618677,133,60.53931887,0,0,0,257
building,/content/CompositeTiles/Composite tiles29.TIF,127,64.82183908,64,4.708440093,96.71264368,92,21.58991253,0,0,0,348
building,/content/CompositeTiles/Composite tiles29.TIF,128,69.21542553,70,4.28119047,171.1223404,170,10.99569214,0,0,0,376
building,/content/CompositeTiles/Composite tiles29.TIF,129,64.05555556,62,7.382886603,125.0353535,120,23.56784238,0,0,0,396
not building,/content/CompositeTiles/Composite tiles29.TIF,130,143.0681818,145,16.28216778,139.3636364,119,74.37367495,0,0,0,132
building,/content/CompositeTiles/Composite tiles29.TIF,131,73.7712305,75,4.126635473,91.42287695,92,6.635968638,0,0,0,577
building,/content/CompositeTiles/Composite tiles29.TIF,132,70.23857868,69,4.658809025,166.0456853,161,29.49374784,0,0,0,197
not building,/content/CompositeTiles/Composite tiles29.TIF,133,167.3030303,168,11.58347355,182.1080808,180,61.2894065,0,0,0,990
not building,/content/CompositeTiles/Composite tiles29.TIF,134,155.1411765,157,14.87548551,151.3647059,144,30.10163062,0,0,0,340
not building,/content/CompositeTiles/Composite tiles29.TIF,135,160.9449838,161,8.916307144,173.1055016,161,51.48722658,0,0,0,1545
not building,/content/CompositeTiles/Composite tiles29.TIF,136,82.62664165,81,8.958807304,254.9287054,255,0.98133692,0,0,0,533
not building,/content/CompositeTiles/Composite tiles29.TIF,137,138.1309904,136,9.851878949,254.9744409,255,0.451463814,0,0,0,313
not building,/content/CompositeTiles/Composite tiles29.TIF,138,88.37973388,77,24.67044027,253.7543501,255,10.81523642,0,0,0,977
building,/content/CompositeTiles/Composite tiles29.TIF,139,66.44117647,65,4.751828398,178.9411765,162.5,34.16420083,0,0,0,102
not building,/content/CompositeTiles/Composite tiles29.TIF,140,153.6215385,154,10.86237202,145.5148718,126,67.22290158,0,0,0,975
not building,/content/CompositeTiles/Composite tiles29.TIF,141,65.38964578,63,6.320521625,252.5340599,255,14.77389297,0,0,0,734
building,/content/CompositeTiles/Composite tiles29.TIF,142,72.07296137,70,8.306561773,138.4356223,134,24.79151561,0,0,0,466
not building,/content/CompositeTiles/Composite tiles29.TIF,143,66.74494382,66,4.249137685,250.811236,255,14.54888264,0,0,0,890
not building,/content/CompositeTiles/Composite tiles29.TIF,144,86.89228723,75,25.91599244,217.1236702,255,45.56549966,0,0,0,752
building,/content/CompositeTiles/Composite tiles29.TIF,145,255,255,0,255,255,0,255,255,0,16765
building,/content/CompositeTiles/Composite tiles29.TIF,146,76.4822335,76,4.462584338,125.0050761,120,24.23394805,0,0,0,197
building,/content/CompositeTiles/Composite tiles29.TIF,147,74.42424242,71,13.06232851,123.0798898,117,27.14245062,0,0,0,363
not building,/content/CompositeTiles/Composite tiles29.TIF,148,155.9405941,157.5,10.52984611,142.3168317,131.5,32.06751254,0,0,0,202
building,/content/CompositeTiles/Composite tiles29.TIF,149,70.83881579,70,6.367862871,114.3618421,112,21.31794072,0,0,0,304
building,/content/CompositeTiles/Composite tiles29.TIF,150,69.36431227,68,4.619458359,139.0260223,130,31.73676687,0,0,0,269
building,/content/CompositeTiles/Composite tiles29.TIF,151,73.55837563,70,11.88365312,138.0659898,132,19.90486793,0,0,0,197
not building,/content/CompositeTiles/Composite tiles29.TIF,152,129.9363636,135,20.20205987,85.65,67,48.68871673,0,0,0,220
not building,/content/CompositeTiles/Composite tiles29.TIF,153,126.0186916,131.5,23.26482295,111.9392523,102.5,36.33593329,0,0,0,214
building,/content/CompositeTiles/Composite tiles29.TIF,154,70.07272727,71,3.233468232,138.3151515,132,26.74181972,0,0,0,165
building,/content/CompositeTiles/Composite tiles29.TIF,155,65.61654135,65,3.027994211,119.0601504,115,22.89753554,0,0,0,133
building,/content/CompositeTiles/Composite tiles29.TIF,156,64.28169014,64,2.568405537,101.584507,86,36.74105102,0,0,0,142
building,/content/CompositeTiles/Composite tiles29.TIF,157,74.51666667,72,9.121388174,128.075,122,20.17637335,0,0,0,120
building,/content/CompositeTiles/Composite tiles29.TIF,158,73.25581395,72,5.119167613,166.5503876,163,19.5974849,0,0,0,129
building,/content/CompositeTiles/Composite tiles29.TIF,159,81.18627451,73.5,15.21205043,116.3627451,110,24.94063116,0,0,0,102
not building,/content/CompositeTiles/Composite tiles29.TIF,160,162.1870748,160,11.73498619,128.0102041,110,65.61900363,0,0,0,294
building,/content/CompositeTiles/Composite tiles29.TIF,161,72.72277228,71,5.759398366,144.970297,135,33.95613228,0,0,0,101
building,/content/CompositeTiles/Composite tiles29.TIF,162,71.52739726,70,3.819910358,172.1849315,168,25.17962958,0,0,0,146
not building,/content/CompositeTiles/Composite tiles29.TIF,163,125.4028436,130,19.14558322,127.5687204,108,48.56664711,0,0,0,211
building,/content/CompositeTiles/Composite tiles29.TIF,164,74.02836879,73,5.845460459,134.2659574,131,20.23225544,0,0,0,282
building,/content/CompositeTiles/Composite tiles29.TIF,165,75.08035714,73,8.493315011,123.8392857,118,23.82396511,0,0,0,224
building,/content/CompositeTiles/Composite tiles29.TIF,166,73.81954887,72,6.253822394,171.3233083,167,26.0305052,0,0,0,133
building,/content/CompositeTiles/Composite tiles29.TIF,167,72.68965517,69,9.978782485,171.6982759,167,24.13440091,0,0,0,116
building,/content/CompositeTiles/Composite tiles29.TIF,168,72.23308271,72,3.005977048,179.8796992,179,22.29603882,0,0,0,133
building,/content/CompositeTiles/Composite tiles29.TIF,169,73.69291339,72,12.01672837,184.488189,183,23.63497546,0,0,0,127
not building,/content/CompositeTiles/Composite tiles29.TIF,170,158.254902,167,19.0678285,107.3823529,87.5,53.81195365,0,0,0,102
building,/content/CompositeTiles/Composite tiles29.TIF,171,73.64473684,72,7.154689201,176.3157895,175.5,23.52530023,0,0,0,152
building,/content/CompositeTiles/Composite tiles29.TIF,172,79.07751938,74,15.03773672,153.6589147,149,25.67854234,0,0,0,129
building,/content/CompositeTiles/Composite tiles29.TIF,173,66.13586957,66,2.401995616,126.7282609,116,30.4297492,0,0,0,184
building,/content/CompositeTiles/Composite tiles29.TIF,174,72.30357143,71,3.963762836,166.5178571,163,26.44501781,0,0,0,112
building,/content/CompositeTiles/Composite tiles29.TIF,175,69.96747967,70,3.329920918,127.2439024,111,38.79597277,0,0,0,123
building,/content/CompositeTiles/Composite tiles29.TIF,176,71.88181818,71,4.019796056,132.7636364,119.5,38.22229889,0,0,0,110
not building,/content/CompositeTiles/Composite tiles29.TIF,177,25.28025478,0,33.12913056,44.24203822,0,87.05422582,0,0,0,157
building,/content/CompositeTiles/Composite tiles29.TIF,178,73.60952381,73,5.596759672,178.8190476,174,25.245379,0,0,0,105
building,/content/CompositeTiles/Composite tiles29.TIF,179,79.96527778,73,19.68163738,172.0069444,170,26.11579357,0,0,0,144
not building,/content/CompositeTiles/Composite tiles29.TIF,180,133.1555556,143,27.15036775,140.75,139,38.07198956,0,0,0,180
building,/content/CompositeTiles/Composite tiles29.TIF,181,66.67938931,65,4.913398376,162.4885496,158,26.11348294,0,0,0,131
building,/content/CompositeTiles/Composite tiles29.TIF,182,71.84782609,69,8.423485263,136.2826087,119,43.8157521,0,0,0,230
building,/content/CompositeTiles/Composite tiles29.TIF,183,73.06306306,72,10.09083009,123.2792793,114,29.2029775,0,0,0,111
building,/content/CompositeTiles/Composite tiles29.TIF,184,74.29012346,73,6.72629087,169.6296296,166,23.56129094,0,0,0,162
building,/content/CompositeTiles/Composite tiles29.TIF,185,68.83168317,68,3.365725046,131.0792079,124,27.76374271,0,0,0,101
building,/content/CompositeTiles/Composite tiles29.TIF,186,67.38427948,65,5.984763553,178.2270742,174,20.22754749,0,0,0,229
building,/content/CompositeTiles/Composite tiles29.TIF,187,80.25210084,76,16.0499318,177.9327731,170,32.17356582,0,0,0,119
not building,/content/CompositeTiles/Composite tiles29.TIF,188,158.0686275,157,9.830185409,123.7254902,98.5,63.8512605,0,0,0,102
building,/content/CompositeTiles/Composite tiles29.TIF,189,84.4,75,23.57367729,149.6782609,145,24.28223463,0,0,0,115
building,/content/CompositeTiles/Composite tiles29.TIF,190,72.31472081,70,9.578552424,101.9441624,92,37.10777183,0,0,0,197
building,/content/CompositeTiles/Composite tiles29.TIF,191,81.08387097,76,16.28771745,193.6967742,183,40.96660705,0,0,0,155
not building,/content/CompositeTiles/Composite tiles29.TIF,192,162.4976959,164,11.97044148,201.8110599,214,56.22548635,0,0,0,217
not building,/content/CompositeTiles/Composite tiles29.TIF,193,156.1320755,157,7.18104879,165.5283019,153,46.08998736,0,0,0,318
building,/content/CompositeTiles/Composite tiles29.TIF,194,71.44084279,70,7.839153979,139.6272285,132,29.19265528,0,0,0,617
not building,/content/CompositeTiles/Composite tiles29.TIF,195,146.961165,150,16.41803551,120,103,49.10460402,0,0,0,103
not building,/content/CompositeTiles/Composite tiles29.TIF,196,78.13084112,67,22.25640058,157.0186916,154,58.4484726,0,0,0,107
not building,/content/CompositeTiles/Composite tiles29.TIF,197,127.0952381,134,24.09584979,232.2539683,251.5,34.61235134,0,0,0,252
not building,/content/CompositeTiles/Composite tiles29.TIF,198,150.4108527,154,13.5364065,242.9069767,255,33.17102543,0,0,0,129
building,/content/CompositeTiles/Composite tiles29.TIF,199,69.76190476,70,3.586081054,156.4821429,145,43.57860621,0,0,0,168
building,/content/CompositeTiles/Composite tiles29.TIF,200,80.71428571,71,20.43643048,125.1879699,108,35.10717219,0,0,0,133
building,/content/CompositeTiles/Composite tiles29.TIF,201,73.92825112,74,2.527740282,103.838565,102,11.31295308,0,0,0,223
not building,/content/CompositeTiles/Composite tiles29.TIF,202,76.55570708,69,18.93860434,229.0925951,255,46.07224911,0,0,0,7333
building,/content/CompositeTiles/Composite tiles29.TIF,203,71.28888889,70,3.600137172,132.9222222,129.5,18.19598721,0,0,0,90
not building,/content/CompositeTiles/Composite tiles29.TIF,204,110.0833333,112,18.80473492,151.1041667,144.5,28.36094702,0,0,0,96
not building,/content/CompositeTiles/Composite tiles29.TIF,205,132.8235294,137,20.80507657,119.1529412,99,56.99215754,0,0,0,85
not building,/content/CompositeTiles/Composite tiles29.TIF,206,139.6865672,142,9.869611063,181.3880597,176,41.76156743,0,0,0,67
not building,/content/CompositeTiles/Composite tiles29.TIF,207,142.85,145,11.00882222,102.0666667,94.5,27.85131156,0,0,0,60
not building,/content/CompositeTiles/Composite tiles29.TIF,208,125.8762887,127,8.835562785,214.6804124,212,38.46501862,0,0,0,97
not building,/content/CompositeTiles/Composite tiles29.TIF,209,120.9393939,121,14.64931355,255,255,0,0,0,0,99
building,/content/CompositeTiles/Composite tiles29.TIF,210,73.58730159,74,4.420855769,176.6349206,173,22.70326289,0,0,0,63
not building,/content/CompositeTiles/Composite tiles29.TIF,211,148.3333333,149,5.203783727,181.6190476,177,30.78647846,0,0,0,42
building,/content/CompositeTiles/Composite tiles29.TIF,212,74.92929293,71,11.31304113,136.030303,130,28.56728883,0,0,0,99
not building,/content/CompositeTiles/Composite tiles29.TIF,213,100,98,30.15129127,213.9689781,255,50.72784966,0,0,0,1096
building,/content/CompositeTiles/Composite tiles29.TIF,214,72.81818182,68,13.74586339,204.8181818,200,14.61517382,0,0,0,55
building,/content/CompositeTiles/Composite tiles29.TIF,215,82.03125,77,16.84021299,180.125,180,14.79600875,0,0,0,32
building,/content/CompositeTiles/Composite tiles29.TIF,216,92.22680412,81,30.03245844,145.9793814,146,38.15161814,0,0,0,97
not building,/content/CompositeTiles/Composite tiles29.TIF,217,136.9079365,141,25.21264045,164.552381,159,56.38259007,0,0,0,315
building,/content/CompositeTiles/Composite tiles29.TIF,218,76.70512821,76,5.7581803,131.3589744,126,22.2583746,0,0,0,78
building,/content/CompositeTiles/Composite tiles29.TIF,219,70.43478261,69,8.177785854,132.1413043,126,26.22958068,0,0,0,92
not building,/content/CompositeTiles/Composite tiles29.TIF,220,142.8,141,9.234235816,105.8111111,92,47.62466552,0,0,0,90
building,/content/CompositeTiles/Composite tiles29.TIF,221,67.48235294,67,3.52674409,130.3529412,128,21.86359094,0,0,0,85
building,/content/CompositeTiles/Composite tiles29.TIF,222,70.40740741,65,15.9890223,188.2407407,187.5,13.7557196,0,0,0,54
building,/content/CompositeTiles/Composite tiles29.TIF,223,71.49206349,72,5.479754994,159.1904762,162,29.16175858,0,0,0,63
not building,/content/CompositeTiles/Composite tiles29.TIF,224,121.6382979,137.5,29.21193689,166.9361702,152.5,40.73260195,0,0,0,94
not building,/content/CompositeTiles/Composite tiles29.TIF,225,153.4590164,157,10.56994466,90.26229508,74,42.27656857,0,0,0,61
building,/content/CompositeTiles/Composite tiles29.TIF,226,71.50537634,70,8.244416365,159.3655914,159,26.42082306,0,0,0,93
building,/content/CompositeTiles/Composite tiles29.TIF,227,78.4,74,11.72916593,186.4,182,15.72598699,0,0,0,15
not building,/content/CompositeTiles/Composite tiles29.TIF,228,154,158,9.643650761,128.9090909,117.5,44.86232383,0,0,0,22
not building,/content/CompositeTiles/Composite tiles29.TIF,229,158.0181818,159,13.6552677,145.7757576,132.5,58.68295416,0,0,0,330
not building,/content/CompositeTiles/Composite tiles29.TIF,230,154.55,166,20.52512688,116.975,99,55.76669593,0,0,0,120
not building,/content/CompositeTiles/Composite tiles29.TIF,231,75.60756822,69,15.99820725,254.9577868,255,1.210548411,0,0,0,6633
building,/content/CompositeTiles/Composite tiles29.TIF,232,76.63736264,70,16.05246651,131.2857143,125,24.46045731,0,0,0,91
not building,/content/CompositeTiles/Composite tiles29.TIF,233,159.8611212,160,12.0936172,131.9435805,113,65.59840888,0,0,0,2765
building,/content/CompositeTiles/Composite tiles29.TIF,234,70.40349418,71,7.531702565,178.812396,180,75.96059745,0,0,0,7212
not building,/content/CompositeTiles/Composite tiles29.TIF,235,96.27777778,99.5,18.45807729,125.3055556,117,33.95161545,0,0,0,36
not building,/content/CompositeTiles/Composite tiles29.TIF,236,152.8117155,154,16.35091054,145.2133891,127,71.10816747,0,0,0,717
building,/content/CompositeTiles/Composite tiles29.TIF,237,151.0344828,150,3.408738857,177.5862069,177,13.82530723,0,0,0,29
not building,/content/CompositeTiles/Composite tiles29.TIF,238,103.6077605,90,37.52548079,224.3018005,255,54.00758585,0,0,0,244264
building,/content/CompositeTiles/Composite tiles29.TIF,239,72.93478261,72,5.965123906,119.9565217,117,19.83459486,0,0,0,92
not building,/content/CompositeTiles/Composite tiles29.TIF,240,62.05660377,61,3.50425668,187.8113208,183,13.57030137,0,0,0,53
not building,/content/CompositeTiles/Composite tiles29.TIF,241,159.1012658,160,8.117171885,127.1265823,105,61.58052608,0,0,0,79
not building,/content/CompositeTiles/Composite tiles29.TIF,242,119.9384615,124,18.67279133,92.52307692,68,49.42970384,0,0,0,65
building,/content/CompositeTiles/Composite tiles29.TIF,243,69.56410256,68,7.549137739,110.7692308,97,34.33056614,0,0,0,78
not building,/content/CompositeTiles/Composite tiles29.TIF,244,142.8333333,148,19.50109574,137.2307692,124.5,30.0819066,0,0,0,78
building,/content/CompositeTiles/Composite tiles29.TIF,245,65.49206349,63,5.362636807,141.6190476,134,29.0497267,0,0,0,63
building,/content/CompositeTiles/Composite tiles29.TIF,246,71.6,70,5.743692192,137.6,134,20.29137748,0,0,0,40
not building,/content/CompositeTiles/Composite tiles29.TIF,247,151.8202247,152,8.026027601,153.2134831,138,52.11751456,0,0,0,89
not building,/content/CompositeTiles/Composite tiles29.TIF,248,105.8255814,115.5,23.20645052,111.2209302,98.5,38.22010951,0,0,0,86
not building,/content/CompositeTiles/Composite tiles29.TIF,249,170.7671233,167,11.20728793,196.6027397,200,39.38490766,0,0,0,73
building,/content/CompositeTiles/Composite tiles29.TIF,250,72.56521739,71,4.616379976,173.1413043,167,30.93772901,0,0,0,92
building,/content/CompositeTiles/Composite tiles29.TIF,251,64.40740741,64,4.057542216,212.2222222,204,17.91819546,0,0,0,27
building,/content/CompositeTiles/Composite tiles29.TIF,252,69.46428571,69,3.262143717,162.3928571,162.5,17.43014484,0,0,0,56
building,/content/CompositeTiles/Composite tiles29.TIF,253,66.57777778,64,7.886666354,218.7555556,212,16.50071454,0,0,0,45
building,/content/CompositeTiles/Composite tiles30.TIF,0,70.57083333,71,3.335600791,130.8291667,120,17.80139225,0,0,0,960
building,/content/CompositeTiles/Composite tiles30.TIF,1,81.48982036,84,6.06656326,121.1041916,119,15.84074695,0,0,0,835
building,/content/CompositeTiles/Composite tiles30.TIF,2,78.16839917,83,9.40422337,58.18794179,49,31.91606097,0,0,0,2405
building,/content/CompositeTiles/Composite tiles30.TIF,3,71.97841727,68,9.886988004,141.2709832,147,29.83408874,0,0,0,417
building,/content/CompositeTiles/Composite tiles30.TIF,4,66.09352518,64,6.303923737,113.7482014,108,17.96376323,0,0,0,417
building,/content/CompositeTiles/Composite tiles30.TIF,5,82.85460993,84,3.88534207,132.4255319,129,12.86853,0,0,0,282
building,/content/CompositeTiles/Composite tiles30.TIF,6,67.75324675,67,6.465863238,129.1651206,126,12.7951104,0,0,0,539
building,/content/CompositeTiles/Composite tiles30.TIF,7,71.40859031,72,2.679957631,101.7918502,101,10.65920109,0,0,0,908
not building,/content/CompositeTiles/Composite tiles30.TIF,8,0.3565381,0,6.745510944,0.028222013,0,0.530493779,0,0,0,3189
building,/content/CompositeTiles/Composite tiles30.TIF,9,59.87692308,59,2.996618739,132.7435897,129,19.18081032,0,0,0,195
building,/content/CompositeTiles/Composite tiles30.TIF,10,65.47752809,63,6.646114905,143.4101124,135.5,25.04636844,0,0,0,178
building,/content/CompositeTiles/Composite tiles30.TIF,11,65.9047619,65,4.077480882,163.5185185,152,19.94982929,0,0,0,189
building,/content/CompositeTiles/Composite tiles30.TIF,12,62.91256831,63,2.388040664,189.5546448,189,5.448819771,0,0,0,366
building,/content/CompositeTiles/Composite tiles30.TIF,13,62.19784946,61,4.801388206,150.8924731,149,28.68586343,0,0,0,465
building,/content/CompositeTiles/Composite tiles30.TIF,14,64.95461912,62,12.59278236,120.1928687,118,15.8500903,0,0,0,617
building,/content/CompositeTiles/Composite tiles30.TIF,15,70.49162011,70,5.784170959,81.12849162,77,17.24908623,0,0,0,179
building,/content/CompositeTiles/Composite tiles30.TIF,16,64.81407035,64,3.160784047,145.2261307,140,12.74623289,0,0,0,199
building,/content/CompositeTiles/Composite tiles30.TIF,17,69.30862832,68,9.617628352,143.8373894,138,23.51070873,0,0,0,904
building,/content/CompositeTiles/Composite tiles30.TIF,18,69.66153846,69.5,6.111217739,148.9538462,145,21.40843167,0,0,0,130
building,/content/CompositeTiles/Composite tiles30.TIF,19,66.10638298,66,4.946453888,125.6609043,106,50.66901528,0,0,0,752
building,/content/CompositeTiles/Composite tiles30.TIF,20,68.38554217,69,2.243229843,149.0060241,143,21.68601153,0,0,0,166
building,/content/CompositeTiles/Composite tiles30.TIF,21,68.87727273,69,2.764783703,152.4136364,145.5,26.10166828,0,0,0,220
building,/content/CompositeTiles/Composite tiles30.TIF,22,72.89579525,70,8.786005609,127.2340037,117,31.88685572,0,0,0,547
building,/content/CompositeTiles/Composite tiles30.TIF,23,66.47777778,64,7.036246544,206.4592593,203,37.84368688,0,0,0,270
building,/content/CompositeTiles/Composite tiles30.TIF,24,72.45078459,71,8.070971926,125.9857347,117,36.15195891,0,0,0,701
building,/content/CompositeTiles/Composite tiles30.TIF,25,70.76875,70,3.752035906,170.6375,169,22.72979529,0,0,0,160
not building,/content/CompositeTiles/Composite tiles30.TIF,26,143.7961783,153,25.77151084,220.4458599,255,53.03626867,0,0,0,471
building,/content/CompositeTiles/Composite tiles30.TIF,27,75.67164179,74,8.406443974,183.39801,187,11.82251819,0,0,0,201
building,/content/CompositeTiles/Composite tiles30.TIF,28,96.68421053,83,32.0374237,95.01503759,87,22.52483507,0,0,0,133
building,/content/CompositeTiles/Composite tiles30.TIF,29,67.19196429,67,3.094310401,96.71428571,90,20.34937195,0,0,0,224
not building,/content/CompositeTiles/Composite tiles30.TIF,30,138.1851852,141,14.32105759,178.7671958,168,53.2943189,0,0,0,189
not building,/content/CompositeTiles/Composite tiles30.TIF,31,136.7647059,147,26.67760553,201.5441176,212,56.39251458,0,0,0,136
not building,/content/CompositeTiles/Composite tiles30.TIF,32,137.995283,149,27.22434705,145.0471698,124,57.95507077,0,0,0,212
building,/content/CompositeTiles/Composite tiles30.TIF,33,80.60493827,71,23.99713409,89.62654321,80,24.84431846,0,0,0,324
not building,/content/CompositeTiles/Composite tiles30.TIF,34,133.1936057,143,31.23923323,124.6749556,112,39.42093098,0,0,0,563
not building,/content/CompositeTiles/Composite tiles30.TIF,35,92.71081967,72,34.86039108,238.3383607,255,44.13776797,0,0,0,1525
not building,/content/CompositeTiles/Composite tiles30.TIF,36,93.84942085,97,21.39129179,143.1621622,131,38.48487589,0,0,0,259
building,/content/CompositeTiles/Composite tiles30.TIF,37,71.98095238,72,1.398282069,98.68888889,101,7.517072866,0,0,0,315
not building,/content/CompositeTiles/Composite tiles30.TIF,38,160.5566343,159,11.37365646,115.1359223,108,39.97484206,0,0,0,309
not building,/content/CompositeTiles/Composite tiles30.TIF,39,138.2484848,145,18.68280884,202.4545455,225,55.80653318,0,0,0,165
not building,/content/CompositeTiles/Composite tiles30.TIF,40,126.4704595,139,29.49924344,219.5164114,255,51.87618079,0,0,0,457
building,/content/CompositeTiles/Composite tiles30.TIF,41,66.66903915,66,3.828261938,122.0462633,118,26.38156901,0,0,0,281
building,/content/CompositeTiles/Composite tiles30.TIF,42,66.47524752,67,2.299350142,102.8138614,99,18.96565436,0,0,0,505
building,/content/CompositeTiles/Composite tiles30.TIF,43,70.35221675,68,8.722406598,104.9802956,101,19.79953987,0,0,0,812
building,/content/CompositeTiles/Composite tiles30.TIF,44,68.70018622,68,5.824358083,113.0707635,107,31.28785412,0,0,0,537
building,/content/CompositeTiles/Composite tiles30.TIF,45,67.13609467,67,3.212282109,90.48816568,87,15.81666905,0,0,0,338
building,/content/CompositeTiles/Composite tiles30.TIF,46,64.26815642,64,3.233145805,165.0167598,159,13.756654,0,0,0,179
not building,/content/CompositeTiles/Composite tiles30.TIF,47,63.84482759,62,6.762094463,161.0258621,155,12.17116519,0,0,0,232
building,/content/CompositeTiles/Composite tiles30.TIF,48,68.24761146,67,4.273305605,61.50318471,55,23.65311259,0,0,0,1256
building,/content/CompositeTiles/Composite tiles30.TIF,49,73.13571429,71,6.780445323,131.5714286,122.5,27.91239941,0,0,0,140
building,/content/CompositeTiles/Composite tiles30.TIF,50,65.51829268,65,3.950104292,168.5121951,165,11.4718573,0,0,0,164
building,/content/CompositeTiles/Composite tiles30.TIF,51,61.72490347,61,5.29666223,87.79440154,88,10.85510073,0,0,0,1036
building,/content/CompositeTiles/Composite tiles30.TIF,52,69.44273743,68,6.050376533,79.38268156,74,25.57809668,0,0,0,716
building,/content/CompositeTiles/Composite tiles30.TIF,53,70.21052632,69,5.31647338,128.9671053,123,27.00497463,0,0,0,304
building,/content/CompositeTiles/Composite tiles30.TIF,54,64.50912779,63,4.880978713,95.68762677,87,26.73542121,0,0,0,493
building,/content/CompositeTiles/Composite tiles30.TIF,55,61.3,60,4.410539326,119.2,117,18.50721867,0,0,0,140
building,/content/CompositeTiles/Composite tiles30.TIF,56,63.81097561,64,3.737695459,90.30081301,87,14.60993367,0,0,0,492
not building,/content/CompositeTiles/Composite tiles30.TIF,57,137.502924,154,33.83765408,135.6959064,111,63.52695183,0,0,0,171
not building,/content/CompositeTiles/Composite tiles30.TIF,58,81.14181818,67,29.05139453,242.7018182,255,28.20648211,0,0,0,275
not building,/content/CompositeTiles/Composite tiles30.TIF,59,148.4484945,152,23.06986825,70.96354992,58,34.23041533,0,0,0,631
not building,/content/CompositeTiles/Composite tiles30.TIF,60,63.875,62,8.044213759,179.45,176.5,12.06154357,0,0,0,120
building,/content/CompositeTiles/Composite tiles30.TIF,61,65.43779904,65,5.928376892,108.4497608,107,19.4764884,0,0,0,418
building,/content/CompositeTiles/Composite tiles30.TIF,62,61.14030612,61,3.175674106,167.255102,172,14.946033,0,0,0,392
not building,/content/CompositeTiles/Composite tiles30.TIF,63,156.5206125,156,10.99479957,125.3321555,105,67.50057656,0,0,0,849
building,/content/CompositeTiles/Composite tiles30.TIF,64,75.28571429,69,19.08101239,85.9702381,81,19.34998019,0,0,0,168
building,/content/CompositeTiles/Composite tiles30.TIF,65,64.36681887,64,3.764489339,88.63013699,82,19.28158415,0,0,0,657
building,/content/CompositeTiles/Composite tiles30.TIF,66,68.89473684,69,4.060006959,145.6842105,142,19.95456057,0,0,0,190
building,/content/CompositeTiles/Composite tiles30.TIF,67,85.64948454,80,18.06253431,91.66323024,85,24.07897919,0,0,0,291
building,/content/CompositeTiles/Composite tiles30.TIF,68,67.50625,68,1.346276694,96.9375,93,16.68258355,0,0,0,160
not building,/content/CompositeTiles/Composite tiles30.TIF,69,125.5460993,142,30.65555037,114.8666667,97,52.86272154,0,0,0,705
not building,/content/CompositeTiles/Composite tiles30.TIF,70,130.9816754,150,37.15613271,111.2984293,95,41.68066017,0,0,0,382
building,/content/CompositeTiles/Composite tiles30.TIF,71,68.14127424,67,9.616726399,145.9418283,134,41.84219723,0,0,0,361
not building,/content/CompositeTiles/Composite tiles30.TIF,72,86.37190083,67,30.84596019,193.4214876,191,13.78030219,0,0,0,121
not building,/content/CompositeTiles/Composite tiles30.TIF,73,113.8166384,118,10.66102154,254.9966044,255,0.082338578,0,0,0,589
not building,/content/CompositeTiles/Composite tiles30.TIF,74,89.38197425,87,26.27855114,202.9184549,191,24.40356783,0,0,0,233
building,/content/CompositeTiles/Composite tiles30.TIF,75,64.95163807,65,4.712565071,129.6411856,115,38.24955972,0,0,0,641
not building,/content/CompositeTiles/Composite tiles30.TIF,76,144.2715736,144,15.66851588,141.8096447,133,42.3906992,0,0,0,394
building,/content/CompositeTiles/Composite tiles30.TIF,77,64.90043924,62,12.25959032,124.3382138,120,21.22441178,0,0,0,683
not building,/content/CompositeTiles/Composite tiles30.TIF,78,139.3523316,141,15.05586169,232.857513,255,38.47639621,0,0,0,386
building,/content/CompositeTiles/Composite tiles30.TIF,79,73.01639344,71,6.505966501,140.4836066,129,30.42411511,0,0,0,122
building,/content/CompositeTiles/Composite tiles30.TIF,80,62.65594059,61,4.827770262,110.345297,105,28.1436525,0,0,0,808
building,/content/CompositeTiles/Composite tiles30.TIF,81,81.03318584,75,18.05537832,89.43362832,83,23.00581924,0,0,0,452
not building,/content/CompositeTiles/Composite tiles30.TIF,82,111.4266055,119,28.86989631,241.7813456,255,27.05633867,0,0,0,654
not building,/content/CompositeTiles/Composite tiles30.TIF,83,125.9962264,138,34.47837694,172.7811321,164,54.74404614,0,0,0,265
building,/content/CompositeTiles/Composite tiles30.TIF,84,61.85714286,61,2.993416813,88.23174603,86,10.17935704,0,0,0,315
building,/content/CompositeTiles/Composite tiles30.TIF,85,64.53676471,63,9.288598394,128.9191176,127,17.41156442,0,0,0,136
building,/content/CompositeTiles/Composite tiles30.TIF,86,67.14738929,65,5.972958018,212.945803,196,40.93610158,0,0,0,1513
building,/content/CompositeTiles/Composite tiles30.TIF,87,64.26072607,62,7.025743008,113.6864686,111,15.91533027,0,0,0,303
not building,/content/CompositeTiles/Composite tiles30.TIF,88,122.2087407,124,21.24236801,248.3036228,255,33.19773376,0,0,0,1739
not building,/content/CompositeTiles/Composite tiles30.TIF,89,128.4864865,130,16.48360631,225.375,242.5,34.40976129,0,0,0,296
building,/content/CompositeTiles/Composite tiles30.TIF,90,63.75268817,63,8.328156561,149.4247312,128,38.78098458,0,0,0,186
not building,/content/CompositeTiles/Composite tiles30.TIF,91,160.2951778,161,12.26070756,138.7520701,119,67.06979158,0,0,0,2053
building,/content/CompositeTiles/Composite tiles30.TIF,92,65.41139241,65,3.075278616,187.9240506,198,32.10614206,0,0,0,158
building,/content/CompositeTiles/Composite tiles30.TIF,93,71.38271605,71,2.531616871,178.0679012,177,25.18870179,0,0,0,162
not building,/content/CompositeTiles/Composite tiles30.TIF,94,146.4615385,147,21.4501762,174.9615385,167.5,52.04161114,0,0,0,130
building,/content/CompositeTiles/Composite tiles30.TIF,95,74.19078947,75,6.233117781,111.7894737,102,31.2987791,0,0,0,152
building,/content/CompositeTiles/Composite tiles30.TIF,96,70.57727273,70,3.71158283,112.9613636,110,15.32484192,0,0,0,440
building,/content/CompositeTiles/Composite tiles30.TIF,97,63.04470588,61,6.52671444,90.01882353,83,22.91487313,0,0,0,425
building,/content/CompositeTiles/Composite tiles30.TIF,98,65.07455429,62,13.3323415,119.8995138,109,33.58136228,0,0,0,617
not building,/content/CompositeTiles/Composite tiles30.TIF,99,143.2280702,153,25.97638438,208.377193,223,48.37543061,0,0,0,114
not building,/content/CompositeTiles/Composite tiles30.TIF,100,96.98611111,88,19.86586482,85.48263889,79.5,29.27621767,0,0,0,288
not building,/content/CompositeTiles/Composite tiles30.TIF,101,82.67407407,68,23.02231756,177.7259259,169,22.25289981,0,0,0,135
building,/content/CompositeTiles/Composite tiles30.TIF,102,64.50439883,65,3.742928191,90.84457478,88,15.84055103,0,0,0,341
not building,/content/CompositeTiles/Composite tiles30.TIF,103,141.7529412,154,27.3366403,192.572549,195,58.32916762,0,0,0,255
building,/content/CompositeTiles/Composite tiles30.TIF,104,68.9706499,69,4.578133494,62.78825996,59,13.80408093,0,0,0,477
not building,/content/CompositeTiles/Composite tiles30.TIF,105,1.50606469,0,14.91686182,0.091644205,0,0.888507178,0,0,0,1484
building,/content/CompositeTiles/Composite tiles30.TIF,106,69.09736842,69,3.001489704,84.73157895,80.5,19.41476792,0,0,0,380
building,/content/CompositeTiles/Composite tiles30.TIF,107,60.64363636,59,5.328508699,137.7,133.5,21.66989953,0,0,0,550
building,/content/CompositeTiles/Composite tiles30.TIF,108,63.62212944,65,10.94807496,121.8105428,121,9.219720713,0,0,0,1916
building,/content/CompositeTiles/Composite tiles30.TIF,109,70.08978328,70,3.058964537,135.9380805,133,17.60002477,0,0,0,323
building,/content/CompositeTiles/Composite tiles30.TIF,110,71.72,73,4.713793124,103.2266667,103,8.086626893,0,0,0,2850
not building,/content/CompositeTiles/Composite tiles30.TIF,111,1.882648601,0,15.36534237,0.634069056,0,11.34679367,0,0,0,9152
building,/content/CompositeTiles/Composite tiles30.TIF,112,62.77578475,63,2.793963093,164.4304933,165,6.885571007,0,0,0,223
building,/content/CompositeTiles/Composite tiles30.TIF,113,61.67433832,61,4.775854805,149.5166858,149,27.00387834,0,0,0,869
building,/content/CompositeTiles/Composite tiles30.TIF,114,67.51505792,69,5.224197958,59.52046332,58,11.08831545,0,0,0,1295
building,/content/CompositeTiles/Composite tiles30.TIF,115,62.12288136,62,3.031918088,130.6059322,126,20.36139082,0,0,0,236
not building,/content/CompositeTiles/Composite tiles30.TIF,116,143.0067568,153.5,25.09428077,159.4324324,139.5,63.81330055,0,0,0,148
building,/content/CompositeTiles/Composite tiles30.TIF,117,68.96036036,65,16.39419409,130.7720721,126,22.55190878,0,0,0,1110
building,/content/CompositeTiles/Composite tiles30.TIF,118,71.53830228,73,3.371840133,102.8723257,103,6.104189708,0,0,0,1449
building,/content/CompositeTiles/Composite tiles30.TIF,119,62.49185668,62,2.870000761,141.3094463,130,38.21930557,0,0,0,307
building,/content/CompositeTiles/Composite tiles30.TIF,120,62.97455471,62,3.501270415,146.4656489,163,26.57055451,0,0,0,393
building,/content/CompositeTiles/Composite tiles30.TIF,121,76.57916667,72,12.25263506,103.1375,97,20.9664874,0,0,0,240
building,/content/CompositeTiles/Composite tiles30.TIF,122,66.33376793,66,3.421032311,146.202086,144,16.50086627,0,0,0,767
not building,/content/CompositeTiles/Composite tiles30.TIF,123,147.2513369,148,7.118247684,125.3262032,113,47.25689841,0,0,0,187
building,/content/CompositeTiles/Composite tiles30.TIF,124,75.3963964,70,15.76132756,111.1471471,104,25.84916921,0,0,0,333
building,/content/CompositeTiles/Composite tiles30.TIF,125,68.19148936,68,3.198880331,154.3652482,153,12.77622174,0,0,0,282
building,/content/CompositeTiles/Composite tiles30.TIF,126,66.95395242,67,6.816261826,60.19007419,58,12.16510212,0,0,0,3909
building,/content/CompositeTiles/Composite tiles30.TIF,127,68.55333333,69,2.786961707,133.4266667,123,20.58424856,0,0,0,150
building,/content/CompositeTiles/Composite tiles30.TIF,128,67.38121547,68,3.98710823,59.32504604,59,8.625642675,0,0,0,1086
building,/content/CompositeTiles/Composite tiles30.TIF,129,66.66666667,65,4.851731175,117.3902439,114,24.47286008,0,0,0,123
building,/content/CompositeTiles/Composite tiles30.TIF,130,70.77446809,70,7.046667179,213.6382979,206,33.80785854,0,0,0,235
building,/content/CompositeTiles/Composite tiles30.TIF,131,69.03882353,69,3.961835407,73.14117647,68,22.97791929,0,0,0,850
not building,/content/CompositeTiles/Composite tiles30.TIF,132,1.000929368,0,12.37258478,0.065055762,0,0.803943635,0,0,0,1076
building,/content/CompositeTiles/Composite tiles30.TIF,133,66.84475965,67,4.085610418,95.82190701,92,19.76045974,0,0,0,1269
building,/content/CompositeTiles/Composite tiles30.TIF,134,60.03174603,58,5.592918578,97.03637566,96,21.57236804,0,0,0,1512
building,/content/CompositeTiles/Composite tiles30.TIF,135,69.74179743,69,7.204399644,103.0228245,103,19.09693102,0,0,0,701
building,/content/CompositeTiles/Composite tiles30.TIF,136,60.40559441,60,4.509256621,125.048951,124,17.81871754,0,0,0,715
building,/content/CompositeTiles/Composite tiles30.TIF,137,67.86297376,66,8.428841187,160.851312,157,46.34625094,0,0,0,343
building,/content/CompositeTiles/Composite tiles30.TIF,138,69.57552083,71,3.181902723,142.1901042,139,10.35227461,0,0,0,384
building,/content/CompositeTiles/Composite tiles30.TIF,139,66.84342857,67,5.32858059,120.1702857,97,52.12083354,0,0,0,1750
building,/content/CompositeTiles/Composite tiles30.TIF,140,66.55646817,67,4.127883132,86.80082136,86,17.11836314,0,0,0,487
not building,/content/CompositeTiles/Composite tiles30.TIF,141,154.4213198,155,13.86007494,144.6472081,132,47.018086,0,0,0,394
building,/content/CompositeTiles/Composite tiles30.TIF,142,67.81282051,68,4.832936119,111.225641,109,10.0496388,0,0,0,390
not building,/content/CompositeTiles/Composite tiles30.TIF,143,1.932084309,0,16.44075046,0.327088212,0,7.200103545,0,0,0,2562
building,/content/CompositeTiles/Composite tiles30.TIF,144,66.42923434,66,2.541347929,124.0556845,121,17.81528474,0,0,0,431
building,/content/CompositeTiles/Composite tiles30.TIF,145,65.85232068,60,17.71740559,110.3227848,107,14.94064303,0,0,0,474
building,/content/CompositeTiles/Composite tiles30.TIF,146,66.10204082,66,2.166151329,127.1690962,126,14.97073846,0,0,0,343
building,/content/CompositeTiles/Composite tiles30.TIF,147,62.19940916,62,6.923306363,110.0029542,119,30.41228261,0,0,0,677
building,/content/CompositeTiles/Composite tiles30.TIF,148,63.74803973,64,6.517360112,124.7224255,116,46.66705155,0,0,0,1913
building,/content/CompositeTiles/Composite tiles30.TIF,149,66.47058824,65,6.428031884,95.74531351,88,31.23131016,0,0,0,1547
building,/content/CompositeTiles/Composite tiles30.TIF,150,59.78181818,59,3.633301741,148.4,146,18.20782383,0,0,0,165
building,/content/CompositeTiles/Composite tiles30.TIF,151,67.83503055,67,7.21895523,121.1771894,110,38.77570324,0,0,0,491
building,/content/CompositeTiles/Composite tiles30.TIF,152,65.33005464,65,4.353294525,72,69,12.70032916,0,0,0,915
building,/content/CompositeTiles/Composite tiles30.TIF,153,69.28627451,67,10.69324543,118.3764706,120,13.97025676,0,0,0,255
building,/content/CompositeTiles/Composite tiles30.TIF,154,64.24901704,64,4.539572148,102.3892529,95,32.25627215,0,0,0,1526
building,/content/CompositeTiles/Composite tiles30.TIF,155,56.85810811,56,4.871793427,109.6036036,107.5,16.19825331,0,0,0,444
building,/content/CompositeTiles/Composite tiles30.TIF,156,63.13953488,62,3.905361423,123.1705426,121,17.79866907,0,0,0,129
building,/content/CompositeTiles/Composite tiles30.TIF,157,65.81367521,65,5.780706283,132.4581197,124,26.54791585,0,0,0,585
not building,/content/CompositeTiles/Composite tiles30.TIF,158,143.6256983,146,19.70932935,222.0614525,255,48.3005213,0,0,0,179
not building,/content/CompositeTiles/Composite tiles30.TIF,159,140.3846154,154,26.52839832,141.4423077,113,68.72867878,0,0,0,104
building,/content/CompositeTiles/Composite tiles30.TIF,160,62.96875,62,5.808046009,131.40625,118,34.2838422,0,0,0,128
building,/content/CompositeTiles/Composite tiles30.TIF,161,62.46116505,62,3.567102466,102.1893204,104,13.76988703,0,0,0,206
building,/content/CompositeTiles/Composite tiles30.TIF,162,62.73636364,63,3.436904719,125.8454545,120,22.99335333,0,0,0,110
building,/content/CompositeTiles/Composite tiles30.TIF,163,57.32830821,56,4.977276941,108.0469012,106,13.11849659,0,0,0,597
not building,/content/CompositeTiles/Composite tiles30.TIF,164,145.3157895,155,27.3107467,183.5087719,180,60.5424184,0,0,0,171
building,/content/CompositeTiles/Composite tiles30.TIF,165,66.17647059,66,4.912079193,83.72268908,79,15.71806453,0,0,0,119
building,/content/CompositeTiles/Composite tiles30.TIF,166,69.30749354,68,4.302036135,96.69509044,94,14.16112711,0,0,0,387
building,/content/CompositeTiles/Composite tiles30.TIF,167,67.2038835,67,6.858287062,103.4466019,103,16.46457106,0,0,0,103
building,/content/CompositeTiles/Composite tiles30.TIF,168,66.76515152,63,12.74865403,125.4545455,127,9.254289453,0,0,0,132
building,/content/CompositeTiles/Composite tiles30.TIF,169,255,255,0,255,255,0,255,255,0,17075
building,/content/CompositeTiles/Composite tiles30.TIF,170,57.12125163,55,5.680971188,65.84876141,61,21.5278376,0,0,0,767
building,/content/CompositeTiles/Composite tiles30.TIF,171,66.32635983,65,2.767522292,93.14225941,87,23.5042205,0,0,0,239
building,/content/CompositeTiles/Composite tiles30.TIF,172,71.38251366,69,7.713172341,82.46448087,76,23.44433229,0,0,0,183
not building,/content/CompositeTiles/Composite tiles30.TIF,173,145.7989822,161,31.43631713,127.8040712,97,71.42735795,0,0,0,393
building,/content/CompositeTiles/Composite tiles30.TIF,174,67.29657795,67,2.641340626,82.26235741,77,22.52188605,0,0,0,263
building,/content/CompositeTiles/Composite tiles30.TIF,175,60.33333333,60,1.782348921,187.625,188,15.13773568,0,0,0,264
building,/content/CompositeTiles/Composite tiles30.TIF,176,64.04216867,63,3.155321399,172.4578313,168,16.27608283,0,0,0,166
building,/content/CompositeTiles/Composite tiles30.TIF,177,61.59951456,61,4.989532709,116.5218447,117,23.23031599,0,0,0,412
building,/content/CompositeTiles/Composite tiles30.TIF,178,68.40703518,68,5.10986343,106.201005,92,41.86950053,0,0,0,199
not building,/content/CompositeTiles/Composite tiles30.TIF,179,146.8097826,155,22.74245484,244.826087,255,22.91743626,0,0,0,184
building,/content/CompositeTiles/Composite tiles30.TIF,180,63.45695364,63,3.336999285,147.7880795,141,23.80205603,0,0,0,151
building,/content/CompositeTiles/Composite tiles30.TIF,181,61.99688474,60,4.446636478,141.1339564,139,22.0881299,0,0,0,321
building,/content/CompositeTiles/Composite tiles30.TIF,182,77.13333333,75,10.45073097,122.6088889,117,23.36622275,0,0,0,225
building,/content/CompositeTiles/Composite tiles30.TIF,183,63.13253012,62,4.212062667,120.3433735,115,18.91984165,0,0,0,166
not building,/content/CompositeTiles/Composite tiles30.TIF,184,119.5789474,132,31.95608136,138.9849624,115,67.86629768,0,0,0,133
building,/content/CompositeTiles/Composite tiles30.TIF,185,70.73529412,71,4.185470833,108.3161765,100,31.65756628,0,0,0,136
building,/content/CompositeTiles/Composite tiles30.TIF,186,62.97297297,63,2.255461677,140.2972973,130,26.15247894,0,0,0,296
building,/content/CompositeTiles/Composite tiles30.TIF,187,66.03333333,66,3.346474098,150.9833333,146.5,43.45092698,0,0,0,120
building,/content/CompositeTiles/Composite tiles30.TIF,188,73.90131579,74,7.511184527,116.4407895,113,17.15016248,0,0,0,152
building,/content/CompositeTiles/Composite tiles30.TIF,189,65.74387528,66,1.896865106,130.4699332,127,19.96677887,0,0,0,449
building,/content/CompositeTiles/Composite tiles30.TIF,190,67.29411765,68,4.892875717,164.9411765,161,25.79975883,0,0,0,187
building,/content/CompositeTiles/Composite tiles30.TIF,191,63.56081081,64,2.281613794,100.0067568,85.5,41.27159494,0,0,0,148
building,/content/CompositeTiles/Composite tiles30.TIF,192,76.18421053,69,21.37553356,120.6885965,98,47.77665924,0,0,0,228
building,/content/CompositeTiles/Composite tiles30.TIF,193,65.20121951,63,6.484672245,107.6585366,97,31.2582553,0,0,0,164
building,/content/CompositeTiles/Composite tiles30.TIF,194,67.49342105,66,5.670789315,128.1578947,117.5,37.20216909,0,0,0,152
building,/content/CompositeTiles/Composite tiles30.TIF,195,63.06565657,62,3.423881123,134.239899,132,17.88333472,0,0,0,396
not building,/content/CompositeTiles/Composite tiles30.TIF,196,142.6981567,152,26.55580415,202.7672811,205,43.92881483,0,0,0,434
building,/content/CompositeTiles/Composite tiles30.TIF,197,65.14444444,65,3.038863498,63.71666667,59,19.42829409,0,0,0,180
building,/content/CompositeTiles/Composite tiles30.TIF,198,69.35501355,69,5.322268304,156.5718157,140,36.4488113,0,0,0,369
building,/content/CompositeTiles/Composite tiles30.TIF,199,69.49206349,68,5.276852765,99.63095238,93.5,26.57130856,0,0,0,252
not building,/content/CompositeTiles/Composite tiles30.TIF,200,128.9108911,146,30.65428402,78.69306931,62,34.33317899,0,0,0,101
not building,/content/CompositeTiles/Composite tiles30.TIF,201,137.4301471,151,33.21074305,201.3602941,255,63.9066997,0,0,0,816
building,/content/CompositeTiles/Composite tiles30.TIF,202,62.11607143,61,3.771948946,127.7410714,119,26.57561501,0,0,0,112
building,/content/CompositeTiles/Composite tiles30.TIF,203,62.18115942,61,4.305768809,136.9710145,135.5,16.22752271,0,0,0,138
building,/content/CompositeTiles/Composite tiles30.TIF,204,65.44117647,65,5.170757766,134.9509804,130,22.15337687,0,0,0,102
building,/content/CompositeTiles/Composite tiles30.TIF,205,65.65560821,66,4.792853189,97.74249605,86,29.5425638,0,0,0,633
building,/content/CompositeTiles/Composite tiles30.TIF,206,63.75681342,63,4.173338145,151.3899371,163,31.60545132,0,0,0,477
building,/content/CompositeTiles/Composite tiles30.TIF,207,72.10792453,74,5.728154024,103.0241509,103,8.122237222,0,0,0,1325
building,/content/CompositeTiles/Composite tiles30.TIF,208,70.44565217,70,5.041920205,140.0543478,131,24.80724129,0,0,0,276
building,/content/CompositeTiles/Composite tiles30.TIF,209,67.38679245,67,5.782938071,140.7983491,134,37.13966053,0,0,0,848
building,/content/CompositeTiles/Composite tiles30.TIF,210,59.45730028,58,5.561928211,91.50137741,91,12.08761434,0,0,0,1089
building,/content/CompositeTiles/Composite tiles30.TIF,211,62.54978355,62,3.081278119,96.91341991,90,17.83889767,0,0,0,231
building,/content/CompositeTiles/Composite tiles30.TIF,212,68.46946565,66,11.94952101,143.3931298,129.5,46.05383954,0,0,0,262
building,/content/CompositeTiles/Composite tiles30.TIF,213,83.43667482,67,34.3805188,164.3555012,150,47.31484593,0,0,0,2045
building,/content/CompositeTiles/Composite tiles30.TIF,214,65.43601059,65,4.635772754,143.929391,110,65.69197392,0,0,0,1133
building,/content/CompositeTiles/Composite tiles30.TIF,215,85.95329341,68,35.66118302,133.7497006,115,49.27674127,0,0,0,1670
building,/content/CompositeTiles/Composite tiles30.TIF,216,77.6438152,74,13.46640528,122.0804769,90,62.66975937,0,0,0,671
building,/content/CompositeTiles/Composite tiles30.TIF,217,64.53351955,63,5.005331729,134.6787709,135.5,19.84366684,0,0,0,358
building,/content/CompositeTiles/Composite tiles30.TIF,218,64.73752969,64,5.192379084,123.8171021,118,31.63936921,0,0,0,842
building,/content/CompositeTiles/Composite tiles30.TIF,219,64.83454282,64,3.424732439,192.08418,168,39.94413947,0,0,0,689
not building,/content/CompositeTiles/Composite tiles30.TIF,220,124.832,126,34.38923925,209.216,208,43.27116065,0,0,0,125
building,/content/CompositeTiles/Composite tiles30.TIF,221,80.98339483,84,6.663893257,114.3302583,114,11.97860052,0,0,0,542
building,/content/CompositeTiles/Composite tiles30.TIF,222,69.04225352,69,2.044825966,127.8028169,118,29.80387522,0,0,0,71
building,/content/CompositeTiles/Composite tiles30.TIF,223,73.06849315,69,14.69071906,184.9452055,185,5.296394253,0,0,0,73
not building,/content/CompositeTiles/Composite tiles30.TIF,224,138.0684932,152,29.05796228,140.369863,123,53.49318401,0,0,0,73
not building,/content/CompositeTiles/Composite tiles30.TIF,225,66.7,67,2.354428452,220.4,218,14.49275681,0,0,0,30
building,/content/CompositeTiles/Composite tiles30.TIF,226,66.28395062,67,4.055889082,118.8024691,115,15.77341078,0,0,0,81
not building,/content/CompositeTiles/Composite tiles30.TIF,227,78.87878788,73,16.54334541,117.7121212,111,24.80027196,0,0,0,66
not building,/content/CompositeTiles/Composite tiles30.TIF,228,124.1428571,126,16.42960659,183.047619,169,32.58173048,0,0,0,21
building,/content/CompositeTiles/Composite tiles30.TIF,229,72.15135135,72,7.256595197,140.8486486,130,41.99869767,0,0,0,185
building,/content/CompositeTiles/Composite tiles30.TIF,230,73.17647059,68,15.30103916,117.1058824,107,29.43748052,0,0,0,85
building,/content/CompositeTiles/Composite tiles30.TIF,231,64.975,61,8.756390523,179.4125,182,12.90125357,0,0,0,80
building,/content/CompositeTiles/Composite tiles30.TIF,232,73.4047619,71,7.245883967,127.0952381,122,20.61935005,0,0,0,84
building,/content/CompositeTiles/Composite tiles30.TIF,233,66.28571429,65,4.245646029,32.23214286,25,16.16432477,0,0,0,56
building,/content/CompositeTiles/Composite tiles30.TIF,234,67.12171508,65,10.41671767,124.2669433,116,36.77736615,0,0,0,723
not building,/content/CompositeTiles/Composite tiles30.TIF,235,145.2512821,147,15.53986115,146.1470085,139,45.42327724,0,0,0,585
building,/content/CompositeTiles/Composite tiles30.TIF,236,68.59428571,69,4.82741829,111.0685714,107,14.17083063,0,0,0,700
not building,/content/CompositeTiles/Composite tiles30.TIF,237,97.80440771,78,35.83952267,239.2534435,255,38.4523849,0,0,0,1089
building,/content/CompositeTiles/Composite tiles30.TIF,238,72.44285714,74,5.881291681,204.7571429,200.5,16.64969816,0,0,0,70
not building,/content/CompositeTiles/Composite tiles30.TIF,239,141.4893617,146,11.19816159,179.3191489,187,46.65222459,0,0,0,47
building,/content/CompositeTiles/Composite tiles30.TIF,240,83.06714569,68,30.91567066,138.0564916,111,76.08881462,0,0,0,4036
not building,/content/CompositeTiles/Composite tiles30.TIF,241,159.0467602,159,11.86014942,124.3099532,105,62.76501426,0,0,0,1497
not building,/content/CompositeTiles/Composite tiles30.TIF,242,134.6113062,147,34.71099391,161.2286336,151,78.46319774,0,0,0,5979
building,/content/CompositeTiles/Composite tiles30.TIF,243,63.79496855,63,6.165391322,113.2830189,110,17.74789635,0,0,0,795
building,/content/CompositeTiles/Composite tiles30.TIF,244,73.70988447,63,26.34671641,138.3318357,115,60.51849907,0,0,0,1558
not building,/content/CompositeTiles/Composite tiles30.TIF,245,75.45833333,61,26.07917299,223.4791667,217.5,23.83186731,0,0,0,96
building,/content/CompositeTiles/Composite tiles30.TIF,246,66.62040816,66,2.794818792,73.75510204,70,24.78555423,0,0,0,245
building,/content/CompositeTiles/Composite tiles30.TIF,247,67.26540284,67,5.520808307,159.3222749,158,23.58910558,0,0,0,211
building,/content/CompositeTiles/Composite tiles30.TIF,248,65.76575121,65,5.530212791,136.8877221,126,35.09962044,0,0,0,1238
not building,/content/CompositeTiles/Composite tiles30.TIF,249,118.2777778,126,27.44652489,242.7777778,255,29.83762642,0,0,0,18
not building,/content/CompositeTiles/Composite tiles30.TIF,250,1.875644109,0,15.47927752,0.143765029,0,1.162705467,0,0,0,5822
not building,/content/CompositeTiles/Composite tiles30.TIF,251,67.68518519,68,2.740803303,98.44444444,97,9.435289681,0,0,0,54
not building,/content/CompositeTiles/Composite tiles30.TIF,252,151.8059701,150,8.199451758,180.358209,171,50.68624633,0,0,0,67
not building,/content/CompositeTiles/Composite tiles30.TIF,253,76.3968774,66,26.03096931,204.4838347,255,71.40888034,0,0,0,53417
not building,/content/CompositeTiles/Composite tiles30.TIF,254,112.4285714,110,16.57088122,163.1904762,152,40.62326222,0,0,0,63
not building,/content/CompositeTiles/Composite tiles30.TIF,255,67.98863636,67,4.872217897,170.1363636,159,36.9588782,0,0,0,88
building,/content/CompositeTiles/Composite tiles30.TIF,256,70.66666667,66,12.25651754,115.1979167,107.5,26.71010256,0,0,0,96
building,/content/CompositeTiles/Composite tiles30.TIF,257,64.91132572,65,5.995758224,122.3081651,108,40.60731708,0,0,0,1139
building,/content/CompositeTiles/Composite tiles30.TIF,258,68.01190476,68,3.278697649,108.3452381,107,16.91962375,0,0,0,84
not building,/content/CompositeTiles/Composite tiles30.TIF,259,125.5641026,134.5,25.40875568,245.0897436,255,25.75286188,0,0,0,78
building,/content/CompositeTiles/Composite tiles30.TIF,260,81.79591837,70.5,24.05985698,168.0204082,172,24.31468003,0,0,0,98
building,/content/CompositeTiles/Composite tiles30.TIF,261,65.8287037,66,4.820222657,112.7384259,106,23.74563518,0,0,0,432
not building,/content/CompositeTiles/Composite tiles30.TIF,262,76.30940334,66,33.86211473,191.8441564,255,81.53089172,0.036594066,0,3.054529057,243892
building,/content/CompositeTiles/Composite tiles30.TIF,263,67.01704848,66,10.18097965,138.9222163,136,25.34806864,0,0,0,1877
not building,/content/CompositeTiles/Composite tiles30.TIF,264,135.3424658,140,15.3812011,101.1917808,81,58.33128288,0,0,0,73
building,/content/CompositeTiles/Composite tiles30.TIF,265,61.69791667,61,3.038365075,170.3229167,165,19.23890091,0,0,0,96
building,/content/CompositeTiles/Composite tiles30.TIF,266,67.97777778,68.5,2.529724525,189.7666667,189,19.96221431,0,0,0,90
building,/content/CompositeTiles/Composite tiles30.TIF,267,65.61038961,63,7.36815867,135,122,33.54121326,0,0,0,77
not building,/content/CompositeTiles/Composite tiles30.TIF,268,138.8977273,142,16.95518141,199.5340909,185.5,40.6528957,0,0,0,88
not building,/content/CompositeTiles/Composite tiles30.TIF,269,129.5833333,133.5,20.37137834,98.42708333,79,49.39271724,0,0,0,96
building,/content/CompositeTiles/Composite tiles30.TIF,270,66.45833333,67,5.72078933,167.8958333,170.5,21.21000116,0,0,0,96
not building,/content/CompositeTiles/Composite tiles30.TIF,271,89.57894737,77,22.13146317,175.1473684,163,23.03542737,0,0,0,95
building,/content/CompositeTiles/Composite tiles30.TIF,272,84.91836735,89,13.94279382,203.755102,189,23.41378507,0,0,0,98
not building,/content/CompositeTiles/Composite tiles30.TIF,273,149.4146341,148,8.131467362,117.8902439,95.5,75.32563553,0,0,0,82
building,/content/CompositeTiles/Composite tiles30.TIF,274,66.63157895,66,4.269975056,106.9894737,109,24.7537322,0,0,0,95
building,/content/CompositeTiles/Composite tiles30.TIF,275,69.76623377,68,5.1443983,90.81818182,85,21.81130844,0,0,0,154
building,/content/CompositeTiles/Composite tiles30.TIF,276,85.87711163,68,34.73687784,151.8592249,129,68.63610514,0,0,0,6038
building,/content/CompositeTiles/Composite tiles30.TIF,277,77.90625,72,13.63212973,137.78125,138,32.47281014,0,0,0,96
not building,/content/CompositeTiles/Composite tiles30.TIF,278,116.1377424,116,33.70506269,183.4654401,185,63.45848084,0,0,0,2011
not building,/content/CompositeTiles/Composite tiles30.TIF,279,111.5857143,115,30.20808447,235.3285714,255,33.98811617,0,0,0,70
not building,/content/CompositeTiles/Composite tiles40.TIF,0,161.8810409,163,12.24170963,142.5669145,124,66.93208136,0,0,0,538
building,/content/CompositeTiles/Composite tiles40.TIF,1,128.3148148,141,29.70484377,172.8125,162,33.31373773,0,0,0,432
not building,/content/CompositeTiles/Composite tiles40.TIF,2,59.69607843,57,9.435320807,128.6176471,128,9.273665136,0,0,0,204
not building,/content/CompositeTiles/Composite tiles40.TIF,3,65.62629758,63,5.882835315,177.8788927,173,16.6376778,0,0,0,289
building,/content/CompositeTiles/Composite tiles40.TIF,4,69.609375,67,11.37790785,125.4739583,119,23.72211848,0,0,0,192
not building,/content/CompositeTiles/Composite tiles40.TIF,5,159.9448819,161,8.895993159,150.0393701,137,59.824073,0,0,0,127
building,/content/CompositeTiles/Composite tiles40.TIF,6,67.23033708,59.5,22.05146638,130.3370787,125,27.85897222,0,0,0,178
building,/content/CompositeTiles/Composite tiles40.TIF,7,65.65470852,63,11.42324994,138.8475336,136,28.11521907,0,0,0,446
building,/content/CompositeTiles/Composite tiles40.TIF,8,72.70982143,69,14.21991473,119.9732143,115.5,19.68522825,0,0,0,224
not building,/content/CompositeTiles/Composite tiles40.TIF,9,131.4210123,134,14.80740012,95.27453988,68,62.67863866,0,0,0,1304
building,/content/CompositeTiles/Composite tiles40.TIF,10,69.89908257,68,5.379104926,130.2844037,125,24.1869977,0,0,0,218
not building,/content/CompositeTiles/Composite tiles40.TIF,11,61.25,58,11.18646227,141.497191,133,18.43489891,0,0,0,356
not building,/content/CompositeTiles/Composite tiles40.TIF,12,170.7220708,172,8.748008917,95.69754768,78,57.48539508,0,0,0,367
building,/content/CompositeTiles/Composite tiles40.TIF,13,66.84677419,65,7.625344365,184.5725806,181.5,24.51897665,0,0,0,124
not building,/content/CompositeTiles/Composite tiles40.TIF,14,66.77821012,67,2.244195259,199.2217899,200,38.59882248,0,0,0,257
building,/content/CompositeTiles/Composite tiles40.TIF,15,65.3317757,65,2.638184668,163.6682243,161,24.36803521,0,0,0,214
not building,/content/CompositeTiles/Composite tiles40.TIF,16,137.638796,137,17.68619595,234.6488294,255,43.28470449,0,0,0,897
not building,/content/CompositeTiles/Composite tiles40.TIF,17,149.8238342,153,23.16711203,138.3782383,136,61.10864311,0,0,0,193
building,/content/CompositeTiles/Composite tiles40.TIF,18,64.3030303,63,7.651145212,143.101225,133,39.63851089,0,0,0,1551
building,/content/CompositeTiles/Composite tiles40.TIF,19,69.30588235,70,3.21036384,207.5941176,210,12.5470864,0,0,0,170
not building,/content/CompositeTiles/Composite tiles40.TIF,20,133.6075472,134,12.50828931,153.9169811,142,34.43529199,0,0,0,265
not building,/content/CompositeTiles/Composite tiles40.TIF,21,147.2931034,165,35.96965929,227.1954023,255,36.8775043,0,0,0,174
not building,/content/CompositeTiles/Composite tiles40.TIF,22,82.15824916,74,18.9777082,255,255,0,0,0,0,297
not building,/content/CompositeTiles/Composite tiles40.TIF,23,159.1908397,160,11.87923617,109.7328244,96,36.58887004,0,0,0,131
not building,/content/CompositeTiles/Composite tiles40.TIF,24,63.55974843,59,13.55983302,158.5283019,161,13.69561805,0,0,0,159
not building,/content/CompositeTiles/Composite tiles40.TIF,25,83.27272727,136,75.79599492,44.2983683,6,69.68543722,0,0,0,429
not building,/content/CompositeTiles/Composite tiles40.TIF,26,157.6927711,159,11.0549916,123.1506024,112.5,47.62676395,0,0,0,166
not building,/content/CompositeTiles/Composite tiles40.TIF,27,129.5073116,136,27.33297169,254.9415073,255,1.743042857,0,0,0,889
not building,/content/CompositeTiles/Composite tiles40.TIF,28,93.06818182,84,22.40208262,133.2045455,130,18.96627335,0,0,0,352
not building,/content/CompositeTiles/Composite tiles40.TIF,29,157.2105263,157.5,14.26332783,132.3486842,114.5,66.6917753,0,0,0,152
building,/content/CompositeTiles/Composite tiles40.TIF,30,71.68577982,68,14.11940819,126.559633,118.5,28.33213276,0,0,0,436
building,/content/CompositeTiles/Composite tiles40.TIF,31,64.69916435,65,3.04721881,172.1225627,170,25.53105091,0,0,0,359
building,/content/CompositeTiles/Composite tiles40.TIF,32,64.15025907,61,7.362783634,154.6753022,129,37.66324186,0,0,0,579
not building,/content/CompositeTiles/Composite tiles40.TIF,33,63.50442478,62,3.624215249,182.3893805,178,20.23902899,0,0,0,113
building,/content/CompositeTiles/Composite tiles40.TIF,34,65.59825328,64,7.656671977,190.2620087,187,30.8195395,0,0,0,229
not building,/content/CompositeTiles/Composite tiles40.TIF,35,72.46543779,60,19.10605747,184.9124424,191,30.08875783,0,0,0,217
not building,/content/CompositeTiles/Composite tiles40.TIF,36,140.9972527,141,20.6576621,250.0659341,255,19.26538329,0,0,0,364
not building,/content/CompositeTiles/Composite tiles40.TIF,37,160.314433,162,15.63882838,141.6890034,126,64.99065105,0,0,0,582
building,/content/CompositeTiles/Composite tiles40.TIF,38,69.48888889,67,11.21134787,206.2,221,51.26710013,0,0,0,180
not building,/content/CompositeTiles/Composite tiles40.TIF,39,164.4176245,164,10.81277075,146.6666667,135,74.07676457,0,0,0,1305
building,/content/CompositeTiles/Composite tiles40.TIF,40,77.47981546,68,20.96084109,110.1084198,96,29.86420262,0,0,0,867
building,/content/CompositeTiles/Composite tiles40.TIF,41,61.30081301,61,3.647626008,141.4119241,134,30.29356759,0,0,0,369
building,/content/CompositeTiles/Composite tiles40.TIF,42,66.21825397,64,9.274687354,91.28174603,88,14.58118978,0,0,0,504
building,/content/CompositeTiles/Composite tiles40.TIF,43,61.90825688,57,13.245419,150.3990826,147,17.91830081,0,0,0,218
not building,/content/CompositeTiles/Composite tiles40.TIF,44,130.1210526,135,20.52946737,105.0447368,90,43.73467369,0,0,0,380
building,/content/CompositeTiles/Composite tiles40.TIF,45,61.6325,60,6.551522247,130.5825,127,9.357520705,0,0,0,400
not building,/content/CompositeTiles/Composite tiles40.TIF,46,64.39031339,64,10.81013651,133.2250712,122,34.78870774,0,0,0,351
building,/content/CompositeTiles/Composite tiles40.TIF,47,69.14364641,69,4.006393505,116.9779006,116,14.68977763,0,0,0,362
building,/content/CompositeTiles/Composite tiles40.TIF,48,65.0719697,60,12.80530675,155.2840909,155.5,8.571378814,0,0,0,264
building,/content/CompositeTiles/Composite tiles40.TIF,49,63.9352518,64,3.527300786,177.1978417,174,10.9219136,0,0,0,278
building,/content/CompositeTiles/Composite tiles40.TIF,50,71.64240903,62,17.3069233,123.195734,117,11.9019133,0,0,0,797
building,/content/CompositeTiles/Composite tiles40.TIF,51,61.74545455,62,4.119656569,126.3772727,121,24.87730678,0,0,0,220
building,/content/CompositeTiles/Composite tiles40.TIF,52,60.61320755,61,2.499323511,134.1273585,130,21.99502102,0,0,0,212
building,/content/CompositeTiles/Composite tiles40.TIF,53,64.0913242,64,4.111557114,135.6255708,131,29.31230801,0,0,0,219
building,/content/CompositeTiles/Composite tiles40.TIF,54,60.02097902,59,6.427192715,146.7731158,160,35.08065687,0,0,0,1287
not building,/content/CompositeTiles/Composite tiles40.TIF,55,137.5234313,143,17.55065422,255,255,0,0,0,0,1259
building,/content/CompositeTiles/Composite tiles40.TIF,56,69.59375,69.5,4.547385066,118.1875,116,8.25544328,0,0,0,128
building,/content/CompositeTiles/Composite tiles40.TIF,57,64.76494024,59,16.59346719,134.12749,130,26.94985164,0,0,0,251
not building,/content/CompositeTiles/Composite tiles40.TIF,58,136.6408978,146,28.68620709,100.9027431,84,46.61834234,0,0,0,401
building,/content/CompositeTiles/Composite tiles40.TIF,59,64.23341902,61,15.00169704,161.6971722,178,38.12589506,0,0,0,1945
not building,/content/CompositeTiles/Composite tiles40.TIF,60,156.0921053,155,11.83902738,83.07236842,69,37.51896047,0,0,0,152
building,/content/CompositeTiles/Composite tiles40.TIF,61,61.38507463,62,3.607341343,140.1134328,133,27.15042066,0,0,0,335
not building,/content/CompositeTiles/Composite tiles40.TIF,62,162.3674033,163,14.57464454,113.961326,87,66.67914968,0,0,0,362
not building,/content/CompositeTiles/Composite tiles40.TIF,63,163.2509579,163,12.02807416,168.1781609,166,66.27564104,0,0,0,522
not building,/content/CompositeTiles/Composite tiles40.TIF,64,105.45,113.5,20.838606,116.68,93.5,56.30539583,0,0,0,100
not building,/content/CompositeTiles/Composite tiles40.TIF,65,72.93301435,67,19.80443406,160.1148325,156,19.80663028,0,0,0,209
not building,/content/CompositeTiles/Composite tiles40.TIF,66,170.6010638,174,12.81187111,92.73404255,71.5,56.13711851,0,0,0,188
not building,/content/CompositeTiles/Composite tiles40.TIF,67,156.7882353,156,12.55990582,109.7647059,97,51.8960455,0,0,0,255
building,/content/CompositeTiles/Composite tiles40.TIF,68,64.925,64,6.216057834,132.8925,126,32.00298336,0,0,0,400
not building,/content/CompositeTiles/Composite tiles40.TIF,69,161.9215017,162,12.15592589,205.912628,255,64.61471433,0,0,0,1465
not building,/content/CompositeTiles/Composite tiles40.TIF,70,81.24815725,63,28.67722329,255,255,0,0,0,0,814
not building,/content/CompositeTiles/Composite tiles40.TIF,71,72.45107399,67,15.22619798,254.0883055,255,7.183867616,0,0,0,419
not building,/content/CompositeTiles/Composite tiles40.TIF,72,151.8992248,151,10.36156057,80.79844961,65,37.52670984,0,0,0,129
building,/content/CompositeTiles/Composite tiles40.TIF,73,60.34065934,57,11.80912274,124.0274725,118.5,22.58450099,0,0,0,182
not building,/content/CompositeTiles/Composite tiles40.TIF,74,69.12765957,66,11.9873462,137.1595745,127,27.85746517,0,0,0,188
not building,/content/CompositeTiles/Composite tiles40.TIF,75,172.34375,173,12.18864578,140.03125,133,28.71724697,0,0,0,160
not building,/content/CompositeTiles/Composite tiles40.TIF,76,161.4136546,163,12.90969462,100.686747,84,49.74115999,0,0,0,498
building,/content/CompositeTiles/Composite tiles40.TIF,77,63.28571429,63,3.963229393,127.4285714,123,24.38350789,0,0,0,161
not building,/content/CompositeTiles/Composite tiles40.TIF,78,168.7372014,171,13.32358689,119.0784983,96,69.40476311,0,0,0,293
building,/content/CompositeTiles/Composite tiles40.TIF,79,62.6302521,62,3.970194725,197.6554622,197,23.64706778,0,0,0,119
not building,/content/CompositeTiles/Composite tiles40.TIF,80,133.3493976,145,30.44981403,101.6325301,85,47.88040978,0,0,0,166
not building,/content/CompositeTiles/Composite tiles40.TIF,81,156.8703704,156,11.51857806,179.3055556,177.5,43.88662969,0,0,0,216
building,/content/CompositeTiles/Composite tiles40.TIF,82,60.28828829,59,4.222179505,242.3603604,255,16.80293453,0,0,0,111
not building,/content/CompositeTiles/Composite tiles40.TIF,83,173.7710438,175,10.28195618,105.7272727,86,52.47301404,0,0,0,297
not building,/content/CompositeTiles/Composite tiles40.TIF,84,149.8933824,151,17.49978026,103.8051471,91.5,43.03549633,0,0,0,272
building,/content/CompositeTiles/Composite tiles40.TIF,85,75.27131783,72,11.42467881,255,255,0,0,0,0,129
not building,/content/CompositeTiles/Composite tiles40.TIF,86,157.8220339,158,11.36400653,129.9830508,118,51.4601458,0,0,0,354
not building,/content/CompositeTiles/Composite tiles40.TIF,87,123.3451777,130,24.2041369,230.4771574,255,41.34485078,0,0,0,197
building,/content/CompositeTiles/Composite tiles40.TIF,88,73.69298246,71.5,10.33655343,125.4736842,118,29.74488325,0,0,0,114
building,/content/CompositeTiles/Composite tiles40.TIF,89,66.46853147,66,6.287373141,158.5244755,175,27.20889548,0,0,0,429
building,/content/CompositeTiles/Composite tiles40.TIF,90,71.1553288,70,6.970355105,118.6088435,115,21.61330559,0,0,0,1764
not building,/content/CompositeTiles/Composite tiles40.TIF,91,151.5859155,153,13.83648266,106.9887324,80,61.96673244,0,0,0,355
building,/content/CompositeTiles/Composite tiles40.TIF,92,62.73275862,62,2.320663396,168.0215517,163,27.14638576,0,0,0,232
building,/content/CompositeTiles/Composite tiles40.TIF,93,70.63793103,69,6.019217144,180.4367816,175.5,28.08329202,0,0,0,174
building,/content/CompositeTiles/Composite tiles40.TIF,94,71.77272727,71,5.504361676,125.8059441,123,19.97723616,0,0,0,572
building,/content/CompositeTiles/Composite tiles40.TIF,95,61.11523688,60,7.283506061,149.9014085,148,16.83365206,0,0,0,781
building,/content/CompositeTiles/Composite tiles40.TIF,96,68.78195489,67,6.959969693,174.5338346,172,23.83008425,0,0,0,133
building,/content/CompositeTiles/Composite tiles40.TIF,97,72.78512397,70,10.6663963,178.7272727,183,21.28282589,0,0,0,121
building,/content/CompositeTiles/Composite tiles40.TIF,98,64.7480916,62,10.53481579,159.2061069,156,21.58693327,0,0,0,131
not building,/content/CompositeTiles/Composite tiles40.TIF,99,76.02339181,73,15.17344295,180.7602339,179,8.429678006,0,0,0,171
not building,/content/CompositeTiles/Composite tiles40.TIF,100,162.0266667,161,10.62446652,155.92,138,65.77836726,0,0,0,150
not building,/content/CompositeTiles/Composite tiles40.TIF,101,145.3666014,144,9.306408722,254.8988911,255,1.682054492,0,0,0,1533
not building,/content/CompositeTiles/Composite tiles40.TIF,102,152.2040816,152,5.881990009,183.1020408,176,47.42308268,0,0,0,147
building,/content/CompositeTiles/Composite tiles40.TIF,103,69.94039735,70,3.690388066,175.2119205,172,22.40878768,0,0,0,151
building,/content/CompositeTiles/Composite tiles40.TIF,104,74,70,11.3369761,153.0236486,156,35.93983498,0,0,0,296
not building,/content/CompositeTiles/Composite tiles40.TIF,105,140.0882353,141,20.46756655,114.133218,96,45.60058167,0,0,0,578
building,/content/CompositeTiles/Composite tiles40.TIF,106,73.91338583,70,11.81486027,143.2677165,136,24.96752184,0,0,0,127
building,/content/CompositeTiles/Composite tiles40.TIF,107,81.20625,70,19.25684842,195.5625,195,17.52772358,0,0,0,160
not building,/content/CompositeTiles/Composite tiles40.TIF,108,157.08,159,11.75387596,147.87,147,45.67749008,0,0,0,100
building,/content/CompositeTiles/Composite tiles40.TIF,109,69.01428571,68,5.465457391,178.1714286,178.5,21.51376399,0,0,0,140
building,/content/CompositeTiles/Composite tiles40.TIF,110,75.15789474,73,8.478640808,134.254386,119,37.72937136,0,0,0,114
building,/content/CompositeTiles/Composite tiles40.TIF,111,74.76229508,71,10.58304651,202.1639344,210,22.72874999,0,0,0,122
building,/content/CompositeTiles/Composite tiles40.TIF,112,107.8157895,103,30.94146023,172.2631579,158,51.04264688,0,0,0,152
not building,/content/CompositeTiles/Composite tiles40.TIF,113,153.7533333,153,12.37655669,149.9133333,136.5,66.6236131,0,0,0,300
not building,/content/CompositeTiles/Composite tiles40.TIF,114,149.9912281,150,8.349278374,150.2192982,135.5,50.4696815,0,0,0,114
not building,/content/CompositeTiles/Composite tiles40.TIF,115,157.2685185,157,11.58431769,112.5277778,101.5,40.99513484,0,0,0,108
building,/content/CompositeTiles/Composite tiles40.TIF,116,98.41322314,84,25.83087698,170.9421488,158,51.93834513,0,0,0,121
not building,/content/CompositeTiles/Composite tiles40.TIF,117,73.88259109,71,14.77901937,170.3846154,178,29.68474448,0,0,0,247
not building,/content/CompositeTiles/Composite tiles40.TIF,118,94.02441344,92,9.772541868,254.9007609,255,1.767918338,0,0,0,3154
building,/content/CompositeTiles/Composite tiles40.TIF,119,70.05,67,13.31812675,174.85625,171,29.47071574,0,0,0,160
not building,/content/CompositeTiles/Composite tiles40.TIF,120,153.9475655,154,9.237455492,174.1872659,166,51.73834475,0,0,0,267
not building,/content/CompositeTiles/Composite tiles40.TIF,121,155.8575581,156,10.83625755,188.0523256,188.5,44.91591169,0,0,0,344
building,/content/CompositeTiles/Composite tiles40.TIF,122,73.48913043,69,12.91190432,165.2880435,161,29.30978966,0,0,0,184
not building,/content/CompositeTiles/Composite tiles40.TIF,123,153.9649123,158,17.13172043,137.4327485,131,40.02309104,0,0,0,171
not building,/content/CompositeTiles/Composite tiles40.TIF,124,146.7849779,149,16.03910018,126.1340206,117,35.02838748,0,0,0,679
building,/content/CompositeTiles/Composite tiles40.TIF,125,71.13744076,70,6.616443045,183.4170616,184,34.01054329,0,0,0,211
building,/content/CompositeTiles/Composite tiles40.TIF,126,72.00904605,72,3.876050419,89.51973684,88,8.102424422,0,0,0,1216
building,/content/CompositeTiles/Composite tiles40.TIF,127,71.63722397,72,4.504915212,116.2712934,109,27.3247019,0,0,0,317
building,/content/CompositeTiles/Composite tiles40.TIF,128,71.47572816,70,5.054098264,163.6343042,153,38.46385587,0,0,0,309
building,/content/CompositeTiles/Composite tiles40.TIF,129,81.23188406,82,11.81664869,123.2318841,116,12.83060757,0,0,0,345
not building,/content/CompositeTiles/Composite tiles40.TIF,130,166.6687307,168,12.5357142,175.4427245,178,70.68128637,0,0,0,323
building,/content/CompositeTiles/Composite tiles40.TIF,131,69.87162162,69,3.190527376,199.6891892,215,23.88990835,0,0,0,148
building,/content/CompositeTiles/Composite tiles40.TIF,132,71.50591716,70,8.932436763,158.0295858,157,19.26072314,0,0,0,338
building,/content/CompositeTiles/Composite tiles40.TIF,133,69,68.5,3.16486863,163.8032787,163,22.54526934,0,0,0,122
building,/content/CompositeTiles/Composite tiles40.TIF,134,69.47091932,70,2.474939782,85.02439024,81,15.59373298,0,0,0,533
not building,/content/CompositeTiles/Composite tiles40.TIF,135,161.2540984,159,9.179950958,152.0737705,134,60.62802036,0,0,0,122
not building,/content/CompositeTiles/Composite tiles40.TIF,136,158.522293,161,14.2402435,127.2229299,115,68.3924232,0,0,0,157
not building,/content/CompositeTiles/Composite tiles40.TIF,137,164.0078125,162,9.251263506,185.9140625,175,51.11002644,0,0,0,128
building,/content/CompositeTiles/Composite tiles40.TIF,138,68.99761968,70,6.205273256,93.4845279,91,21.20603544,0,0,0,3781
building,/content/CompositeTiles/Composite tiles40.TIF,139,65.31333333,64,4.43491701,161.02,160,27.77900166,0,0,0,150
not building,/content/CompositeTiles/Composite tiles40.TIF,140,109.0534759,114,12.14032597,255,255,0,0,0,0,187
not building,/content/CompositeTiles/Composite tiles40.TIF,141,151.7811705,155,21.48276904,201.7455471,228,58.20343708,0,0,0,393
building,/content/CompositeTiles/Composite tiles40.TIF,142,71.23152709,69,8.404818647,178.5024631,178,24.18450719,0,0,0,203
building,/content/CompositeTiles/Composite tiles40.TIF,143,71.86861314,71,4.663599559,153.4671533,143,30.87342918,0,0,0,137
not building,/content/CompositeTiles/Composite tiles40.TIF,144,107.9114407,115,35.08849883,254.8097458,255,5.732215527,0,0,0,2360
not building,/content/CompositeTiles/Composite tiles40.TIF,145,109.1376812,109.5,14.24027358,250.0072464,255,14.93196958,0,0,0,138
building,/content/CompositeTiles/Composite tiles40.TIF,146,63.52542373,64,4.953533005,161.7711864,168,14.3346274,0,0,0,118
not building,/content/CompositeTiles/Composite tiles40.TIF,147,143.144,144,10.98268018,255,255,0,0,0,0,125
building,/content/CompositeTiles/Composite tiles40.TIF,148,61.75,60,4.243028338,73.06203008,67,12.21140175,0,0,0,532
building,/content/CompositeTiles/Composite tiles40.TIF,149,70.48863636,71,3.698876728,95.82386364,93,19.83762778,0,0,0,176
building,/content/CompositeTiles/Composite tiles40.TIF,150,68.87272727,68,5.40388596,151.2606061,148,17.90544084,0,0,0,165
not building,/content/CompositeTiles/Composite tiles40.TIF,151,158.5853659,161,16.71144886,107.2710027,88,55.47767196,0,0,0,738
not building,/content/CompositeTiles/Composite tiles40.TIF,152,164.334728,166,13.97116303,155.3305439,148,42.74439389,0,0,0,239
building,/content/CompositeTiles/Composite tiles40.TIF,153,63.89819005,58,16.05508184,122.4276018,117,9.559315096,0,0,0,442
building,/content/CompositeTiles/Composite tiles40.TIF,154,102.9180328,88,31.1744405,163.7704918,154.5,24.32221776,0,0,0,122
not building,/content/CompositeTiles/Composite tiles40.TIF,155,81.30434783,71,24.8927299,218.8935532,255,50.17169086,0,0,0,667
building,/content/CompositeTiles/Composite tiles40.TIF,156,75.21846847,77,4.435678584,96.75900901,97,3.754041055,0,0,0,444
building,/content/CompositeTiles/Composite tiles40.TIF,157,65.14172185,65,3.713201036,113.1231788,105,24.00534003,0,0,0,755
not building,/content/CompositeTiles/Composite tiles40.TIF,158,160.614623,162,16.46161496,115.2041127,106,52.93086567,0,0,0,1313
building,/content/CompositeTiles/Composite tiles40.TIF,159,72.97202797,70,10.06548076,161.4125874,160,16.62811196,0,0,0,143
building,/content/CompositeTiles/Composite tiles40.TIF,160,70.28956229,70,8.930916612,171.1178451,151,58.53235531,0,0,0,297
not building,/content/CompositeTiles/Composite tiles40.TIF,161,149.2096774,152,22.85565065,99.12365591,81.5,47.02871211,0,0,0,186
building,/content/CompositeTiles/Composite tiles40.TIF,162,65.56140351,65,3.322002904,151.0964912,143.5,28.24143071,0,0,0,114
not building,/content/CompositeTiles/Composite tiles40.TIF,163,131.4992224,131,16.09249845,251.7791602,255,17.73928348,0,0,0,643
building,/content/CompositeTiles/Composite tiles40.TIF,164,255,255,0,255,255,0,255,255,0,12408
not building,/content/CompositeTiles/Composite tiles40.TIF,165,62.23963134,62,3.952214085,170.797235,167,22.00220751,0,0,0,217
not building,/content/CompositeTiles/Composite tiles40.TIF,166,66.65942029,66,4.479415685,129.5507246,120.5,29.85570915,0,0,0,138
building,/content/CompositeTiles/Composite tiles40.TIF,167,66.1375,66,3.200561474,128.95,122,27.96690008,0,0,0,240
not building,/content/CompositeTiles/Composite tiles40.TIF,168,141.6162362,139,17.67752222,141.8782288,123,66.68765609,0,0,0,271
not building,/content/CompositeTiles/Composite tiles40.TIF,169,140.1778846,140,14.55104052,112.1490385,92,55.47176949,0,0,0,208
not building,/content/CompositeTiles/Composite tiles40.TIF,170,157.1123596,157,11.90499678,106.6460674,84.5,50.19572379,0,0,0,178
building,/content/CompositeTiles/Composite tiles40.TIF,171,63.62581486,63,4.533463706,137.3924381,130,33.23267262,0,0,0,767
building,/content/CompositeTiles/Composite tiles40.TIF,172,64.03546099,64,2.658884071,144.7730496,138,29.31713821,0,0,0,141
building,/content/CompositeTiles/Composite tiles40.TIF,173,67.85981308,68,3.881697444,126.0373832,121,21.46688759,0,0,0,321
building,/content/CompositeTiles/Composite tiles40.TIF,174,68.50239234,67,5.385719556,166.8133971,164,25.68205697,0,0,0,209
not building,/content/CompositeTiles/Composite tiles40.TIF,175,142.7472527,143,20.35783911,186.5769231,185.5,60.24940942,0,0,0,182
not building,/content/CompositeTiles/Composite tiles40.TIF,176,161.1741573,161,9.61611508,143.1966292,131.5,54.03807012,0,0,0,178
building,/content/CompositeTiles/Composite tiles40.TIF,177,255,255,0,255,255,0,255,255,0,3089
not building,/content/CompositeTiles/Composite tiles40.TIF,178,130.0860927,147,36.33142883,150.8675497,137,55.83237394,0,0,0,151
not building,/content/CompositeTiles/Composite tiles40.TIF,179,152.641115,152,12.90707,128.4808362,112,61.92688857,0,0,0,287
building,/content/CompositeTiles/Composite tiles40.TIF,180,69.52,69,5.50178153,135.85,129,29.17066163,0,0,0,200
building,/content/CompositeTiles/Composite tiles40.TIF,181,71.25714286,70,8.689378926,157.0285714,157,32.36337058,0,0,0,175
building,/content/CompositeTiles/Composite tiles40.TIF,182,76.52320675,70,16.25004023,128.3375527,111,46.59688857,0,0,0,237
building,/content/CompositeTiles/Composite tiles40.TIF,183,68.20588235,67,2.99783659,168.2205882,164,24.759933,0,0,0,136
building,/content/CompositeTiles/Composite tiles40.TIF,184,69.97810219,69,6.511603515,147.6423358,121,52.95153234,0,0,0,137
not building,/content/CompositeTiles/Composite tiles40.TIF,185,62.58455882,63,3.56559084,173.3970588,171,19.81357208,0,0,0,272
not building,/content/CompositeTiles/Composite tiles40.TIF,186,111.9253731,114,13.40228699,116.0298507,104,39.06556683,0,0,0,134
building,/content/CompositeTiles/Composite tiles40.TIF,187,66.85057471,67,4.570089502,161.3735632,157.5,37.72805889,0,0,0,174
building,/content/CompositeTiles/Composite tiles40.TIF,188,63.76328502,63,4.812122859,132.410628,122,37.66789126,0,0,0,207
building,/content/CompositeTiles/Composite tiles40.TIF,189,68.02816901,67,4.02214001,132.9765258,123,30.95452386,0,0,0,213
not building,/content/CompositeTiles/Composite tiles40.TIF,190,159.5351351,159,8.455933986,193.8378378,186,46.66007815,0,0,0,185
not building,/content/CompositeTiles/Composite tiles40.TIF,191,142.2318182,152,28.96911971,152.1045455,128.5,71.42814557,0,0,0,440
not building,/content/CompositeTiles/Composite tiles40.TIF,192,144.8439306,144,12.20271602,117.3757225,106,53.28050854,0,0,0,173
building,/content/CompositeTiles/Composite tiles40.TIF,193,68.55555556,66,9.973093796,166.2026144,161,23.44019214,0,0,0,153
building,/content/CompositeTiles/Composite tiles40.TIF,194,69.79141104,70,5.330148063,162.7607362,157,30.05125159,0,0,0,163
not building,/content/CompositeTiles/Composite tiles40.TIF,195,59.78217822,57,7.998272042,182.6435644,174,22.30996055,0,0,0,101
building,/content/CompositeTiles/Composite tiles40.TIF,196,73.02439024,70,9.468358444,141.4308943,120,45.53959794,0,0,0,123
building,/content/CompositeTiles/Composite tiles40.TIF,197,67.83333333,68,5.222053358,132.75,125,28.54544205,0,0,0,168
building,/content/CompositeTiles/Composite tiles40.TIF,198,60.56164384,59,3.704814718,188.369863,198,23.03154885,0,0,0,146
not building,/content/CompositeTiles/Composite tiles40.TIF,199,146.9864865,145,9.573320533,111.4932432,100,51.14889455,0,0,0,148
building,/content/CompositeTiles/Composite tiles40.TIF,200,68.4488189,68,3.778740075,129.007874,120,38.02992938,0,0,0,127
building,/content/CompositeTiles/Composite tiles40.TIF,201,67.84057971,68,3.194756521,161.1594203,153,37.5374685,0,0,0,138
building,/content/CompositeTiles/Composite tiles40.TIF,202,69.05806452,67,6.609122444,201,211,21.66668321,0,0,0,155
building,/content/CompositeTiles/Composite tiles40.TIF,203,70.57446809,69,4.306080218,158.7163121,151,33.28393352,0,0,0,141
building,/content/CompositeTiles/Composite tiles40.TIF,204,71.36813187,70,7.064979085,187.2142857,183,27.47172801,0,0,0,182
building,/content/CompositeTiles/Composite tiles40.TIF,205,64.15384615,63,4.267797277,183.3286713,181,20.14762865,0,0,0,143
building,/content/CompositeTiles/Composite tiles40.TIF,206,69.61935484,69,4.410063225,166.6258065,161,31.27756042,0,0,0,155
building,/content/CompositeTiles/Composite tiles40.TIF,207,60.02380952,57,11.4617821,165.6904762,160,25.06735824,0,0,0,126
building,/content/CompositeTiles/Composite tiles40.TIF,208,68.19689119,68,2.808682075,168.357513,159,33.41048915,0,0,0,193
building,/content/CompositeTiles/Composite tiles40.TIF,209,70.7284264,67,12.99003343,177.7664975,174.5,33.35246769,0,0,0,394
building,/content/CompositeTiles/Composite tiles40.TIF,210,72.58959538,69,9.992442599,118.5144509,103,41.37417124,0,0,0,173
not building,/content/CompositeTiles/Composite tiles40.TIF,211,125.3590188,130,27.50655738,255,255,0,0,0,0,4036
building,/content/CompositeTiles/Composite tiles40.TIF,212,70.8030303,69,5.355690913,133.1616162,130.5,18.50263813,0,0,0,198
not building,/content/CompositeTiles/Composite tiles40.TIF,213,159.7273567,161,16.75198474,106.4177449,95,50.26088298,0,0,0,1082
not building,/content/CompositeTiles/Composite tiles40.TIF,214,104.7727273,105,15.65570949,190.2561983,185,25.42873007,0,0,0,242
building,/content/CompositeTiles/Composite tiles40.TIF,215,69.70056497,69,7.808849805,130.1920904,120,33.31051215,0,0,0,177
not building,/content/CompositeTiles/Composite tiles40.TIF,216,156.0360825,156,13.4924086,112.5463918,101,46.95062566,0,0,0,194
not building,/content/CompositeTiles/Composite tiles40.TIF,217,60.53389831,57,10.78501959,193.5254237,176,32.52840007,0,0,0,236
not building,/content/CompositeTiles/Composite tiles40.TIF,218,131.9033816,144,35.29065426,141.8550725,116,64.69137628,0,0,0,207
building,/content/CompositeTiles/Composite tiles40.TIF,219,67.39403454,67,6.050623349,95.39835165,96,24.9235304,0,0,0,2548
not building,/content/CompositeTiles/Composite tiles40.TIF,220,157.8263158,159,13.92560467,114.6,96,50.33391658,0,0,0,190
building,/content/CompositeTiles/Composite tiles40.TIF,221,67.032,67,4.39442556,144.864,136,29.1970804,0,0,0,125
building,/content/CompositeTiles/Composite tiles40.TIF,222,88.41584158,74,28.10597601,115.1584158,105,31.00007431,0,0,0,101
building,/content/CompositeTiles/Composite tiles40.TIF,223,68.47272727,68,2.887934433,158.3181818,154,25.34379315,0,0,0,110
building,/content/CompositeTiles/Composite tiles40.TIF,224,72.27419355,71,7.65099478,143.9596774,135.5,26.16615617,0,0,0,124
building,/content/CompositeTiles/Composite tiles40.TIF,225,63.36697248,64,3.244361518,179.266055,175,29.30780721,0,0,0,109
building,/content/CompositeTiles/Composite tiles40.TIF,226,67.37313433,67,8.201200235,152.2496608,132,49.32708739,0,0,0,737
not building,/content/CompositeTiles/Composite tiles40.TIF,227,95.39655172,84,28.55118794,183.2974138,197,68.16696283,0,0,0,232
not building,/content/CompositeTiles/Composite tiles40.TIF,228,158.6899563,160,13.31266378,138.4585153,132,48.5531652,0,0,0,229
not building,/content/CompositeTiles/Composite tiles40.TIF,229,125.222973,130.5,17.62209184,254.6216216,255,4.587594031,0,0,0,148
building,/content/CompositeTiles/Composite tiles40.TIF,230,63.62288136,63,4.707295294,136.2288136,122.5,41.1365875,0,0,0,236
building,/content/CompositeTiles/Composite tiles40.TIF,231,64.67195767,65,3.094338041,181.1904762,181,44.47525576,0,0,0,189
building,/content/CompositeTiles/Composite tiles40.TIF,232,67.94188377,69,8.436027642,128.8268537,125,27.41398792,0,0,0,2495
building,/content/CompositeTiles/Composite tiles40.TIF,233,56.31543624,54,7.022578398,172.5369128,165,31.20435426,0,0,0,149
not building,/content/CompositeTiles/Composite tiles40.TIF,234,153.2248521,157,15.71443681,127.5207101,101,60.89549577,0,0,0,169
not building,/content/CompositeTiles/Composite tiles40.TIF,235,161.7107438,161,12.89784274,132.0909091,111,73.39624149,0,0,0,121
not building,/content/CompositeTiles/Composite tiles40.TIF,236,133.8143713,135,15.48946822,98.08982036,95,31.53608832,0,0,0,167
not building,/content/CompositeTiles/Composite tiles40.TIF,237,73.72576177,67,15.77612158,254.7534626,255,4.422010602,0,0,0,361
building,/content/CompositeTiles/Composite tiles40.TIF,238,133.6533333,146,27.99467886,167.0933333,157,31.94363369,0,0,0,225
not building,/content/CompositeTiles/Composite tiles40.TIF,239,70.50786164,68,8.235427447,253.9292453,255,7.137884581,0,0,0,636
not building,/content/CompositeTiles/Composite tiles40.TIF,240,79.26760563,78,6.424990265,226.8802817,248,35.72084301,0,0,0,142
not building,/content/CompositeTiles/Composite tiles40.TIF,241,144.0594059,143,8.493237592,189.9108911,188,50.20514332,0,0,0,101
not building,/content/CompositeTiles/Composite tiles40.TIF,242,133.8333333,136,12.62823116,81.41666667,62,40.89103067,0,0,0,24
not building,/content/CompositeTiles/Composite tiles40.TIF,243,144.2407407,141,14.40284846,118.0555556,114,30.32809275,0,0,0,54
building,/content/CompositeTiles/Composite tiles40.TIF,244,72.13636364,71,7.126319896,184.5151515,183,20.58996698,0,0,0,66
not building,/content/CompositeTiles/Composite tiles40.TIF,245,156.2615385,159,22.9496284,146.2461538,133,61.06718388,0,0,0,65
not building,/content/CompositeTiles/Composite tiles40.TIF,246,145.265625,143,14.02702992,129.21875,119.5,39.28480493,0,0,0,64
not building,/content/CompositeTiles/Composite tiles40.TIF,247,164.5744681,168,11.73963043,134.6595745,128,39.4867479,0,0,0,47
building,/content/CompositeTiles/Composite tiles40.TIF,248,70.98571429,67,12.88797098,171.4571429,170,21.24260255,0,0,0,70
building,/content/CompositeTiles/Composite tiles40.TIF,249,69.17333333,69,8.441758637,155.5866667,148,29.10491062,0,0,0,75
not building,/content/CompositeTiles/Composite tiles40.TIF,250,129.6111111,152.5,36.2952995,161.3194444,144,48.54546162,0,0,0,72
not building,/content/CompositeTiles/Composite tiles40.TIF,251,170.3617021,171,12.23341349,136.5319149,128,28.94223966,0,0,0,94
not building,/content/CompositeTiles/Composite tiles40.TIF,252,86.68181818,89.5,12.81471584,182,176.5,31.39484613,0,0,0,22
not building,/content/CompositeTiles/Composite tiles40.TIF,253,171.260274,171,9.82452536,173.9589041,162,60.09636972,0,0,0,73
not building,/content/CompositeTiles/Composite tiles40.TIF,254,129.9775281,150,35.66195138,178.0224719,158,55.92128849,0,0,0,89
building,/content/CompositeTiles/Composite tiles40.TIF,255,160.0285714,157.5,11.99401211,159.2571429,141,62.53563229,0,0,0,70
not building,/content/CompositeTiles/Composite tiles40.TIF,256,165.2666667,166,7.632969424,93.51666667,78,41.61509809,0,0,0,60
building,/content/CompositeTiles/Composite tiles40.TIF,257,75.57692308,72,11.63716331,167.7948718,166.5,17.75788664,0,0,0,78
not building,/content/CompositeTiles/Composite tiles40.TIF,258,86.35365854,68,33.51205533,195.5731707,188.5,20.22195769,0,0,0,82
building,/content/CompositeTiles/Composite tiles40.TIF,259,70.6,66,14.32619978,196.1333333,193,9.601157338,0,0,0,30
not building,/content/CompositeTiles/Composite tiles40.TIF,260,114.44,118,25.71808184,124.6133333,118,42.32159207,0,0,0,75
not building,/content/CompositeTiles/Composite tiles40.TIF,261,113.2340426,127,26.79330876,184.7659574,189,13.19286197,0,0,0,47
building,/content/CompositeTiles/Composite tiles40.TIF,262,70.94449263,69,7.998181034,113.9358196,111,18.82652929,0,0,0,1153
building,/content/CompositeTiles/Composite tiles40.TIF,263,70.94520548,69,6.272117929,184.0273973,183,18.99601444,0,0,0,73
building,/content/CompositeTiles/Composite tiles40.TIF,264,76.17021277,74,8.418114078,220.0425532,219,5.797862581,0,0,0,47
building,/content/CompositeTiles/Composite tiles40.TIF,265,72.97142857,69,11.50772589,193.8,199,26.83792626,0,0,0,35
not building,/content/CompositeTiles/Composite tiles40.TIF,266,164.6923831,165,16.41179329,125.5429831,102,69.22409843,0,0,0,4083
building,/content/CompositeTiles/Composite tiles40.TIF,267,65.21438646,66,5.629036807,252.9400564,255,11.75729839,0,0,0,1418
building,/content/CompositeTiles/Composite tiles40.TIF,268,70.10810811,69,3.30260981,179.9324324,178.5,18.12891604,0,0,0,74
building,/content/CompositeTiles/Composite tiles40.TIF,269,69.32258065,69,1.573717538,160.9516129,160,19.46579085,0,0,0,62
not building,/content/CompositeTiles/Composite tiles40.TIF,270,154.7380952,156,11.24205439,226.0952381,226,7.318630902,0,0,0,42
not building,/content/CompositeTiles/Composite tiles40.TIF,271,99.84697822,104.5,35.44669698,251.9894589,255,15.56791712,0,0,0,5692
building,/content/CompositeTiles/Composite tiles40.TIF,272,66.49295775,65,5.601491852,149.1690141,135,25.33604342,0,0,0,71
not building,/content/CompositeTiles/Composite tiles40.TIF,273,74.66703911,65,23.07361979,250.2882682,255,12.35533616,0,0,0,895
building,/content/CompositeTiles/Composite tiles40.TIF,274,69.86567164,67,8.641958599,186.0298507,184,17.46379637,0,0,0,67
not building,/content/CompositeTiles/Composite tiles40.TIF,275,100.1132075,100,16.55369807,243,255,37.7908844,0,0,0,53
building,/content/CompositeTiles/Composite tiles40.TIF,276,175.6612903,177,11.2822206,141.016129,137,22.11880818,0,0,0,62
not building,/content/CompositeTiles/Composite tiles40.TIF,277,166.625,168,9.805663755,139.875,129,47.95395288,0,0,0,72
building,/content/CompositeTiles/Composite tiles40.TIF,278,68.05,66,6.037176492,198.6,215.5,39.92793508,0,0,0,20
not building,/content/CompositeTiles/Composite tiles40.TIF,279,116.968254,117,12.02110347,244.1904762,255,20.62811854,0,0,0,63
not building,/content/CompositeTiles/Composite tiles40.TIF,280,101.0584578,85,40.08376895,222.8304347,255,57.01111711,0,0,0,244826
not building,/content/CompositeTiles/Composite tiles40.TIF,281,165.0755481,164,13.06784834,120.920742,95,70.44150905,0,0,0,2965
not building,/content/CompositeTiles/Composite tiles40.TIF,282,138.4285714,139,12.34338623,124.3714286,107.5,48.41669471,0,0,0,70
not building,/content/CompositeTiles/Composite tiles40.TIF,283,146.9454545,147,4.096198601,175.4363636,171,17.9825811,0,0,0,55
not building,/content/CompositeTiles/Composite tiles40.TIF,284,153.056338,154,12.17580992,114.2112676,104,43.52946727,0,0,0,71
not building,/content/CompositeTiles/Composite tiles40.TIF,285,156.9666667,162,24.13777583,112.0666667,105,39.19092866,0,0,0,30
not building,/content/CompositeTiles/Composite tiles40.TIF,286,173.0487805,173,7.442302357,135.8902439,119,59.09954523,0,0,0,82
building,/content/CompositeTiles/Composite tiles40.TIF,287,73.4110119,63,25.09890787,196.4994048,218,59.87790653,0,0,0,3360
not building,/content/CompositeTiles/Composite tiles40.TIF,288,146.3030303,147,10.92532462,151.8080808,130,67.66176677,0,0,0,99
not building,/content/CompositeTiles/Composite tiles40.TIF,289,61.95294118,61,2.108279937,223.7294118,220,9.87258621,0,0,0,85
not building,/content/CompositeTiles/Composite tiles40.TIF,290,126.3804348,134,29.29491809,83.32608696,77,28.94151099,0,0,0,92
not building,/content/CompositeTiles/Composite tiles40.TIF,291,70.8,70,2.767670501,171.575,163.5,43.76636123,0,0,0,40
building,/content/CompositeTiles/Composite tiles40.TIF,292,70.83870968,69,4.239573732,192.8064516,191,9.087103072,0,0,0,62
not building,/content/CompositeTiles/Composite tiles40.TIF,293,143.3030303,145,8.088468591,141.6666667,134,52.88103668,0,0,0,33
not building,/content/CompositeTiles/Composite tiles40.TIF,294,71.96875,67,13.12079546,166.84375,160.5,51.30735168,0,0,0,32
not building,/content/CompositeTiles/Composite tiles40.TIF,295,124.2894737,126,18.35599414,233.5131579,255,36.27108948,0,0,0,76
not building,/content/CompositeTiles/Composite tiles40.TIF,296,114.5651544,121,26.57987892,247.1336873,255,24.1096871,0,0,0,2072
not building,/content/CompositeTiles/Composite tiles40.TIF,297,86.27659574,76,23.53331918,125.8723404,106,45.99751012,0,0,0,47
not building,/content/CompositeTiles/Composite tiles40.TIF,298,144.1833333,150,17.65643572,116.6833333,106,40.28543644,0,0,0,60
not building,/content/CompositeTiles/Composite tiles40.TIF,299,171.1111111,173,11.1535553,128.5252525,95,83.06238904,0,0,0,99
building,/content/CompositeTiles/Composite tiles40.TIF,300,74.32911392,70,12.30387561,192.7594937,189,23.31089558,0,0,0,79
not building,/content/CompositeTiles/Composite tiles40.TIF,301,70.27668129,61,18.82733129,220.9539474,255,46.49071701,0,0,0,2736
not building,/content/CompositeTiles/Composite tiles40.TIF,302,143.8636364,149.5,21.1301066,119.8636364,116.5,22.23182701,0,0,0,44
not building,/content/CompositeTiles/Composite tiles40.TIF,303,158.0357143,155.5,9.901234205,138.4285714,128,35.0014577,0,0,0,28
not building,/content/CompositeTiles/Composite tiles40.TIF,304,144.9310345,147,11.35912525,178.9655172,177,51.29393508,0,0,0,29
not building,/content/CompositeTiles/Composite tiles40.TIF,305,121.9677419,126,17.7354827,255,255,0,0,0,0,31
not building,/content/CompositeTiles/Composite tiles40.TIF,306,165.8630137,167,11.11498442,195.9726027,209,57.63108289,0,0,0,73
building,/content/CompositeTiles/Composite tiles40.TIF,307,69.72972973,70,3.050464286,219.5675676,219,7.436362597,0,0,0,74
not building,/content/CompositeTiles/Composite tiles40.TIF,308,156.0821918,156,9.339492557,230.1643836,255,36.59703323,0,0,0,73
not building,/content/CompositeTiles/Composite tiles41.TIF,0,163.2461538,161.5,10.61498327,63.09230769,56,22.16249297,0,0,0,130
building,/content/CompositeTiles/Composite tiles41.TIF,1,60.77245509,59,6.535647663,155.9281437,154.5,19.45117297,0,0,0,334
building,/content/CompositeTiles/Composite tiles41.TIF,2,69.6733871,69,3.835605871,152.9677419,150.5,23.66293395,0,0,0,248
building,/content/CompositeTiles/Composite tiles41.TIF,3,68.15246637,67,3.600458456,154.6053812,152,22.18888276,0,0,0,223
not building,/content/CompositeTiles/Composite tiles41.TIF,4,67.38053097,66,5.562705435,248.7787611,255,18.02197995,0,0,0,113
building,/content/CompositeTiles/Composite tiles41.TIF,5,76.6969697,72,14.81362637,128.9141414,126,15.2877353,0,0,0,198
building,/content/CompositeTiles/Composite tiles41.TIF,6,70.16091954,68,10.08227483,173.954023,170.5,27.7015739,0,0,0,174
building,/content/CompositeTiles/Composite tiles41.TIF,7,64.16513761,64,1.937148957,159.4633028,158,22.78863857,0,0,0,218
building,/content/CompositeTiles/Composite tiles41.TIF,8,65.02654867,65,2.269303339,161.7300885,158.5,24.36272136,0,0,0,226
building,/content/CompositeTiles/Composite tiles41.TIF,9,68.36645963,68,5.599123091,169.7018634,165,24.0488232,0,0,0,161
building,/content/CompositeTiles/Composite tiles41.TIF,10,64.55956679,64,3.138365798,128.3393502,127,15.7880937,0,0,0,554
building,/content/CompositeTiles/Composite tiles41.TIF,11,67.62048193,67,3.140380571,158.186747,154,26.85449535,0,0,0,166
building,/content/CompositeTiles/Composite tiles41.TIF,12,68.09359606,67,2.762541197,173.0492611,171,25.11721363,0,0,0,203
not building,/content/CompositeTiles/Composite tiles41.TIF,13,119.2153413,114,14.37235073,197.0823364,195,29.68397192,0,0,0,1421
not building,/content/CompositeTiles/Composite tiles41.TIF,14,151.2011173,152,9.427393751,131.8324022,120,50.99528799,0,0,0,179
building,/content/CompositeTiles/Composite tiles41.TIF,15,68.31788079,68,2.525029305,167.7483444,166,25.36807676,0,0,0,151
building,/content/CompositeTiles/Composite tiles41.TIF,16,71.10828025,70,5.208493331,161.6305732,161,21.25708173,0,0,0,157
not building,/content/CompositeTiles/Composite tiles41.TIF,17,164.1977186,165,11.55047094,63.878327,54,32.69376904,0,0,0,263
not building,/content/CompositeTiles/Composite tiles41.TIF,18,165.9339623,168.5,15.01714044,83.39622642,79,22.71674607,0,0,0,106
building,/content/CompositeTiles/Composite tiles41.TIF,19,67.86772487,67,4.864129107,155.2910053,151,26.39293984,0,0,0,189
building,/content/CompositeTiles/Composite tiles41.TIF,20,69.81914894,68,7.795542597,161.3537234,155,30.46736809,0,0,0,376
building,/content/CompositeTiles/Composite tiles41.TIF,21,67.72687225,67,2.713212962,153.5154185,154,23.58364027,0,0,0,227
not building,/content/CompositeTiles/Composite tiles41.TIF,22,163.7240356,165,13.23753939,66.71216617,47,44.98186513,0,0,0,337
building,/content/CompositeTiles/Composite tiles41.TIF,23,66.91127098,60,15.13502117,161.2038369,163,23.38150255,0,0,0,417
not building,/content/CompositeTiles/Composite tiles41.TIF,24,162.4776903,163,12.73998607,68.87926509,55,43.61909952,0,0,0,1143
not building,/content/CompositeTiles/Composite tiles41.TIF,25,164.7126697,167,13.19523679,136.7828054,126.5,54.59690105,0,0,0,442
building,/content/CompositeTiles/Composite tiles41.TIF,26,68.11470588,67,4.765848628,166.3117647,162,28.58521589,0,0,0,340
not building,/content/CompositeTiles/Composite tiles41.TIF,27,151.7214286,152.5,19.33282474,107.3142857,100.5,40.90478242,0,0,0,140
building,/content/CompositeTiles/Composite tiles41.TIF,28,69.23478261,68,5.74506281,152.7565217,150,17.59105074,0,0,0,230
building,/content/CompositeTiles/Composite tiles41.TIF,29,69.06811146,68,6.601552859,161.2352941,157,25.68227622,0,0,0,323
not building,/content/CompositeTiles/Composite tiles41.TIF,30,75.44816054,73,13.42537239,245.3545151,255,20.42577077,0,0,0,299
not building,/content/CompositeTiles/Composite tiles41.TIF,31,165.8965517,168,18.45519748,138.539185,115,63.54869434,0,0,0,319
not building,/content/CompositeTiles/Composite tiles41.TIF,32,169.5116039,169,15.52323599,118.2135121,88,73.9401428,0,0,0,1939
not building,/content/CompositeTiles/Composite tiles41.TIF,33,164.6726027,163,15.84461155,106.190411,82,58.42263979,0,0,0,1460
not building,/content/CompositeTiles/Composite tiles41.TIF,34,164.0405405,163,13.77889777,79.88981289,63,45.14447034,0,0,0,962
not building,/content/CompositeTiles/Composite tiles41.TIF,35,180.0661765,180,8.231219449,106.8419118,87,59.88261195,0,0,0,272
not building,/content/CompositeTiles/Composite tiles41.TIF,36,164.5861467,165,13.54144138,105.9947614,101,50.53238656,0,0,0,1718
not building,/content/CompositeTiles/Composite tiles41.TIF,37,168.614052,168,9.881406249,177.4388835,173,62.04946852,0,0,0,1039
building,/content/CompositeTiles/Composite tiles41.TIF,38,65.35616438,65,3.624006195,122.2191781,118,12.58695408,0,0,0,146
not building,/content/CompositeTiles/Composite tiles41.TIF,39,169.5506217,169,8.905992881,188.3285968,190,55.96570584,0,0,0,563
not building,/content/CompositeTiles/Composite tiles41.TIF,40,149.5642202,150,14.66000002,94.33027523,68.5,64.34248315,0,0,0,218
not building,/content/CompositeTiles/Composite tiles41.TIF,41,171.4802432,173,11.45549358,109.4589666,89,64.587908,0,0,0,329
not building,/content/CompositeTiles/Composite tiles41.TIF,42,161.9855305,164,14.82496318,127.3488746,101,73.08715335,0,0,0,622
not building,/content/CompositeTiles/Composite tiles41.TIF,43,158.6468591,161,16.4471963,129.6383701,108,70.90788847,0,0,0,589
building,/content/CompositeTiles/Composite tiles41.TIF,44,70.94495413,68,7.491864357,141.4311927,140,20.35108421,0,0,0,763
not building,/content/CompositeTiles/Composite tiles41.TIF,45,163.7415205,165,15.97168093,130.8538012,105,74.41554517,0,0,0,855
not building,/content/CompositeTiles/Composite tiles41.TIF,46,168.107173,167,7.232684197,192.9468354,188,46.94472601,0,0,0,1185
not building,/content/CompositeTiles/Composite tiles41.TIF,47,169.3075916,170,12.48783261,90.76701571,69,60.68123873,0,0,0,764
not building,/content/CompositeTiles/Composite tiles41.TIF,48,164.9161554,164,7.633416254,166.2433538,158,40.48499535,0,0,0,489
not building,/content/CompositeTiles/Composite tiles41.TIF,49,167.28125,166,9.902601852,104.3515625,81,66.48079961,0,0,0,256
not building,/content/CompositeTiles/Composite tiles41.TIF,50,150.8675497,152,17.39649637,141.1258278,121,64.91046351,0,0,0,302
not building,/content/CompositeTiles/Composite tiles41.TIF,51,173.1863685,173,9.609321969,115.5654952,87,74.09166474,0,0,0,939
not building,/content/CompositeTiles/Composite tiles41.TIF,52,174.5246914,176,10.62852011,109.8209877,90,64.02236341,0,0,0,162
not building,/content/CompositeTiles/Composite tiles41.TIF,53,167.0288462,167.5,12.92665954,63.15384615,47.5,43.70415603,0,0,0,312
not building,/content/CompositeTiles/Composite tiles41.TIF,54,127.7201493,127,13.64310706,255,255,0,0,0,0,268
not building,/content/CompositeTiles/Composite tiles41.TIF,55,159.2817643,159,17.01727049,100.5694536,79,61.91920888,0,0,0,1519
not building,/content/CompositeTiles/Composite tiles41.TIF,56,153.0392749,157,22.21254711,95.3141994,74,57.25079514,0,0,0,331
not building,/content/CompositeTiles/Composite tiles41.TIF,57,167.8222222,166,8.196988306,137.5777778,121,52.9721054,0,0,0,180
not building,/content/CompositeTiles/Composite tiles41.TIF,58,151.8066219,163,34.09518029,112.8090211,88,67.77050012,0,0,0,2084
building,/content/CompositeTiles/Composite tiles41.TIF,59,78.41093474,75,8.793862318,155.6525573,126,64.41995366,0,0,0,567
not building,/content/CompositeTiles/Composite tiles41.TIF,60,158.9709596,161,17.21801427,128.3459596,108,70.96018238,0,0,0,792
not building,/content/CompositeTiles/Composite tiles41.TIF,61,154.509434,156,13.46781298,71.41509434,62,30.00876222,0,0,0,106
not building,/content/CompositeTiles/Composite tiles41.TIF,62,162.6827586,161.5,14.6038273,137.962069,120,65.53705408,0,0,0,290
not building,/content/CompositeTiles/Composite tiles41.TIF,63,167.8019093,168,10.46673997,155.1622912,138,63.47327561,0,0,0,419
not building,/content/CompositeTiles/Composite tiles41.TIF,64,165.364,164.5,12.68340795,97.28133333,81,57.02193307,0,0,0,750
not building,/content/CompositeTiles/Composite tiles41.TIF,65,158.9711864,161.5,18.24180848,96.13559322,76,59.39144994,0,0,0,590
not building,/content/CompositeTiles/Composite tiles41.TIF,66,164.231454,163,9.98722427,84.03264095,67,46.84847223,0,0,0,337
not building,/content/CompositeTiles/Composite tiles41.TIF,67,156.2071942,158,8.729027407,255,255,0,0,0,0,695
not building,/content/CompositeTiles/Composite tiles41.TIF,68,167.2519685,170,14.53097073,92.48818898,85,36.21259757,0,0,0,127
not building,/content/CompositeTiles/Composite tiles41.TIF,69,167.0373832,166,12.17775299,96.19626168,77,46.13560655,0,0,0,107
not building,/content/CompositeTiles/Composite tiles41.TIF,70,130.0183486,142,28.25051161,122.2018349,94,62.52526533,0,0,0,109
not building,/content/CompositeTiles/Composite tiles41.TIF,71,121.3786765,127,14.74912713,255,255,0,0,0,0,272
not building,/content/CompositeTiles/Composite tiles41.TIF,72,161.9952463,161,16.97800891,110.9662921,86,67.16174368,0,0,0,2314
not building,/content/CompositeTiles/Composite tiles41.TIF,73,116.7142857,122,16.84346019,253.9343629,255,8.172343456,0,0,0,259
not building,/content/CompositeTiles/Composite tiles41.TIF,74,150.0641509,149,11.65120602,137.1320755,134,39.96556902,0,0,0,265
not building,/content/CompositeTiles/Composite tiles41.TIF,75,165.4440367,168,17.97350461,123.453211,120,55.01464454,0,0,0,545
not building,/content/CompositeTiles/Composite tiles41.TIF,76,111.8290323,115,21.44640271,216.9419355,255,52.89225063,0,0,0,310
not building,/content/CompositeTiles/Composite tiles41.TIF,77,66.64397906,65,6.695427281,254.9463351,255,1.062694231,0,0,0,764
building,/content/CompositeTiles/Composite tiles41.TIF,78,60.39166667,60,3.353594672,144.4,142,19.26023537,0,0,0,240
building,/content/CompositeTiles/Composite tiles41.TIF,79,80.16891892,80,6.53099524,120.5608108,116,26.7453523,0,0,0,148
building,/content/CompositeTiles/Composite tiles41.TIF,80,71.92561983,70,6.296614976,129.9793388,119,27.46499626,0,0,0,242
building,/content/CompositeTiles/Composite tiles41.TIF,81,67.88549618,68,5.244613698,98.76335878,92,23.43281188,0,0,0,131
building,/content/CompositeTiles/Composite tiles41.TIF,82,71.3610675,68,11.44442269,85.75902669,81,22.0055477,0,0,0,1274
building,/content/CompositeTiles/Composite tiles41.TIF,83,69.99390244,69,4.983505661,117.5,108.5,24.72667662,0,0,0,164
building,/content/CompositeTiles/Composite tiles41.TIF,84,78.59624413,76,8.97447528,114.4225352,111,16.86816762,0,0,0,213
not building,/content/CompositeTiles/Composite tiles41.TIF,85,126.2014622,146,35.09431072,254.9888979,255,0.483842598,0,0,0,3693
building,/content/CompositeTiles/Composite tiles41.TIF,86,74.14179104,71,10.39815783,102.261194,94,25.09502213,0,0,0,134
building,/content/CompositeTiles/Composite tiles41.TIF,87,65.57792208,65,2.911648053,154.1363636,151,26.07159677,0,0,0,154
building,/content/CompositeTiles/Composite tiles41.TIF,88,83.55737705,75.5,27.18185544,103.3114754,98,20.49233442,0,0,0,122
building,/content/CompositeTiles/Composite tiles41.TIF,89,90.65546218,89,8.549840998,182.3361345,176,12.76897324,0,0,0,119
not building,/content/CompositeTiles/Composite tiles41.TIF,90,158.9101796,158,8.141581264,184.8922156,181,51.44080139,0,0,0,167
building,/content/CompositeTiles/Composite tiles41.TIF,91,71.21875,69,7.804183073,120.5,118,16.09978649,0,0,0,128
building,/content/CompositeTiles/Composite tiles41.TIF,92,67.39735099,67,1.922606778,169.1258278,165,21.92017566,0,0,0,151
not building,/content/CompositeTiles/Composite tiles41.TIF,93,151.2346154,154,16.27323055,112.5615385,105,32.96210035,0,0,0,260
not building,/content/CompositeTiles/Composite tiles41.TIF,94,153.519656,157,15.99827945,97.2027027,83.5,50.3856327,0,0,0,814
building,/content/CompositeTiles/Composite tiles41.TIF,95,72.87323944,71,8.942271157,110.5380282,96,39.84074765,0,0,0,355
building,/content/CompositeTiles/Composite tiles41.TIF,96,73.24666667,73,7.211968448,143.36,141,28.19699275,0,0,0,150
not building,/content/CompositeTiles/Composite tiles41.TIF,97,152.0973926,153,10.87684231,255,255,0,0,0,0,1304
building,/content/CompositeTiles/Composite tiles41.TIF,98,73.19892473,71,8.261726689,151.1344086,147,31.35348584,0,0,0,186
not building,/content/CompositeTiles/Composite tiles41.TIF,99,127.8818182,133,15.21048192,255,255,0,0,0,0,110
building,/content/CompositeTiles/Composite tiles41.TIF,100,80.27876106,82,13.47751948,181.6814159,176,20.74402163,0,0,0,226
not building,/content/CompositeTiles/Composite tiles41.TIF,101,104.8375559,105.5,32.11908017,239.7280179,255,30.21756339,0,0,0,1342
building,/content/CompositeTiles/Composite tiles41.TIF,102,70.07100592,70,4.78974986,134.5798817,122,32.40819273,0,0,0,169
building,/content/CompositeTiles/Composite tiles41.TIF,103,76.96710526,76,9.032410766,126.2171053,119,28.17950397,0,0,0,304
building,/content/CompositeTiles/Composite tiles41.TIF,104,69.86742424,68,10.79042081,99.86363636,92,26.34021949,0,0,0,264
not building,/content/CompositeTiles/Composite tiles41.TIF,105,163.1203008,163,13.60964253,252.9304511,255,14.08903127,0,0,0,532
building,/content/CompositeTiles/Composite tiles41.TIF,106,66.66453674,67,3.32853687,178.3354633,172,38.05821068,0,0,0,313
building,/content/CompositeTiles/Composite tiles41.TIF,107,109.7952756,103,23.13001206,189.984252,183,27.57180582,0,0,0,127
not building,/content/CompositeTiles/Composite tiles41.TIF,108,112.135,110.5,23.76545339,185.73,182,30.84537405,0,0,0,200
not building,/content/CompositeTiles/Composite tiles41.TIF,109,120.035533,138,39.80949248,182.8020305,176,50.57934809,0,0,0,197
building,/content/CompositeTiles/Composite tiles41.TIF,110,72.0726257,70,8.569158634,120.9385475,114,26.23830668,0,0,0,179
building,/content/CompositeTiles/Composite tiles41.TIF,111,63.52325581,61,8.031517486,163.7209302,156,42.5958976,0,0,0,172
building,/content/CompositeTiles/Composite tiles41.TIF,112,66.73931624,62,14.26206167,174.517094,171,33.3816593,0,0,0,234
not building,/content/CompositeTiles/Composite tiles41.TIF,113,138.6200378,144,17.05748247,157.8487713,146,43.96183045,0,0,0,529
building,/content/CompositeTiles/Composite tiles41.TIF,114,70.99642857,70,3.881732138,167.7285714,165,21.71942608,0,0,0,280
not building,/content/CompositeTiles/Composite tiles41.TIF,115,165.5424528,166,10.19216725,153.8396226,140.5,66.65740865,0,0,0,212
not building,/content/CompositeTiles/Composite tiles41.TIF,116,148.8343949,151,13.82688562,164.9617834,155,35.75249051,0,0,0,157
not building,/content/CompositeTiles/Composite tiles41.TIF,117,135.4433221,136,14.24671927,254.578844,255,6.346230993,0,0,0,3564
not building,/content/CompositeTiles/Composite tiles41.TIF,118,0.289771467,0,6.887242952,0.011537608,0,0.283172009,0,0,0,4507
not building,/content/CompositeTiles/Composite tiles41.TIF,119,161.478353,161,9.158446521,203.3735998,210,50.06231351,0,0,0,3303
not building,/content/CompositeTiles/Composite tiles41.TIF,120,90.28587319,75,30.78674596,211.3170189,232,48.63087281,0,0,0,899
building,/content/CompositeTiles/Composite tiles41.TIF,121,73.36090226,71,9.468855435,151.5263158,148,18.94335797,0,0,0,133
building,/content/CompositeTiles/Composite tiles41.TIF,122,69.71034483,70,2.426625986,144.8068966,144,23.67198156,0,0,0,145
building,/content/CompositeTiles/Composite tiles41.TIF,123,75.8828125,73,9.197164215,145.625,143.5,18.91717143,0,0,0,128
building,/content/CompositeTiles/Composite tiles41.TIF,124,63.69032258,63,3.934246236,134.2258065,127,24.49662212,0,0,0,155
building,/content/CompositeTiles/Composite tiles41.TIF,125,71.86221591,69,11.14706496,98.35464015,90,32.53919093,0,0,0,2112
building,/content/CompositeTiles/Composite tiles41.TIF,126,72.27147766,71,4.78167797,108.4089347,105,16.87454587,0,0,0,291
building,/content/CompositeTiles/Composite tiles41.TIF,127,71.53521127,71,4.227112309,175.5985915,171,28.20924328,0,0,0,142
building,/content/CompositeTiles/Composite tiles41.TIF,128,69.76068376,69,3.519541473,160.974359,153,28.57991092,0,0,0,117
not building,/content/CompositeTiles/Composite tiles41.TIF,129,166.076087,167,12.54317214,94.47101449,74.5,50.95830806,0,0,0,276
not building,/content/CompositeTiles/Composite tiles41.TIF,130,165.2478185,165,10.72720683,210.9703316,226,47.67605374,0,0,0,573
not building,/content/CompositeTiles/Composite tiles41.TIF,131,125.459854,127,11.36264503,254.9051095,255,0.763044341,0,0,0,137
not building,/content/CompositeTiles/Composite tiles41.TIF,132,163.1476059,162,11.27937738,243.0379897,255,30.84519957,0,0,0,2527
building,/content/CompositeTiles/Composite tiles41.TIF,133,62.36158192,60,8.565750602,162.5028249,160,25.81947854,0,0,0,177
not building,/content/CompositeTiles/Composite tiles41.TIF,134,163.861244,164,12.18261686,86.56937799,71,43.46528307,0,0,0,209
not building,/content/CompositeTiles/Composite tiles41.TIF,135,162.0952381,160,13.75813097,164.7047619,159,47.80295345,0,0,0,105
building,/content/CompositeTiles/Composite tiles41.TIF,136,68.09821429,68,2.325939984,185.4107143,186,22.23878271,0,0,0,112
not building,/content/CompositeTiles/Composite tiles41.TIF,137,102.6907731,96,30.87936692,220.084788,236,40.49254472,0,0,0,802
not building,/content/CompositeTiles/Composite tiles41.TIF,138,153.5224719,152,11.32894526,170.738764,167,59.82461974,0,0,0,356
building,/content/CompositeTiles/Composite tiles41.TIF,139,72.36597938,71,10.01905799,110.5657216,105,24.11438186,0,0,0,776
building,/content/CompositeTiles/Composite tiles41.TIF,140,62.74242424,61,4.567044685,163.2727273,159,26.55015006,0,0,0,132
not building,/content/CompositeTiles/Composite tiles41.TIF,141,163.5265957,163,12.11357315,186.4787234,187,48.53474928,0,0,0,188
not building,/content/CompositeTiles/Composite tiles41.TIF,142,131.3546099,135,13.09871671,254.6524823,255,2.489654667,0,0,0,141
not building,/content/CompositeTiles/Composite tiles41.TIF,143,121.1133333,120,11.818368,254.3,255,4.615553416,0,0,0,150
building,/content/CompositeTiles/Composite tiles41.TIF,144,255,255,0,255,255,0,255,255,0,13465
building,/content/CompositeTiles/Composite tiles41.TIF,145,72.9389313,71,9.063605374,101.6717557,92,28.90506777,0,0,0,131
building,/content/CompositeTiles/Composite tiles41.TIF,146,75.92410714,74,10.62546424,126.59375,122,24.86643169,0,0,0,224
building,/content/CompositeTiles/Composite tiles41.TIF,147,69.94298246,69,3.748835358,125.1754386,116,26.31330982,0,0,0,228
building,/content/CompositeTiles/Composite tiles41.TIF,148,73.31223629,71,7.259765579,122.4599156,115,23.28586515,0,0,0,237
building,/content/CompositeTiles/Composite tiles41.TIF,149,66.57083333,65.5,3.883080732,157.6958333,155,26.62476884,0,0,0,240
building,/content/CompositeTiles/Composite tiles41.TIF,150,62.1741573,62,3.346641049,151.6011236,146.5,23.81184199,0,0,0,178
building,/content/CompositeTiles/Composite tiles41.TIF,151,64.90532544,65,1.137018855,152.6213018,151,24.24014023,0,0,0,169
building,/content/CompositeTiles/Composite tiles41.TIF,152,72.54938272,71,5.562276456,134.4382716,123,32.70989984,0,0,0,162
building,/content/CompositeTiles/Composite tiles41.TIF,153,59.57333333,58,6.464618232,145.5933333,139.5,28.60421803,0,0,0,150
building,/content/CompositeTiles/Composite tiles41.TIF,154,85.32520325,80,23.61324416,103.3252033,96,23.77554114,0,0,0,123
building,/content/CompositeTiles/Composite tiles41.TIF,155,66.20245399,65,4.57676113,159.6993865,153,28.79526524,0,0,0,163
not building,/content/CompositeTiles/Composite tiles41.TIF,156,163.9234694,167,11.56566259,121.6734694,103.5,69.26925806,0,0,0,196
building,/content/CompositeTiles/Composite tiles41.TIF,157,72.37951807,71,8.642529458,161.7228916,158,23.22042788,0,0,0,166
building,/content/CompositeTiles/Composite tiles41.TIF,158,71.50581395,69,9.425655916,160.9127907,156.5,24.60592808,0,0,0,172
building,/content/CompositeTiles/Composite tiles41.TIF,159,69.35185185,67,8.368424061,168.8950617,165.5,29.29092221,0,0,0,162
building,/content/CompositeTiles/Composite tiles41.TIF,160,73.01904762,72,5.346972356,120.9619048,114,28.72527469,0,0,0,105
building,/content/CompositeTiles/Composite tiles41.TIF,161,68.43258427,67,5.045685114,165.6404494,159,30.1787734,0,0,0,178
building,/content/CompositeTiles/Composite tiles41.TIF,162,70,69,5.342267591,118.2212389,112,26.46611944,0,0,0,226
building,/content/CompositeTiles/Composite tiles41.TIF,163,68.4964539,68,3.312611007,181.6524823,179,25.02537317,0,0,0,141
not building,/content/CompositeTiles/Composite tiles41.TIF,164,171.023622,169,9.471713296,136.6430446,121,63.01925411,0,0,0,381
not building,/content/CompositeTiles/Composite tiles41.TIF,165,151.2568807,151,13.33437557,94.05504587,65,61.39118588,0,0,0,109
building,/content/CompositeTiles/Composite tiles41.TIF,166,67.83935743,67,3.175947695,165.939759,163,25.13833984,0,0,0,249
building,/content/CompositeTiles/Composite tiles41.TIF,167,71.6015625,69,13.22068682,97.40625,91,22.38981266,0,0,0,128
building,/content/CompositeTiles/Composite tiles41.TIF,168,72.4127907,69,12.09619675,164.1686047,158.5,29.34746834,0,0,0,344
building,/content/CompositeTiles/Composite tiles41.TIF,169,70.29936306,70,5.741196493,155.8216561,149,30.00201759,0,0,0,157
building,/content/CompositeTiles/Composite tiles41.TIF,170,75.90638298,74,7.294399025,111.0765957,103,30.95560454,0,0,0,235
building,/content/CompositeTiles/Composite tiles41.TIF,171,67.76470588,68,4.587229653,167.245098,164.5,27.39344285,0,0,0,102
not building,/content/CompositeTiles/Composite tiles41.TIF,172,85.95018116,75,27.81998063,220.5190217,255,47.23917329,0,0,0,1104
not building,/content/CompositeTiles/Composite tiles41.TIF,173,125.3484848,133,24.07783617,102.3939394,90,40.4455784,0,0,0,198
not building,/content/CompositeTiles/Composite tiles41.TIF,174,114.6039384,112,10.32924128,243.5816114,255,25.93026587,0,0,0,7211
not building,/content/CompositeTiles/Composite tiles41.TIF,175,95.61910995,78,31.97545199,226.5366492,255,45.54251184,0,0,0,764
building,/content/CompositeTiles/Composite tiles41.TIF,176,72.18320611,71,4.988232759,177.5267176,174,23.35073703,0,0,0,131
building,/content/CompositeTiles/Composite tiles41.TIF,177,67.97902098,67,4.357243838,171.6013986,165,30.37876049,0,0,0,143
building,/content/CompositeTiles/Composite tiles41.TIF,178,80.12598425,73,18.36120187,164.8661417,158,26.56572957,0,0,0,127
not building,/content/CompositeTiles/Composite tiles41.TIF,179,161.9390863,157,15.94203794,75.41624365,64,37.84310839,0,0,0,197
not building,/content/CompositeTiles/Composite tiles41.TIF,180,130.7253219,131,14.73200082,253.3690987,255,7.044389455,0,0,0,233
building,/content/CompositeTiles/Composite tiles41.TIF,181,114.2566372,112,22.83561059,187.7256637,183,28.85031488,0,0,0,113
not building,/content/CompositeTiles/Composite tiles41.TIF,182,117.0666667,120,9.270582706,255,255,0,0,0,0,135
not building,/content/CompositeTiles/Composite tiles41.TIF,183,166.1065574,167,8.341882652,91.8852459,77,57.1049073,0,0,0,244
building,/content/CompositeTiles/Composite tiles41.TIF,184,67.57692308,67,3.802054879,164.4230769,159,26.2274417,0,0,0,104
not building,/content/CompositeTiles/Composite tiles41.TIF,185,166.8515081,166,11.02165097,220.725058,255,44.56747327,0,0,0,862
building,/content/CompositeTiles/Composite tiles41.TIF,186,64.98285714,65,2.699151794,177.84,172,27.55581556,0,0,0,175
not building,/content/CompositeTiles/Composite tiles41.TIF,187,97.87589499,76,37.42198078,203.6300716,208,50.96350093,0,0,0,419
not building,/content/CompositeTiles/Composite tiles41.TIF,188,101.2527473,90.5,31.4156269,127.3543956,124,45.96699972,0,0,0,364
building,/content/CompositeTiles/Composite tiles41.TIF,189,66.15254237,66,5.149670252,133.9830508,125,32.39585218,0,0,0,118
not building,/content/CompositeTiles/Composite tiles41.TIF,190,161.7870968,159,7.647042099,192.9612903,191,52.89525668,0,0,0,155
building,/content/CompositeTiles/Composite tiles41.TIF,191,68.79411765,68,5.864045039,125.6764706,114,35.3999174,0,0,0,340
building,/content/CompositeTiles/Composite tiles41.TIF,192,70.25316456,70,3.813594452,120.2151899,116,20.11276494,0,0,0,79
building,/content/CompositeTiles/Composite tiles41.TIF,193,70.41176471,69.5,3.797194375,173.5294118,170,24.44951015,0,0,0,68
not building,/content/CompositeTiles/Composite tiles41.TIF,194,153.4864865,155.5,21.32454698,113.3513514,108,34.00295394,0,0,0,74
not building,/content/CompositeTiles/Composite tiles41.TIF,195,92.05888154,76,30.97222392,227.2538111,255,43.45865685,0,0,0,24337
not building,/content/CompositeTiles/Composite tiles41.TIF,196,167.6179775,168,10.45214415,126.3595506,115,44.27118859,0,0,0,89
not building,/content/CompositeTiles/Composite tiles41.TIF,197,176.3043478,178,9.634335259,113.2173913,107,50.38543313,0,0,0,23
not building,/content/CompositeTiles/Composite tiles41.TIF,198,153.4693878,153,14.17183473,78.16326531,71,26.9824939,0,0,0,98
not building,/content/CompositeTiles/Composite tiles41.TIF,199,82.33333333,84,11.83215957,194.8888889,187,45.4812402,0,0,0,9
building,/content/CompositeTiles/Composite tiles41.TIF,200,65.40433514,64,4.816767422,145.099208,142,23.5887404,0,0,0,2399
not building,/content/CompositeTiles/Composite tiles41.TIF,201,159.6666667,158,4.387769963,198.6363636,191,41.21180927,0,0,0,33
not building,/content/CompositeTiles/Composite tiles41.TIF,202,160.3596491,159,11.07084617,81.09649123,55.5,57.87107105,0,0,0,228
not building,/content/CompositeTiles/Composite tiles41.TIF,203,163.7811366,165,14.58135604,112.1354293,112,44.49880549,0,0,0,827
not building,/content/CompositeTiles/Composite tiles41.TIF,204,78.70258331,67,25.48808608,231.4016998,255,45.43503045,0,0,0,17884
not building,/content/CompositeTiles/Composite tiles41.TIF,205,170.0416667,171,10.02280386,81.33333333,62,45.91016288,0,0,0,96
not building,/content/CompositeTiles/Composite tiles41.TIF,206,167.4769167,167,10.97528777,197.0774938,220,65.41470671,0,0,0,7278
not building,/content/CompositeTiles/Composite tiles41.TIF,207,163.1611541,162,17.76032398,108.3530378,83,67.08387809,0,0,0,4263
not building,/content/CompositeTiles/Composite tiles41.TIF,208,166.9980431,168,15.18502958,159.0958904,141,71.64481184,0,0,0,511
not building,/content/CompositeTiles/Composite tiles41.TIF,209,131.2,137,18.46149145,146.9333333,139,29.65010774,0,0,0,15
not building,/content/CompositeTiles/Composite tiles41.TIF,210,147.6111111,151,11.87733083,212.9166667,220.5,45.55178677,0,0,0,36
not building,/content/CompositeTiles/Composite tiles41.TIF,211,164.4054054,163,5.523705471,176.5675676,174,31.90402884,0,0,0,37
not building,/content/CompositeTiles/Composite tiles41.TIF,212,170.6428571,171,7.642523357,128.9285714,118,35.42237849,0,0,0,56
not building,/content/CompositeTiles/Composite tiles41.TIF,213,164.6949153,161,12.02293604,175.1016949,167,38.99486925,0,0,0,59
not building,/content/CompositeTiles/Composite tiles41.TIF,214,108.1788686,115,23.08359516,252.530782,255,11.09081259,0,0,0,1202
not building,/content/CompositeTiles/Composite tiles41.TIF,215,167.0097324,167,12.8400189,71.62773723,58,48.64209735,0,0,0,411
not building,/content/CompositeTiles/Composite tiles41.TIF,216,83.95652174,78,14.42967432,212.6956522,210,21.21341136,0,0,0,69
not building,/content/CompositeTiles/Composite tiles41.TIF,217,153.8389662,152,15.69616814,97.97017893,79,57.31154705,0,0,0,503
not building,/content/CompositeTiles/Composite tiles41.TIF,218,164.2941176,168,14.24683538,238.4117647,255,30.94408396,0,0,0,68
not building,/content/CompositeTiles/Composite tiles41.TIF,219,178.4666667,177,5.987394165,123.2,116,25.87199258,0,0,0,15
not building,/content/CompositeTiles/Composite tiles41.TIF,220,171.8888889,171,7.630579897,216.047619,217,39.64702538,0,0,0,63
not building,/content/CompositeTiles/Composite tiles41.TIF,221,142.8112616,142,8.219925308,254.8145639,255,2.812995953,0,0,0,11810
building,/content/CompositeTiles/Composite tiles41.TIF,222,74.01694915,69,12.1103563,133.2033898,133,24.97848543,0,0,0,59
not building,/content/CompositeTiles/Composite tiles41.TIF,223,174.3111111,176,6.752192145,91.64444444,79,36.26026632,0,0,0,45
not building,/content/CompositeTiles/Composite tiles41.TIF,224,149.8585526,152,16.05837601,160.1151316,150.5,60.79373481,0,0,0,304
not building,/content/CompositeTiles/Composite tiles41.TIF,225,163.5426795,163,12.32270599,204.2354438,223,55.03203465,0,0,0,3538
not building,/content/CompositeTiles/Composite tiles41.TIF,226,173.2688172,173,7.322288533,200.0322581,198,42.51007512,0,0,0,93
not building,/content/CompositeTiles/Composite tiles41.TIF,227,166.1791045,167,8.97912234,198.7164179,195,40.06815312,0,0,0,67
not building,/content/CompositeTiles/Composite tiles41.TIF,228,105.340796,109.5,29.49240188,213.7562189,225,41.92127511,0,0,0,402
not building,/content/CompositeTiles/Composite tiles41.TIF,229,148.0645161,147,7.295316588,175.3870968,159,62.66741573,0,0,0,31
not building,/content/CompositeTiles/Composite tiles41.TIF,230,125.123105,140,41.69090274,212.321087,255,65.6434158,0,0,0,239446
building,/content/CompositeTiles/Composite tiles41.TIF,231,73.2625,72,5.551449698,128.2,112,42.09792156,0,0,0,80
not building,/content/CompositeTiles/Composite tiles41.TIF,232,121.5555556,122,12.34933896,130.3888889,116,39.64911688,0,0,0,54
not building,/content/CompositeTiles/Composite tiles41.TIF,233,81.29372999,69,27.24105861,186.2253813,255,79.23679825,0,0,0,5311
not building,/content/CompositeTiles/Composite tiles41.TIF,234,169.2783505,170,8.848952723,68.17525773,61,25.31859278,0,0,0,97
not building,/content/CompositeTiles/Composite tiles41.TIF,235,125.0922965,134,37.14291171,222.9018895,255,47.00699701,0,0,0,4128
not building,/content/CompositeTiles/Composite tiles41.TIF,236,162.4558824,162,10.11759362,170.8970588,158.5,56.98532827,0,0,0,68
building,/content/CompositeTiles/Composite tiles41.TIF,237,70.06818182,69,3.154345684,172.25,166,26.16609969,0,0,0,88
not building,/content/CompositeTiles/Composite tiles41.TIF,238,149.1052632,148,9.069293113,192.8684211,180,38.78155493,0,0,0,38
not building,/content/CompositeTiles/Composite tiles41.TIF,239,152.1372443,156,19.12074267,204.9241119,231,55.84468457,0,0,0,1858
not building,/content/CompositeTiles/Composite tiles41.TIF,240,154.3373494,150,10.68077556,152.3373494,145,43.17079477,0,0,0,83
building,/content/CompositeTiles/Composite tiles41.TIF,241,61.27835052,60,4.007061468,187.5360825,186,23.98584714,0,0,0,97
not building,/content/CompositeTiles/Composite tiles41.TIF,242,173.4042553,175,10.15341799,93.14893617,73,44.20743113,0,0,0,47
building,/content/CompositeTiles/Composite tiles41.TIF,243,66.76136364,64,10.33198291,175.4431818,170,28.95209914,0,0,0,88
building,/content/CompositeTiles/Composite tiles41.TIF,244,67.4742268,68,4.129583448,177.556701,178,25.6040304,0,0,0,97
building,/content/CompositeTiles/Composite tiles41.TIF,245,75.68831169,74,9.421252213,120.1818182,105,45.62032108,0,0,0,77
not building,/content/CompositeTiles/Composite tiles41.TIF,246,148.8947368,154,18.61397721,135.877193,127,58.52876641,0,0,0,57
not building,/content/CompositeTiles/Composite tiles41.TIF,247,164.4652997,168,18.72041247,126.7350158,99,68.51495361,0,0,0,634
building,/content/CompositeTiles/Composite tiles41.TIF,248,76.69957983,73,10.82384156,124.7941176,114,33.32825736,0,0,0,476
not building,/content/CompositeTiles/Composite tiles41.TIF,249,169.4852941,168,10.67224637,184.7352941,168,47.63482959,0,0,0,68
not building,/content/CompositeTiles/Composite tiles41.TIF,250,163.3404255,163,8.575761478,177.9361702,182,58.73250007,0,0,0,47
building,/content/CompositeTiles/Composite tiles42.TIF,0,65.36513158,65,7.073270291,165.7697368,170,15.91206113,0,0,0,608
not building,/content/CompositeTiles/Composite tiles42.TIF,1,137.3641026,137,8.666809284,254.4051282,255,3.396072295,0,0,0,195
building,/content/CompositeTiles/Composite tiles42.TIF,2,62.86394558,62,3.564067568,154.8979592,153,21.85161296,0,0,0,147
building,/content/CompositeTiles/Composite tiles42.TIF,3,71.26363636,70,4.090292883,116.0636364,113,17.93081516,0,0,0,220
building,/content/CompositeTiles/Composite tiles42.TIF,4,76.38636364,80,6.469408659,114.3661616,112,13.89134482,0,0,0,396
building,/content/CompositeTiles/Composite tiles42.TIF,5,71.97619048,71,4.363383509,162.4206349,158.5,20.79352508,0,0,0,126
building,/content/CompositeTiles/Composite tiles42.TIF,6,63.96825397,62,7.479003953,155.2619048,153,23.15276341,0,0,0,126
building,/content/CompositeTiles/Composite tiles42.TIF,7,71.77272727,71.5,3.64232466,162.6818182,158,22.73873953,0,0,0,132
building,/content/CompositeTiles/Composite tiles42.TIF,8,72.35344828,71,5.594415797,138.2241379,132,28.30410175,0,0,0,116
building,/content/CompositeTiles/Composite tiles42.TIF,9,71.65306122,70,8.363878491,169.2176871,166,26.41055164,0,0,0,147
building,/content/CompositeTiles/Composite tiles42.TIF,10,75.17647059,73,8.639023306,150.6218487,142,22.33284938,0,0,0,119
building,/content/CompositeTiles/Composite tiles42.TIF,11,73.4893617,71,6.693510164,113.7730496,110,18.68490831,0,0,0,141
building,/content/CompositeTiles/Composite tiles42.TIF,12,75.52763819,74,3.695439258,121.678392,115,27.48680973,0,0,0,199
building,/content/CompositeTiles/Composite tiles42.TIF,13,71.30172414,70,4.596137486,145.6982759,137.5,27.88313661,0,0,0,116
building,/content/CompositeTiles/Composite tiles42.TIF,14,73.73026316,72,5.095109103,167.9407895,166.5,18.5880669,0,0,0,152
building,/content/CompositeTiles/Composite tiles42.TIF,15,66.83703704,66,3.327121785,155.7777778,150,24.41756097,0,0,0,135
building,/content/CompositeTiles/Composite tiles42.TIF,16,70.94308943,70,2.803310508,159.6178862,159,19.25334743,0,0,0,123
building,/content/CompositeTiles/Composite tiles42.TIF,17,73.192,71,8.94489441,117.32,111,24.25913436,0,0,0,125
building,/content/CompositeTiles/Composite tiles42.TIF,18,75,74,6.609126686,176.0277778,179,25.70071995,0,0,0,144
not building,/content/CompositeTiles/Composite tiles42.TIF,19,144.0661765,145,14.35280368,156.5882353,147,46.19929185,0,0,0,136
building,/content/CompositeTiles/Composite tiles42.TIF,20,72.36764706,71.5,5.365753091,138.2352941,134.5,25.15663732,0,0,0,136
building,/content/CompositeTiles/Composite tiles42.TIF,21,68.36090226,69,3.665195675,131.2481203,126,21.60110204,0,0,0,133
building,/content/CompositeTiles/Composite tiles42.TIF,22,67.34210526,66,4.301833447,149.8421053,145.5,21.81805905,0,0,0,114
building,/content/CompositeTiles/Composite tiles42.TIF,23,74.32984293,72,9.6102639,119.1099476,114,26.66965755,0,0,0,191
building,/content/CompositeTiles/Composite tiles42.TIF,24,62.58424508,62,5.246027269,163.9343545,171,16.52569319,0,0,0,457
building,/content/CompositeTiles/Composite tiles42.TIF,25,71.04761905,71,3.097801137,133.4693878,125,28.38877476,0,0,0,147
building,/content/CompositeTiles/Composite tiles42.TIF,26,70.53932584,70,5.990734756,174.9775281,176,18.79814569,0,0,0,178
building,/content/CompositeTiles/Composite tiles42.TIF,27,71.81564246,70,4.202231518,178.0223464,174,27.74665017,0,0,0,179
not building,/content/CompositeTiles/Composite tiles42.TIF,28,155.8316327,156,7.813333671,121.7704082,111,40.40526009,0,0,0,196
building,/content/CompositeTiles/Composite tiles42.TIF,29,71.40425532,71,4.808353729,168.8510638,172,23.25466053,0,0,0,141
building,/content/CompositeTiles/Composite tiles42.TIF,30,71.93137255,69,8.394979597,148.4607843,138.5,33.79629623,0,0,0,102
building,/content/CompositeTiles/Composite tiles42.TIF,31,70.19393939,69,4.998056555,158.5090909,154,23.93491634,0,0,0,165
building,/content/CompositeTiles/Composite tiles42.TIF,32,71.1025641,70,4.024252578,137.3782051,129,28.66256894,0,0,0,156
not building,/content/CompositeTiles/Composite tiles42.TIF,33,145.0703053,146,11.73231567,254.9102683,255,1.150270861,0,0,0,1081
building,/content/CompositeTiles/Composite tiles42.TIF,34,70.87969925,70,4.571960298,187.0977444,185,20.16841298,0,0,0,133
building,/content/CompositeTiles/Composite tiles42.TIF,35,70.72897196,68,11.8160117,142.728972,134,28.53545756,0,0,0,107
building,/content/CompositeTiles/Composite tiles42.TIF,36,74.20238095,72,7.456668096,170.4285714,167,26.79498252,0,0,0,168
building,/content/CompositeTiles/Composite tiles42.TIF,37,68.07964602,68,2.924239839,182.0530973,184,30.21833257,0,0,0,113
building,/content/CompositeTiles/Composite tiles42.TIF,38,71.35714286,70,3.370187423,169.3642857,166.5,23.25947141,0,0,0,140
building,/content/CompositeTiles/Composite tiles42.TIF,39,66.53205128,66,4.481328603,162.3589744,159,28.43029008,0,0,0,156
building,/content/CompositeTiles/Composite tiles42.TIF,40,73.53061224,72,5.437719263,139.7823129,132,25.98259936,0,0,0,147
not building,/content/CompositeTiles/Composite tiles42.TIF,41,116.1938776,133.5,40.88764051,237.3928571,255,29.66932983,0,0,0,196
not building,/content/CompositeTiles/Composite tiles42.TIF,42,148.7797753,153,17.30703682,243.9280899,255,22.77973172,0,0,0,445
building,/content/CompositeTiles/Composite tiles42.TIF,43,70.82242991,67,9.843459885,144.6261682,137,24.20339181,0,0,0,107
building,/content/CompositeTiles/Composite tiles42.TIF,44,73.11551155,71,6.349282617,168.8052805,164,28.30733683,0,0,0,303
building,/content/CompositeTiles/Composite tiles42.TIF,45,70.25490196,64,14.32741757,160.0130719,154,28.23060661,0,0,0,153
building,/content/CompositeTiles/Composite tiles42.TIF,46,71.98275862,69,9.576356264,137.4224138,126.5,29.25604885,0,0,0,116
not building,/content/CompositeTiles/Composite tiles42.TIF,47,140.4113475,146,19.86624455,254.7446809,255,2.383168685,0,0,0,141
building,/content/CompositeTiles/Composite tiles42.TIF,48,73.62318841,73,7.674730698,116.1521739,111,23.42329516,0,0,0,138
building,/content/CompositeTiles/Composite tiles42.TIF,49,72.5030303,70,15.37752167,186.3212121,194,28.19907324,0,0,0,165
building,/content/CompositeTiles/Composite tiles42.TIF,50,70.27692308,69,7.676152266,167.6653846,175,38.82821577,0,0,0,260
building,/content/CompositeTiles/Composite tiles42.TIF,51,72.21969697,71,4.745515258,171.5151515,163,35.13771281,0,0,0,132
not building,/content/CompositeTiles/Composite tiles42.TIF,52,140.6468401,145,16.37904294,253.8736059,255,6.895853666,0,0,0,269
not building,/content/CompositeTiles/Composite tiles42.TIF,53,155.333641,155,15.0576768,212.3287956,255,73.67599604,0,0,0,4334
not building,/content/CompositeTiles/Composite tiles42.TIF,54,162.1218274,160,9.111569079,110.7292724,83,72.54072529,0,0,0,591
not building,/content/CompositeTiles/Composite tiles42.TIF,55,7.847869507,0,32.39908781,2.976031957,0,24.37624164,0,0,0,3004
not building,/content/CompositeTiles/Composite tiles42.TIF,56,163.8502994,165,9.768352139,188.8652695,195.5,52.38511631,0,0,0,334
not building,/content/CompositeTiles/Composite tiles42.TIF,57,114.875969,113,19.68453048,76.19379845,61,46.04767962,0,0,0,258
building,/content/CompositeTiles/Composite tiles42.TIF,58,74.02068966,73,5.200091465,136.1793103,145,29.86005727,0,0,0,145
not building,/content/CompositeTiles/Composite tiles42.TIF,59,157.137931,155,11.59882318,126.7206897,103.5,62.6050118,0,0,0,290
building,/content/CompositeTiles/Composite tiles42.TIF,60,75.12195122,74,7.133552195,153.699187,151,23.87260735,0,0,0,123
building,/content/CompositeTiles/Composite tiles42.TIF,61,72.64566929,72,4.3098999,141.7637795,134,27.4961577,0,0,0,127
building,/content/CompositeTiles/Composite tiles42.TIF,62,73.00746269,71.5,7.125208841,133.5223881,129,23.54662457,0,0,0,134
building,/content/CompositeTiles/Composite tiles42.TIF,63,76.27631579,74,6.991721955,132.3552632,124,31.0066648,0,0,0,152
building,/content/CompositeTiles/Composite tiles42.TIF,64,72.57017544,71,6.469861706,159.5964912,155.5,19.48491063,0,0,0,114
building,/content/CompositeTiles/Composite tiles42.TIF,65,70.32116788,70,3.52454233,160.7810219,158,22.51608195,0,0,0,137
building,/content/CompositeTiles/Composite tiles42.TIF,66,75.79041916,74,6.406239787,129.1616766,121,35.13878683,0,0,0,167
building,/content/CompositeTiles/Composite tiles42.TIF,67,75.10810811,73,6.053963561,177.8581081,173,27.11811256,0,0,0,148
building,/content/CompositeTiles/Composite tiles42.TIF,68,73.71851852,72,5.635406393,160.6,154,24.85996335,0,0,0,135
not building,/content/CompositeTiles/Composite tiles42.TIF,69,154.1428571,153,10.28111844,75.33834586,66,25.6916028,0,0,0,133
building,/content/CompositeTiles/Composite tiles42.TIF,70,72.07878788,71,4.218268895,135.2727273,127,27.75397621,0,0,0,165
not building,/content/CompositeTiles/Composite tiles42.TIF,71,164.1192351,166,15.59323211,143.8211474,123,75.81904158,0,0,0,889
not building,/content/CompositeTiles/Composite tiles42.TIF,72,125.2431078,130,22.48237508,85.07017544,73,49.77100532,0,0,0,399
building,/content/CompositeTiles/Composite tiles42.TIF,73,73.38686131,73,5.61313394,136.0364964,124,31.30714542,0,0,0,137
not building,/content/CompositeTiles/Composite tiles42.TIF,74,125.1772727,144.5,37.79622915,132.7545455,115.5,53.04906586,0,0,0,220
not building,/content/CompositeTiles/Composite tiles42.TIF,75,153.6245487,153,11.75823746,84.15523466,69,45.06154335,0,0,0,277
building,/content/CompositeTiles/Composite tiles42.TIF,76,64.51824818,63,5.964740913,182.1824818,178,21.79841921,0,0,0,137
building,/content/CompositeTiles/Composite tiles42.TIF,77,73.29824561,72,5.40456244,137.4298246,130.5,32.02766603,0,0,0,114
building,/content/CompositeTiles/Composite tiles42.TIF,78,74.32116788,73,8.149098115,126.6861314,121,24.55286322,0,0,0,137
not building,/content/CompositeTiles/Composite tiles42.TIF,79,125.6753145,141,35.03673841,201.2319182,210,54.07026194,0,0,0,1272
building,/content/CompositeTiles/Composite tiles42.TIF,80,66.74576271,64,6.484906126,154.4463277,152,23.30123783,0,0,0,177
building,/content/CompositeTiles/Composite tiles42.TIF,81,69.30821918,68,5.774963759,152.9589041,150,22.39950975,0,0,0,146
not building,/content/CompositeTiles/Composite tiles42.TIF,82,143.0091743,150,24.23603179,111.0733945,104,24.29282615,0,0,0,109
not building,/content/CompositeTiles/Composite tiles42.TIF,83,152.1993464,152,9.298752441,132.1928105,112.5,54.92602346,0,0,0,306
not building,/content/CompositeTiles/Composite tiles42.TIF,84,127.705036,128,12.01764484,147.5827338,130,49.58386534,0,0,0,139
building,/content/CompositeTiles/Composite tiles42.TIF,85,70.43055556,68,8.584265951,154.1180556,152.5,27.94799151,0,0,0,144
building,/content/CompositeTiles/Composite tiles42.TIF,86,70.25,69,4.311322303,173.2333333,171.5,23.91294396,0,0,0,120
building,/content/CompositeTiles/Composite tiles42.TIF,87,74.90849673,71,10.22706871,131.5228758,125,29.63505365,0,0,0,153
building,/content/CompositeTiles/Composite tiles42.TIF,88,74.72,74,4.972082059,127,115,29.45199484,0,0,0,100
building,/content/CompositeTiles/Composite tiles42.TIF,89,74.40350877,71,9.06479531,157.6666667,153.5,23.89621811,0,0,0,114
building,/content/CompositeTiles/Composite tiles42.TIF,90,73.7188755,72,5.277945811,184.4899598,188,50.29017106,0,0,0,249
building,/content/CompositeTiles/Composite tiles42.TIF,91,73.228125,72,8.447696963,130.48125,119,33.82130835,0,0,0,320
building,/content/CompositeTiles/Composite tiles42.TIF,92,73.7112069,71,9.964084396,153.3922414,152.5,42.5099028,0,0,0,232
not building,/content/CompositeTiles/Composite tiles42.TIF,93,131.958042,132,13.20567484,153.9125874,137.5,52.46440067,0,0,0,286
building,/content/CompositeTiles/Composite tiles42.TIF,94,76.37918216,75,5.669104759,144.5167286,125,46.53004684,0,0,0,269
not building,/content/CompositeTiles/Composite tiles42.TIF,95,148.310559,148,8.712977417,113.3167702,100,41.84686997,0,0,0,161
not building,/content/CompositeTiles/Composite tiles42.TIF,96,130.1465517,134,15.03573577,209.5517241,202.5,34.19728383,0,0,0,116
not building,/content/CompositeTiles/Composite tiles42.TIF,97,102.3494624,104,17.20344504,253.2365591,255,9.190806357,0,0,0,186
building,/content/CompositeTiles/Composite tiles42.TIF,98,75.97457627,72,13.93171109,128.940678,124.5,20.81691472,0,0,0,118
building,/content/CompositeTiles/Composite tiles42.TIF,99,75.34782609,69.5,20.20103749,106.115942,104,16.36940964,0,0,0,138
building,/content/CompositeTiles/Composite tiles42.TIF,100,70.71627907,69,5.535380083,117.6511628,113,23.07670095,0,0,0,215
building,/content/CompositeTiles/Composite tiles42.TIF,101,70.55932203,69,7.781488652,125.5254237,120.5,19.45647549,0,0,0,118
building,/content/CompositeTiles/Composite tiles42.TIF,102,75.25179856,74,6.280142881,165.1510791,163,21.76192757,0,0,0,139
building,/content/CompositeTiles/Composite tiles42.TIF,103,72.515625,72,3.486546409,136.8984375,133,21.57973581,0,0,0,128
building,/content/CompositeTiles/Composite tiles42.TIF,104,85.34730539,81,14.88234422,108.5449102,103,22.73637161,0,0,0,167
building,/content/CompositeTiles/Composite tiles42.TIF,105,71.7184466,71,2.92268488,149.3300971,146,23.78030038,0,0,0,206
building,/content/CompositeTiles/Composite tiles42.TIF,106,77.4127907,76,7.907786809,144.5872093,140,27.11020702,0,0,0,172
building,/content/CompositeTiles/Composite tiles42.TIF,107,75.57258065,72,11.8124957,124.8951613,119,27.63699559,0,0,0,124
building,/content/CompositeTiles/Composite tiles42.TIF,108,71.19327731,72,5.783600854,114.6554622,111,18.83070841,0,0,0,119
building,/content/CompositeTiles/Composite tiles42.TIF,109,69.88194444,69,2.982580277,120.1805556,115.5,17.89849962,0,0,0,144
not building,/content/CompositeTiles/Composite tiles42.TIF,110,154.0080071,155,14.45390661,103.841637,83,63.15333125,0,0,0,1124
building,/content/CompositeTiles/Composite tiles42.TIF,111,70.06508876,68,7.905613324,151.7218935,149,18.69182161,0,0,0,169
building,/content/CompositeTiles/Composite tiles42.TIF,112,68.86029412,68,6.411355728,151.8455882,149.5,19.32305796,0,0,0,136
building,/content/CompositeTiles/Composite tiles42.TIF,113,72.25301205,71,5.295698126,164.4939759,162,19.47805283,0,0,0,166
not building,/content/CompositeTiles/Composite tiles42.TIF,114,152.8636364,151,6.607815308,134.8686869,127,32.65743421,0,0,0,198
building,/content/CompositeTiles/Composite tiles42.TIF,115,72.50657895,71,5.612482224,154,145,31.55529816,0,0,0,152
building,/content/CompositeTiles/Composite tiles42.TIF,116,70.7037037,69,6.886100591,136.1296296,131,21.55788615,0,0,0,162
not building,/content/CompositeTiles/Composite tiles42.TIF,117,149.9285714,150.5,13.77248102,147.2111801,128,68.50451406,0,0,0,322
building,/content/CompositeTiles/Composite tiles42.TIF,118,71.19480519,69.5,5.427297433,173.8311688,175,28.22930346,0,0,0,154
building,/content/CompositeTiles/Composite tiles42.TIF,119,75.72300469,71,16.19549831,118.9859155,115,24.623642,0,0,0,213
not building,/content/CompositeTiles/Composite tiles42.TIF,120,137.3357143,139.5,11.58546547,163.8071429,153,64.15159462,0,0,0,140
not building,/content/CompositeTiles/Composite tiles42.TIF,121,158.5443038,158,9.609591027,87.33417722,72,45.24408874,0,0,0,395
building,/content/CompositeTiles/Composite tiles42.TIF,122,71.74418605,72,2.829191875,156.3953488,152,21.0228442,0,0,0,172
building,/content/CompositeTiles/Composite tiles42.TIF,123,68.96648045,68,3.856213793,143.7932961,141,19.48460959,0,0,0,179
building,/content/CompositeTiles/Composite tiles42.TIF,124,70.75,70,6.71153059,184.0267857,180,20.67886249,0,0,0,112
building,/content/CompositeTiles/Composite tiles42.TIF,125,67.45930233,67,2.173726727,169.4593023,167.5,21.14247284,0,0,0,172
not building,/content/CompositeTiles/Composite tiles42.TIF,126,83.12600536,106.5,68.63059365,82.0080429,7,99.63708914,0,0,0,746
building,/content/CompositeTiles/Composite tiles42.TIF,127,75.70769231,72,12.57130197,122.8846154,113.5,30.35447873,0,0,0,130
not building,/content/CompositeTiles/Composite tiles42.TIF,128,80.5620915,76,11.68756116,255,255,0,0,0,0,153
building,/content/CompositeTiles/Composite tiles42.TIF,129,72.44285714,72,2.898944213,132.0428571,125,28.44389752,0,0,0,140
not building,/content/CompositeTiles/Composite tiles42.TIF,130,154.83,156,13.91358209,163.01,146,70.79620917,0,0,0,300
building,/content/CompositeTiles/Composite tiles42.TIF,131,72.27510917,72,3.44239439,164.8078603,162,25.54228841,0,0,0,229
building,/content/CompositeTiles/Composite tiles42.TIF,132,67.71111111,67,2.841143918,143.3277778,140,23.54872739,0,0,0,180
not building,/content/CompositeTiles/Composite tiles42.TIF,133,100.345776,103,26.40470665,224.1060904,255,41.256833,0,0,0,509
building,/content/CompositeTiles/Composite tiles42.TIF,134,70.53488372,67,12.79416444,173.496124,174,32.7946687,0,0,0,129
building,/content/CompositeTiles/Composite tiles42.TIF,135,70.20338983,69,3.824894641,128.2305085,121,26.69008103,0,0,0,295
building,/content/CompositeTiles/Composite tiles42.TIF,136,67.98591549,67,3.703796901,159.5422535,155.5,23.943779,0,0,0,142
building,/content/CompositeTiles/Composite tiles42.TIF,137,74.66995074,73,9.847328837,213.9950739,217,39.11540303,0,0,0,203
building,/content/CompositeTiles/Composite tiles42.TIF,138,71.28901734,70,3.828361708,139.4913295,139,18.9177161,0,0,0,173
not building,/content/CompositeTiles/Composite tiles42.TIF,139,147.9237288,149,13.21090765,128.6694915,114,60.33227979,0,0,0,354
building,/content/CompositeTiles/Composite tiles42.TIF,140,92.65384615,91,13.65492953,125.7932692,114.5,31.78216954,0,0,0,208
not building,/content/CompositeTiles/Composite tiles42.TIF,141,158.7733333,158,10.42736571,117.8306667,95,59.87751381,0,0,0,750
not building,/content/CompositeTiles/Composite tiles42.TIF,142,98.15409836,84,28.57558804,199.4420765,232.5,62.51779795,0,0,0,1830
not building,/content/CompositeTiles/Composite tiles42.TIF,143,153.8668831,155,9.75304518,150.2597403,141,62.04170206,0,0,0,308
not building,/content/CompositeTiles/Composite tiles42.TIF,144,80.04750154,75,14.8762807,229.0647748,255,52.03171456,0,0,0,1621
building,/content/CompositeTiles/Composite tiles42.TIF,145,74.52173913,74,3.758180882,111.0241546,105,25.79451307,0,0,0,207
not building,/content/CompositeTiles/Composite tiles42.TIF,146,161.2175076,163,13.07452232,105.0623089,82,61.64092418,0,0,0,2616
building,/content/CompositeTiles/Composite tiles42.TIF,147,69.8816568,69,4.782632001,144.9940828,138,27.60702617,0,0,0,169
not building,/content/CompositeTiles/Composite tiles42.TIF,148,153.487013,152,9.03689193,213.9935065,224.5,42.26285968,0,0,0,154
not building,/content/CompositeTiles/Composite tiles42.TIF,149,132.1466208,129,16.23112112,254.5040092,255,4.168588693,0,0,0,873
not building,/content/CompositeTiles/Composite tiles42.TIF,150,133.5982783,135,18.33091007,254.9856528,255,0.342696975,0,0,0,697
building,/content/CompositeTiles/Composite tiles42.TIF,151,72.16,70,6.368233664,177.4,174,22.5743217,0,0,0,100
not building,/content/CompositeTiles/Composite tiles42.TIF,152,148.0347107,147,13.07045568,117.8710744,112,51.74485951,0,0,0,605
not building,/content/CompositeTiles/Composite tiles42.TIF,153,132,135.5,21.81026135,96.975,75.5,49.87057624,0,0,0,160
not building,/content/CompositeTiles/Composite tiles42.TIF,154,159.8980583,159,11.3782302,151.8816748,140,55.78917453,0,0,0,1648
not building,/content/CompositeTiles/Composite tiles42.TIF,155,154.7858546,154,10.16771521,121.7455796,103,56.2054111,0,0,0,1018
not building,/content/CompositeTiles/Composite tiles42.TIF,156,69.89308176,68,9.673988462,209.1918239,217,46.23161878,0,0,0,318
not building,/content/CompositeTiles/Composite tiles42.TIF,157,158.6324786,158,10.16412183,80.56410256,62,42.63868967,0,0,0,234
not building,/content/CompositeTiles/Composite tiles42.TIF,158,106.5406977,107,10.67781745,255,255,0,0,0,0,172
not building,/content/CompositeTiles/Composite tiles42.TIF,159,150.5892857,152,12.37573007,140.0372024,128,62.75301252,0,0,0,672
building,/content/CompositeTiles/Composite tiles42.TIF,160,95.02919708,96,13.63547413,108.9781022,105,21.73478733,0,0,0,137
not building,/content/CompositeTiles/Composite tiles42.TIF,161,80.69529837,70,26.61279376,240.5207957,255,33.06413328,0,0,0,1106
not building,/content/CompositeTiles/Composite tiles42.TIF,162,150.6328234,150,14.53704038,123.1335188,119,51.55996525,0,0,0,719
building,/content/CompositeTiles/Composite tiles42.TIF,163,69.76260504,68,7.537326495,161.6092437,152,34.08544994,0,0,0,476
not building,/content/CompositeTiles/Composite tiles42.TIF,164,147.7408537,148,11.74279392,143.9085366,142,47.48456926,0,0,0,328
not building,/content/CompositeTiles/Composite tiles42.TIF,165,118.1738197,123,28.63200439,144.3798283,133,54.83967601,0,0,0,466
not building,/content/CompositeTiles/Composite tiles42.TIF,166,145.2840909,145.5,10.66957107,127.4147727,110,50.99391238,0,0,0,176
not building,/content/CompositeTiles/Composite tiles42.TIF,167,139.2641509,145,21.42838088,131.7232704,116,48.83767387,0,0,0,159
not building,/content/CompositeTiles/Composite tiles42.TIF,168,145.8432602,149,15.6002334,213.9122257,236,49.39335881,0,0,0,319
building,/content/CompositeTiles/Composite tiles42.TIF,169,255,255,0,255,255,0,255,255,0,14195
not building,/content/CompositeTiles/Composite tiles42.TIF,170,165.7846154,166,8.355239058,105.4153846,85,51.54820268,0,0,0,195
building,/content/CompositeTiles/Composite tiles42.TIF,171,67.04032258,65,5.607309736,122.6290323,117,20.7929376,0,0,0,124
building,/content/CompositeTiles/Composite tiles42.TIF,172,71.57638889,70,5.1687897,129.875,122.5,28.05027109,0,0,0,144
building,/content/CompositeTiles/Composite tiles42.TIF,173,74.87850467,72,16.72409995,107.6542056,104,18.42697271,0,0,0,107
not building,/content/CompositeTiles/Composite tiles42.TIF,174,148.4307692,145.5,11.3902377,84,74,35.81190176,0,0,0,130
building,/content/CompositeTiles/Composite tiles42.TIF,175,69.41304348,68,5.864074189,152.0217391,148.5,21.69901734,0,0,0,138
building,/content/CompositeTiles/Composite tiles42.TIF,176,69.64492754,69,4.922295807,121.6376812,113,30.6170697,0,0,0,138
building,/content/CompositeTiles/Composite tiles42.TIF,177,70.98484848,69,6.412564429,129.8106061,125,20.13030753,0,0,0,132
building,/content/CompositeTiles/Composite tiles42.TIF,178,64.85185185,65,4.509280173,135.0666667,130,25.26722368,0,0,0,135
building,/content/CompositeTiles/Composite tiles42.TIF,179,73.4025974,68,14.7355562,126.0584416,118,28.39110822,0,0,0,154
building,/content/CompositeTiles/Composite tiles42.TIF,180,71.20529801,70,6.300759841,128.5629139,122,21.91542327,0,0,0,151
building,/content/CompositeTiles/Composite tiles42.TIF,181,73.49438202,71,9.246467404,123.8089888,119.5,23.64526054,0,0,0,178
building,/content/CompositeTiles/Composite tiles42.TIF,182,71.7254902,70,10.61275302,121.0522876,116,23.09763048,0,0,0,153
building,/content/CompositeTiles/Composite tiles42.TIF,183,71.02094241,70,3.614916907,137.0314136,130,30.65240111,0,0,0,191
building,/content/CompositeTiles/Composite tiles42.TIF,184,72.92361111,70,9.644428343,176.4513889,174,19.43680281,0,0,0,144
not building,/content/CompositeTiles/Composite tiles42.TIF,185,137.0833333,137,13.89137604,55.97727273,47,27.0894886,0,0,0,132
building,/content/CompositeTiles/Composite tiles42.TIF,186,71.21875,68.5,8.812222957,131.75,123,27.30613484,0,0,0,128
building,/content/CompositeTiles/Composite tiles42.TIF,187,72.89041096,69,10.44235533,135.5890411,121,41.0221576,0,0,0,146
not building,/content/CompositeTiles/Composite tiles42.TIF,188,164.7384615,164,7.478743052,148.3384615,133.5,54.7825848,0,0,0,130
building,/content/CompositeTiles/Composite tiles42.TIF,189,71.74157303,70,7.732941487,155.7359551,152,20.32497079,0,0,0,178
building,/content/CompositeTiles/Composite tiles42.TIF,190,69.97183099,68,5.575276993,132.8521127,124,29.71080023,0,0,0,142
building,/content/CompositeTiles/Composite tiles42.TIF,191,67.72357724,66,6.700686548,132.4471545,126,23.56868642,0,0,0,123
building,/content/CompositeTiles/Composite tiles42.TIF,192,71.89285714,70,8.913630356,131.3428571,121,31.03310938,0,0,0,140
building,/content/CompositeTiles/Composite tiles42.TIF,193,71.74242424,71,3.787181754,176.1212121,172,25.55980222,0,0,0,132
building,/content/CompositeTiles/Composite tiles42.TIF,194,66.28148148,65,6.942783999,162.5555556,161,25.48715484,0,0,0,135
building,/content/CompositeTiles/Composite tiles42.TIF,195,73.70588235,71,11.04477362,147.4264706,148,17.63628961,0,0,0,136
not building,/content/CompositeTiles/Composite tiles42.TIF,196,139.3661972,142,11.33701334,108.2464789,95,41.07228026,0,0,0,142
building,/content/CompositeTiles/Composite tiles42.TIF,197,70.44571429,70,5.898781611,158.2228571,155,19.08931018,0,0,0,175
building,/content/CompositeTiles/Composite tiles42.TIF,198,66.01449275,64,6.22638787,159.7101449,153,26.47563903,0,0,0,138
building,/content/CompositeTiles/Composite tiles42.TIF,199,72.70967742,70,7.050021956,130.0709677,119,34.40107082,0,0,0,155
building,/content/CompositeTiles/Composite tiles42.TIF,200,76.26717557,75,7.055747944,132.9618321,126,26.77340727,0,0,0,131
building,/content/CompositeTiles/Composite tiles42.TIF,201,68.22222222,68,5.642650634,146.5185185,140,29.84212,0,0,0,324
building,/content/CompositeTiles/Composite tiles42.TIF,202,70.75657895,70,4.099096034,121.5328947,112.5,27.71160639,0,0,0,152
building,/content/CompositeTiles/Composite tiles42.TIF,203,73.2605042,72,6.321182456,142.3277311,136,29.32120271,0,0,0,119
building,/content/CompositeTiles/Composite tiles42.TIF,204,73.28346457,71,6.93149566,147.8582677,149,28.79378881,0,0,0,127
building,/content/CompositeTiles/Composite tiles42.TIF,205,64.97241379,64,4.300673287,151.4896552,151,22.20224196,0,0,0,145
building,/content/CompositeTiles/Composite tiles42.TIF,206,73.65789474,75.5,4.985644211,172.5657895,170,15.15432501,0,0,0,152
building,/content/CompositeTiles/Composite tiles42.TIF,207,69.18125,68.5,2.761050242,152.5,147,28.22410317,0,0,0,160
building,/content/CompositeTiles/Composite tiles42.TIF,208,63.58278146,63,3.733431594,135.3509934,123,35.47972067,0,0,0,151
not building,/content/CompositeTiles/Composite tiles42.TIF,209,153.2088452,154,12.5972627,103.2850123,91,35.22817649,0,0,0,407
building,/content/CompositeTiles/Composite tiles42.TIF,210,73.63181818,71,11.12923612,142.8818182,140.5,31.02395902,0,0,0,220
building,/content/CompositeTiles/Composite tiles42.TIF,211,70.92957746,68,8.553598936,137.4929577,125.5,32.80345792,0,0,0,142
building,/content/CompositeTiles/Composite tiles42.TIF,212,73.99061033,72,7.306175027,151.1924883,149,29.8699142,0,0,0,213
building,/content/CompositeTiles/Composite tiles42.TIF,213,69.21126761,68,6.65955946,151.3239437,148,18.65723033,0,0,0,142
building,/content/CompositeTiles/Composite tiles42.TIF,214,74.46052632,70,9.829387716,167.0789474,166,24.74356012,0,0,0,152
not building,/content/CompositeTiles/Composite tiles42.TIF,215,141.2681452,142,22.05122961,101.2358871,77,54.19601895,0,0,0,496
not building,/content/CompositeTiles/Composite tiles42.TIF,216,146.6923077,147,14.35714274,137.8675214,114.5,64.55617355,0,0,0,234
building,/content/CompositeTiles/Composite tiles42.TIF,217,69.52142857,67,9.978883317,130.1285714,116,37.0412594,0,0,0,140
building,/content/CompositeTiles/Composite tiles42.TIF,218,68.29411765,69,2.948373547,157.9044118,152.5,35.90200688,0,0,0,136
building,/content/CompositeTiles/Composite tiles42.TIF,219,67.11956522,67,2.542432896,165.8532609,163.5,21.46977628,0,0,0,184
building,/content/CompositeTiles/Composite tiles42.TIF,220,69.40645161,69,3.637966064,146.8064516,144,21.13065249,0,0,0,155
building,/content/CompositeTiles/Composite tiles42.TIF,221,73.56115108,72,7.465137302,201.3381295,199,26.42092967,0,0,0,139
building,/content/CompositeTiles/Composite tiles42.TIF,222,68.44827586,68,2.362341624,142.0862069,137,21.54648902,0,0,0,174
building,/content/CompositeTiles/Composite tiles42.TIF,223,64.54385965,64.5,2.482006654,133.8245614,126,27.12422547,0,0,0,114
building,/content/CompositeTiles/Composite tiles42.TIF,224,72.6971831,70,6.135775301,135.1197183,123.5,31.07362506,0,0,0,142
not building,/content/CompositeTiles/Composite tiles42.TIF,225,158.8653846,159,12.61490091,131.2980769,119,58.53530818,0,0,0,104
building,/content/CompositeTiles/Composite tiles42.TIF,226,69.94117647,69,4.361874775,185.6838235,183,21.81395338,0,0,0,136
not building,/content/CompositeTiles/Composite tiles42.TIF,227,141.6073394,142,13.21813951,251.3862385,255,14.23022992,0,0,0,1090
building,/content/CompositeTiles/Composite tiles42.TIF,228,70.50931677,70,3.064762689,172.5900621,168,22.56047003,0,0,0,161
not building,/content/CompositeTiles/Composite tiles42.TIF,229,162.0917431,163,8.64863704,118.9082569,91,68.22501106,0,0,0,109
building,/content/CompositeTiles/Composite tiles42.TIF,230,68.46017699,68,3.402329754,179.4690265,175,26.21897941,0,0,0,113
building,/content/CompositeTiles/Composite tiles42.TIF,231,75.71323529,74,5.440734283,147.1544118,141.5,30.36732926,0,0,0,136
building,/content/CompositeTiles/Composite tiles42.TIF,232,79.84745763,76,13.25092073,148.7372881,143.5,35.44808282,0,0,0,118
building,/content/CompositeTiles/Composite tiles42.TIF,233,60.98305085,60,3.395701131,186.2881356,183,27.68571651,0,0,0,177
building,/content/CompositeTiles/Composite tiles42.TIF,234,76.82065217,75,7.61473169,142.0271739,135.5,30.93285717,0,0,0,184
building,/content/CompositeTiles/Composite tiles42.TIF,235,70.37908497,68,8.85762958,170.7581699,166,28.78612278,0,0,0,153
building,/content/CompositeTiles/Composite tiles42.TIF,236,71.05,68,11.34984267,180.3714286,183,20.23658034,0,0,0,140
building,/content/CompositeTiles/Composite tiles42.TIF,237,70.90285714,70,5.443396299,166.9942857,162,24.64108002,0,0,0,175
not building,/content/CompositeTiles/Composite tiles42.TIF,238,155.75,155,10.00667007,67.68918919,55,35.0402956,0,0,0,148
not building,/content/CompositeTiles/Composite tiles42.TIF,239,155.1386139,156.5,18.18607328,147.450495,139.5,32.72084183,0,0,0,202
building,/content/CompositeTiles/Composite tiles42.TIF,240,68.7032967,67,10.03509721,171.1043956,163.5,32.78845083,0,0,0,182
not building,/content/CompositeTiles/Composite tiles42.TIF,241,154.959596,155,16.99084781,160.2589532,153,82.62116058,0,0,0,1089
building,/content/CompositeTiles/Composite tiles42.TIF,242,71.90322581,71,4.50701846,160.5080645,154.5,28.04590016,0,0,0,124
not building,/content/CompositeTiles/Composite tiles42.TIF,243,159.4017467,159,8.952821346,118.3406114,113,35.15315414,0,0,0,229
building,/content/CompositeTiles/Composite tiles42.TIF,244,76.49222798,71,18.93378677,136.0362694,109,56.89226006,0,0,0,193
building,/content/CompositeTiles/Composite tiles42.TIF,245,71.43609023,68,9.214530356,187.7593985,187,29.35910674,0,0,0,133
not building,/content/CompositeTiles/Composite tiles42.TIF,246,75.29042904,71,13.89926539,207.5313531,230,54.58645766,0,0,0,303
not building,/content/CompositeTiles/Composite tiles42.TIF,247,35.11780105,0,55.92982933,30.66753927,0,78.93168856,0,0,0,382
building,/content/CompositeTiles/Composite tiles42.TIF,248,67.83333333,66,5.769985706,208.1666667,205,36.92001634,0,0,0,156
not building,/content/CompositeTiles/Composite tiles42.TIF,249,147.7829787,147,5.927193701,182.9489362,177.5,33.93155735,0,0,0,470
building,/content/CompositeTiles/Composite tiles42.TIF,250,86.72222222,76.5,23.96513304,172.4285714,166,29.35589732,0,0,0,126
not building,/content/CompositeTiles/Composite tiles42.TIF,251,150.665272,153,12.24663249,205.7322176,221,51.27866529,0,0,0,239
not building,/content/CompositeTiles/Composite tiles42.TIF,252,143.1,145,9.93871219,253.748,255,6.117229438,0,0,0,250
building,/content/CompositeTiles/Composite tiles42.TIF,253,72.28421053,70,9.671078052,127.9684211,123,21.37162538,0,0,0,95
building,/content/CompositeTiles/Composite tiles42.TIF,254,70.86021505,70,3.116350905,130.5268817,124,22.03740291,0,0,0,93
not building,/content/CompositeTiles/Composite tiles42.TIF,255,128.7636364,131,13.04811186,114.2363636,107,35.12676454,0,0,0,55
building,/content/CompositeTiles/Composite tiles42.TIF,256,72.76767677,71,4.672784481,171.6767677,170,21.25498315,0,0,0,99
not building,/content/CompositeTiles/Composite tiles42.TIF,257,140.3636364,146,16.33794279,113.6666667,100.5,41.33101167,0,0,0,66
building,/content/CompositeTiles/Composite tiles42.TIF,258,71.4,72,4.160128203,130.2111111,118,32.08997574,0,0,0,90
building,/content/CompositeTiles/Composite tiles42.TIF,259,70.5952381,69,4.904126172,173.6666667,172,15.60321497,0,0,0,42
not building,/content/CompositeTiles/Composite tiles42.TIF,260,110.990228,115,32.72538838,152.6872964,122,66.72098988,0,0,0,614
not building,/content/CompositeTiles/Composite tiles42.TIF,261,127.9137931,119.5,19.07632987,139.6206897,131.5,30.34674759,0,0,0,58
not building,/content/CompositeTiles/Composite tiles42.TIF,262,150.5268817,152,10.23759821,153.2903226,151,45.88053225,0,0,0,93
not building,/content/CompositeTiles/Composite tiles42.TIF,263,130.6851852,133,9.618316004,117.7407407,112.5,33.99792215,0,0,0,54
building,/content/CompositeTiles/Composite tiles42.TIF,264,67.2745098,67,2.694063418,158.9607843,154,27.82857946,0,0,0,51
building,/content/CompositeTiles/Composite tiles42.TIF,265,68.23469388,68,3.797961377,149.3979592,146.5,21.25920679,0,0,0,98
not building,/content/CompositeTiles/Composite tiles42.TIF,266,153.628882,155,18.07499486,110.7748447,83.5,66.33334266,0,0,0,644
not building,/content/CompositeTiles/Composite tiles42.TIF,267,164.7972973,164,8.81948048,112.1216216,96,46.87099971,0,0,0,74
not building,/content/CompositeTiles/Composite tiles42.TIF,268,110.175,99.5,35.16026699,147.525,143,23.46165755,0,0,0,40
building,/content/CompositeTiles/Composite tiles42.TIF,269,70.62295082,64,16.73434079,191.7540984,185,24.21397492,0,0,0,61
not building,/content/CompositeTiles/Composite tiles42.TIF,270,150.4897959,151,13.03781384,92.82653061,74,52.91329556,0,0,0,98
not building,/content/CompositeTiles/Composite tiles42.TIF,271,139.2002601,145,22.72877223,145.8660598,133,52.49426502,0,0,0,769
not building,/content/CompositeTiles/Composite tiles42.TIF,272,147.3571429,148.5,15.76663359,131.7142857,121,49.69683602,0,0,0,28
not building,/content/CompositeTiles/Composite tiles42.TIF,273,65.96551724,64,5.530372305,173.5517241,162,22.0056203,0,0,0,29
not building,/content/CompositeTiles/Composite tiles42.TIF,274,154.2142857,154.5,11.33060691,157.8035714,155.5,45.29404709,0,0,0,56
not building,/content/CompositeTiles/Composite tiles42.TIF,275,150.1647059,152,13.15146787,143.3882353,132,42.96677078,0,0,0,85
not building,/content/CompositeTiles/Composite tiles42.TIF,276,136.0833333,134,15.89614733,154.9722222,146.5,32.67303179,0,0,0,36
not building,/content/CompositeTiles/Composite tiles42.TIF,277,115.4825949,121.5,34.54596572,134.6708861,127,49.98223647,0,0,0,632
not building,/content/CompositeTiles/Composite tiles42.TIF,278,162.7842857,163,13.36394013,201.4385714,211,55.25148167,0,0,0,700
not building,/content/CompositeTiles/Composite tiles42.TIF,279,150.375,151,15.67591704,106.5795455,108,47.52887199,0,0,0,88
building,/content/CompositeTiles/Composite tiles42.TIF,280,69.75862069,68,4.039931481,146.5,144,25.66175875,0,0,0,58
not building,/content/CompositeTiles/Composite tiles42.TIF,281,115.8536585,126,27.60307598,108.6585366,101,24.4735893,0,0,0,41
not building,/content/CompositeTiles/Composite tiles42.TIF,282,128.6176471,135,13.92841933,193.3529412,196,47.98644561,0,0,0,34
building,/content/CompositeTiles/Composite tiles42.TIF,283,91.02631579,83.5,23.22259204,144.5263158,143.5,17.37320508,0,0,0,38
not building,/content/CompositeTiles/Composite tiles42.TIF,284,86.00416667,69.5,29.45851573,124.2916667,109,47.37367339,0,0,0,240
not building,/content/CompositeTiles/Composite tiles42.TIF,285,141.2982456,141,11.50433162,92.36842105,84,32.67631342,0,0,0,57
not building,/content/CompositeTiles/Composite tiles42.TIF,286,141.7142857,140,9.235763083,162.8095238,143.5,43.86192518,0,0,0,42
not building,/content/CompositeTiles/Composite tiles42.TIF,287,160.9014085,161,7.113080451,154.2535211,129,68.89852066,0,0,0,71
not building,/content/CompositeTiles/Composite tiles42.TIF,288,158.5535714,159,11.00798354,151.5892857,146.5,36.94241503,0,0,0,56
not building,/content/CompositeTiles/Composite tiles42.TIF,289,125.2706553,147,37.83805979,138.7150997,122,47.07857014,0,0,0,351
building,/content/CompositeTiles/Composite tiles42.TIF,290,71,71.5,2.405351177,153.25,148.5,21.73480586,0,0,0,28
building,/content/CompositeTiles/Composite tiles42.TIF,291,77.94444444,77,3.908284964,204,201.5,10.97977939,0,0,0,18
building,/content/CompositeTiles/Composite tiles42.TIF,292,66.35227273,64,4.975028033,168.7840909,168,22.89375106,0,0,0,88
not building,/content/CompositeTiles/Composite tiles42.TIF,293,145.2246835,145,8.171190025,254.9661788,255,1.04858409,0,0,0,5056
not building,/content/CompositeTiles/Composite tiles42.TIF,294,124.1463415,127,10.51493937,194.3414634,188,37.49836403,0,0,0,41
not building,/content/CompositeTiles/Composite tiles42.TIF,295,90.79012346,86,12.89340539,255,255,0,0,0,0,81
not building,/content/CompositeTiles/Composite tiles42.TIF,296,163.1929825,164,6.801544191,169.1929825,154,51.36024765,0,0,0,57
not building,/content/CompositeTiles/Composite tiles42.TIF,297,152.1590909,152,10.87207261,74.13636364,64,29.74328871,0,0,0,88
not building,/content/CompositeTiles/Composite tiles42.TIF,298,85.68181818,75,16.56498597,149.9090909,139,35.07642188,0,0,0,22
not building,/content/CompositeTiles/Composite tiles42.TIF,299,133.1609855,134,24.4728714,237.1117111,255,41.02998921,0,0,0,2963
not building,/content/CompositeTiles/Composite tiles42.TIF,300,156.2820513,155,11.61331843,142.0512821,128,34.67574983,0,0,0,39
building,/content/CompositeTiles/Composite tiles42.TIF,301,72.09183673,72,3.335298948,144.8163265,130.5,39.31202935,0,0,0,98
building,/content/CompositeTiles/Composite tiles42.TIF,302,103.4864865,100,22.36143111,171.8378378,162,26.21482303,0,0,0,37
not building,/content/CompositeTiles/Composite tiles42.TIF,303,161.3694843,161,10.00553298,129.0090377,110,65.39870296,0,0,0,1881
not building,/content/CompositeTiles/Composite tiles42.TIF,304,108.5650447,110,17.95441346,254.6752731,255,3.537403249,0,0,0,1007
not building,/content/CompositeTiles/Composite tiles42.TIF,305,120.8018018,134,34.45373444,233.0563063,255,40.75187478,0,0,0,444
not building,/content/CompositeTiles/Composite tiles42.TIF,306,109.0098168,110,37.66721028,219.1990611,255,59.44703661,0,0,0,245191
not building,/content/CompositeTiles/Composite tiles42.TIF,307,100.0038656,91,31.98027327,225.9353592,255,50.30079936,0,0,0,9313
building,/content/CompositeTiles/Composite tiles42.TIF,308,67.70833333,66,8.067316606,154.2916667,149.5,18.33934561,0,0,0,48
not building,/content/CompositeTiles/Composite tiles42.TIF,309,96.36619718,105,23.13356164,108.8873239,103,32.26935462,0,0,0,71
building,/content/CompositeTiles/Composite tiles42.TIF,310,67.63095238,67,4.239215342,177.8452381,176,20.05676115,0,0,0,84
building,/content/CompositeTiles/Composite tiles42.TIF,311,75.06060606,71,7.907058836,142.3535354,127,39.27070338,0,0,0,99
building,/content/CompositeTiles/Composite tiles42.TIF,312,75.0326087,71,11.74868271,132.2826087,125,31.1627307,0,0,0,92
not building,/content/CompositeTiles/Composite tiles42.TIF,313,161.1,159.5,6.564297373,176.2,174,47.29016811,0,0,0,50
building,/content/CompositeTiles/Composite tiles42.TIF,314,83.57894737,79,13.59172525,160.8421053,156,21.51277831,0,0,0,57
building,/content/CompositeTiles/Composite tiles42.TIF,315,68.85393258,69,4.45338039,162.6067416,151,37.3783023,0,0,0,89
not building,/content/CompositeTiles/Composite tiles42.TIF,316,62.453125,60,7.719556512,202.015625,203.5,28.4514346,0,0,0,64
not building,/content/CompositeTiles/Composite tiles42.TIF,317,131.5294118,133.5,14.47560889,78.88235294,72,18.22694306,0,0,0,34
building,/content/CompositeTiles/Composite tiles42.TIF,318,74.87012987,73,7.818311256,148.5194805,148,19.46466021,0,0,0,77
not building,/content/CompositeTiles/Composite tiles42.TIF,319,74.02061856,71,8.329526888,172.8556701,163,36.81522256,0,0,0,97
building,/content/CompositeTiles/Composite tiles42.TIF,320,71.48351648,70,4.53887394,183.989011,183,25.29278858,0,0,0,91
not building,/content/CompositeTiles/Composite tiles42.TIF,321,144.2903226,143,7.003195346,127.9354839,106,45.3430903,0,0,0,31
not building,/content/CompositeTiles/Composite tiles42.TIF,322,66.4787234,65,6.148393188,198.5531915,190,20.83349238,0,0,0,94
building,/content/CompositeTiles/Composite tiles42.TIF,323,75.45238095,73.5,11.9696091,169.0357143,161.5,30.53625731,0,0,0,84
not building,/content/CompositeTiles/Composite tiles42.TIF,324,134.7857143,128.5,14.70266531,144.9285714,143,30.50635598,0,0,0,14
building,/content/CompositeTiles/Composite tiles42.TIF,325,70.02985075,70,3.268895241,193.4925373,192,26.53995756,0,0,0,67
not building,/content/CompositeTiles/Composite tiles42.TIF,326,119.1960784,121,15.22513351,134,124,32.43273582,0,0,0,51
not building,/content/CompositeTiles/Composite tiles42.TIF,327,143.2004019,149,25.9161016,212.5618665,255,67.56700825,0,0,0,22395
not building,/content/CompositeTiles/Composite tiles42.TIF,328,115.40625,115.5,7.569921462,181.78125,166,43.07314591,0,0,0,32
not building,/content/CompositeTiles/Composite tiles42.TIF,329,156.4782609,164,17.56198851,159.5652174,143,38.0443975,0,0,0,23
building,/content/CompositeTiles/Composite tiles42.TIF,330,67.62352941,67,5.621338485,182.2,180,20.32083833,0,0,0,85
not building,/content/CompositeTiles/Composite tiles42.TIF,331,72.88095238,69,7.284041202,195.0714286,183.5,29.00524818,0,0,0,42
not building,/content/CompositeTiles/Composite tiles42.TIF,332,128.2837838,133,13.68222389,134.027027,119,57.28236674,0,0,0,74
not building,/content/CompositeTiles/Composite tiles42.TIF,333,84.37209302,83,16.36505531,161.4651163,167,33.39499255,0,0,0,43
building,/content/CompositeTiles/Composite tiles42.TIF,334,72.16666667,72,4.20977698,201.0208333,198,15.86202171,0,0,0,48
building,/content/CompositeTiles/Composite tiles43.TIF,0,71.33023256,68,7.525322674,107.7209302,98,29.64434577,0,0,0,215
not building,/content/CompositeTiles/Composite tiles43.TIF,1,157.1330935,161,15.23344431,145.9784173,139,52.28098787,0,0,0,278
building,/content/CompositeTiles/Composite tiles43.TIF,2,78.97090909,78,6.547662254,109.7527273,104,22.86714081,0,0,0,275
building,/content/CompositeTiles/Composite tiles43.TIF,3,73.7606383,68,17.19911996,107.1595745,100,23.03041615,0,0,0,188
building,/content/CompositeTiles/Composite tiles43.TIF,4,70.72,68,8.957767579,121.96,115,25.56909072,0,0,0,100
not building,/content/CompositeTiles/Composite tiles43.TIF,5,109.9730392,121,29.84579253,230.9125817,255,39.71966354,0,0,0,1224
not building,/content/CompositeTiles/Composite tiles43.TIF,6,147.1029412,147,16.72951458,102.504902,78.5,60.78136358,0,0,0,612
not building,/content/CompositeTiles/Composite tiles43.TIF,7,97.92349727,97,25.43940931,95.1420765,75,54.61000859,0,0,0,183
building,/content/CompositeTiles/Composite tiles43.TIF,8,71.76724138,72,1.703737062,164.6982759,164.5,17.33355318,0,0,0,116
building,/content/CompositeTiles/Composite tiles43.TIF,9,70.8630137,71,3.86347515,127.0205479,118.5,30.87834485,0,0,0,146
building,/content/CompositeTiles/Composite tiles43.TIF,10,68.8,67,7.322064707,125.7052632,116.5,35.00462336,0,0,0,190
building,/content/CompositeTiles/Composite tiles43.TIF,11,66.77056277,66,2.62261215,134.0909091,125,28.68919061,0,0,0,231
building,/content/CompositeTiles/Composite tiles43.TIF,12,72.27439024,70,6.846154537,144.8658537,140.5,30.66012036,0,0,0,164
building,/content/CompositeTiles/Composite tiles43.TIF,13,71.55263158,69,10.36212071,104.6473684,95,29.8467466,0,0,0,190
building,/content/CompositeTiles/Composite tiles43.TIF,14,70.54545455,69,6.449528567,126.5,123,20.55277759,0,0,0,132
building,/content/CompositeTiles/Composite tiles43.TIF,15,65.46666667,65,4.120949189,169.3,168.5,24.23837637,0,0,0,180
building,/content/CompositeTiles/Composite tiles43.TIF,16,64.90073529,63,5.516126043,154.2647059,153,34.10962761,0,0,0,272
building,/content/CompositeTiles/Composite tiles43.TIF,17,71.54074074,68,8.289898327,124.3851852,117,28.49690956,0,0,0,135
building,/content/CompositeTiles/Composite tiles43.TIF,18,65.15217391,65,3.392024264,168.5942029,168,21.87667598,0,0,0,138
building,/content/CompositeTiles/Composite tiles43.TIF,19,73.01675978,66,19.20878374,111.150838,99,32.70205155,0,0,0,179
building,/content/CompositeTiles/Composite tiles43.TIF,20,69.88571429,66,10.80256961,120.8342857,106,34.59431781,0,0,0,175
not building,/content/CompositeTiles/Composite tiles43.TIF,21,126.2746479,137,24.63312334,112.2605634,92,59.86165736,0,0,0,142
not building,/content/CompositeTiles/Composite tiles43.TIF,22,79.43220339,73,16.43759581,107.2711864,90.5,43.79820076,0,0,0,118
building,/content/CompositeTiles/Composite tiles43.TIF,23,68.86363636,68,3.454844485,179.0378788,179,23.41729654,0,0,0,132
building,/content/CompositeTiles/Composite tiles43.TIF,24,71.71929825,70,9.213683669,127.8245614,114,39.265682,0,0,0,171
building,/content/CompositeTiles/Composite tiles43.TIF,25,72.82442748,73,1.749507743,174.389313,173,26.08722085,0,0,0,131
building,/content/CompositeTiles/Composite tiles43.TIF,26,69.66480447,67,7.912188557,126.1340782,113,31.52748044,0,0,0,179
building,/content/CompositeTiles/Composite tiles43.TIF,27,73.77181208,70,12.6889059,128.4563758,124,23.69931419,0,0,0,149
not building,/content/CompositeTiles/Composite tiles43.TIF,28,139.3544474,148.5,27.43671425,122.7978437,95,74.21972984,0,0,0,742
building,/content/CompositeTiles/Composite tiles43.TIF,29,64.04347826,63,5.323273436,174.5043478,177,23.3742236,0,0,0,115
building,/content/CompositeTiles/Composite tiles43.TIF,30,72.16993464,70,7.073646987,149.4379085,145,27.96398946,0,0,0,153
building,/content/CompositeTiles/Composite tiles43.TIF,31,67.108,65,4.27929153,173.524,171.5,24.88407973,0,0,0,250
building,/content/CompositeTiles/Composite tiles43.TIF,32,69.38938053,67,8.161460945,200.1858407,205,24.1677576,0,0,0,113
building,/content/CompositeTiles/Composite tiles43.TIF,33,73.39130435,71,8.797355555,176.9875776,172,30.98306241,0,0,0,161
not building,/content/CompositeTiles/Composite tiles43.TIF,34,161.9265928,160,10.77939898,95.25484765,74,53.17817628,0,0,0,722
building,/content/CompositeTiles/Composite tiles43.TIF,35,69.6516129,67,11.88905354,134.9870968,120,41.36259602,0,0,0,155
not building,/content/CompositeTiles/Composite tiles43.TIF,36,158.7255717,157,11.63278894,164.972973,148,69.65275692,0,0,0,481
not building,/content/CompositeTiles/Composite tiles43.TIF,37,134.9464286,133,18.52162794,118.0535714,109,24.37974836,0,0,0,112
not building,/content/CompositeTiles/Composite tiles43.TIF,38,154.9537037,153,12.37184996,147.7685185,138.5,53.63398012,0,0,0,108
not building,/content/CompositeTiles/Composite tiles43.TIF,39,147.7128713,151,13.78141713,137.8613861,112,57.31466553,0,0,0,101
not building,/content/CompositeTiles/Composite tiles43.TIF,40,159.2376874,158,12.53928445,109.9989293,91,59.7231837,0,0,0,1868
building,/content/CompositeTiles/Composite tiles43.TIF,41,92.5631068,87,19.80569199,155.4466019,141,47.69130676,0,0,0,103
not building,/content/CompositeTiles/Composite tiles43.TIF,42,154.9126984,161,18.01058765,135.1190476,122.5,51.56866391,0,0,0,126
building,/content/CompositeTiles/Composite tiles43.TIF,43,74.87421384,70,14.45563246,139.4465409,132,35.91808427,0,0,0,159
not building,/content/CompositeTiles/Composite tiles43.TIF,44,133.9860279,131,13.21531367,252.9800399,255,11.74392444,0,0,0,501
not building,/content/CompositeTiles/Composite tiles43.TIF,45,159.3340684,160,14.26059935,84.20176406,66,47.61532831,0,0,0,907
not building,/content/CompositeTiles/Composite tiles43.TIF,46,101.4553265,104,28.23629041,223.8287514,255,49.36624585,0,0,0,1746
not building,/content/CompositeTiles/Composite tiles43.TIF,47,149.6185819,151,13.77397876,199.8459658,201,50.06277956,0,0,0,409
not building,/content/CompositeTiles/Composite tiles43.TIF,48,138.6256831,138,9.801822985,157.9808743,147,55.13723232,0,0,0,732
not building,/content/CompositeTiles/Composite tiles43.TIF,49,148.8540925,149,7.580650071,144.7437722,134.5,32.35213016,0,0,0,562
not building,/content/CompositeTiles/Composite tiles43.TIF,50,103.2859103,103,29.01157849,224.2429094,255,49.62193303,0,0,0,4372
not building,/content/CompositeTiles/Composite tiles43.TIF,51,7.625,0,29.97611897,1.3625,0,11.21596008,0,0,0,240
building,/content/CompositeTiles/Composite tiles43.TIF,52,80.51079137,67,27.5624515,144.3669065,137,27.51484724,0,0,0,139
not building,/content/CompositeTiles/Composite tiles43.TIF,53,93.36696231,90,25.72736849,213.4046563,255,56.31335851,0,0,0,902
building,/content/CompositeTiles/Composite tiles43.TIF,54,70.80487805,70,5.53247403,126.6036585,115.5,33.77952528,0,0,0,164
not building,/content/CompositeTiles/Composite tiles43.TIF,55,158.3445378,159,12.59147169,209.9663866,212,37.81799242,0,0,0,119
not building,/content/CompositeTiles/Composite tiles43.TIF,56,158.6825054,160,14.42747022,91.42980562,68.5,58.26698936,0,0,0,926
not building,/content/CompositeTiles/Composite tiles43.TIF,57,114.1643836,114,6.906446658,205.5136986,204.5,20.75632807,0,0,0,146
not building,/content/CompositeTiles/Composite tiles43.TIF,58,146.3770813,148,17.67316241,135.7100881,123,45.69905588,0,0,0,1021
not building,/content/CompositeTiles/Composite tiles43.TIF,59,141.0725806,146.5,18.12486858,254.2096774,255,5.069316607,0,0,0,248
not building,/content/CompositeTiles/Composite tiles43.TIF,60,152.8697789,153,10.34159777,210.4643735,226,49.08542505,0,0,0,407
not building,/content/CompositeTiles/Composite tiles43.TIF,61,150.796445,151,17.07875608,141.0298165,125,53.62284645,0,0,0,1744
not building,/content/CompositeTiles/Composite tiles43.TIF,62,95.33443435,83,29.14305322,254.9199009,255,1.833991912,0,0,0,1211
not building,/content/CompositeTiles/Composite tiles43.TIF,63,72.49718045,69,9.658549893,219.6870301,255,53.40467212,0,0,0,1064
not building,/content/CompositeTiles/Composite tiles43.TIF,64,151.7431507,153,12.292488,254.9246575,255,1.325904274,0,0,0,584
building,/content/CompositeTiles/Composite tiles43.TIF,65,76.70406504,75,5.699542106,128.8617886,125,19.59236005,0,0,0,1230
not building,/content/CompositeTiles/Composite tiles43.TIF,66,110.8894009,121,31.80130275,152.4660961,141,52.67015127,0,0,0,1519
building,/content/CompositeTiles/Composite tiles43.TIF,67,71.80152672,69,7.630212994,122.7633588,118,22.97586921,0,0,0,131
building,/content/CompositeTiles/Composite tiles43.TIF,68,72.78195489,71,7.214582503,120.3082707,114,24.43102319,0,0,0,133
building,/content/CompositeTiles/Composite tiles43.TIF,69,72.82352941,72,5.393190632,133.9831933,125,30.61113742,0,0,0,119
not building,/content/CompositeTiles/Composite tiles43.TIF,70,78.91666667,77,10.40053924,130.5272989,120,44.37454033,0,0,0,696
not building,/content/CompositeTiles/Composite tiles43.TIF,71,91.24615385,90,16.33239421,107.1846154,94.5,33.21787855,0,0,0,260
building,/content/CompositeTiles/Composite tiles43.TIF,72,81.98501873,81,5.396607366,160.4644195,157,17.95253959,0,0,0,267
not building,/content/CompositeTiles/Composite tiles43.TIF,73,154.493007,154,7.744044862,136.7832168,121,56.69383359,0,0,0,286
not building,/content/CompositeTiles/Composite tiles43.TIF,74,153.0196078,153,8.830946151,141.789916,133,54.36713158,0,0,0,357
not building,/content/CompositeTiles/Composite tiles43.TIF,75,134.973384,134,10.42824726,164.6463878,159,43.37282507,0,0,0,263
not building,/content/CompositeTiles/Composite tiles43.TIF,76,26.63173653,0,59.21951712,11.18263473,0,46.31523912,0,0,0,334
not building,/content/CompositeTiles/Composite tiles43.TIF,77,139.4020101,140,10.66267599,171.6658291,165.5,52.18344515,0,0,0,796
building,/content/CompositeTiles/Composite tiles43.TIF,78,74.29341317,73,5.644467778,117.3233533,109,24.9289456,0,0,0,167
building,/content/CompositeTiles/Composite tiles43.TIF,79,74.5483871,74,4.21700635,121.4451613,113,27.59245852,0,0,0,155
building,/content/CompositeTiles/Composite tiles43.TIF,80,73.11538462,72,6.785317424,120.7923077,112,29.65408161,0,0,0,130
building,/content/CompositeTiles/Composite tiles43.TIF,81,71.51754386,69,7.827339016,119.2894737,114,21.08534191,0,0,0,114
building,/content/CompositeTiles/Composite tiles43.TIF,82,79.63478261,73,14.1693671,113.1652174,104,30.69284874,0,0,0,115
building,/content/CompositeTiles/Composite tiles43.TIF,83,73.33333333,72,5.649808442,118.3018868,113,24.11392111,0,0,0,159
building,/content/CompositeTiles/Composite tiles43.TIF,84,76.29746835,78,6.79585642,124.7974684,115.5,29.82708808,0,0,0,158
building,/content/CompositeTiles/Composite tiles43.TIF,85,79,79,10.50021645,117.7212121,110,29.67859914,0,0,0,165
building,/content/CompositeTiles/Composite tiles43.TIF,86,72.21666667,71,4.237104619,119.8083333,113,25.76829312,0,0,0,120
building,/content/CompositeTiles/Composite tiles43.TIF,87,73.38333333,71,6.966806219,124.8388889,116.5,27.55059263,0,0,0,180
building,/content/CompositeTiles/Composite tiles43.TIF,88,70.58267717,69,4.128718214,115.9133858,112,19.44344661,0,0,0,127
building,/content/CompositeTiles/Composite tiles43.TIF,89,73.60666667,72,5.23946138,114.5133333,108,23.4795618,0,0,0,150
building,/content/CompositeTiles/Composite tiles43.TIF,90,72.51282051,71,3.638858149,115.1623932,110,21.0465326,0,0,0,117
building,/content/CompositeTiles/Composite tiles43.TIF,91,74.84768212,73,7.475122843,127.1788079,120,23.86443115,0,0,0,151
building,/content/CompositeTiles/Composite tiles43.TIF,92,73.4796748,73,6.357058165,114.3414634,110,19.70919857,0,0,0,123
building,/content/CompositeTiles/Composite tiles43.TIF,93,74.94736842,74.5,4.532227881,108.3421053,106,12.91933744,0,0,0,114
building,/content/CompositeTiles/Composite tiles43.TIF,94,74.47058824,72,9.324967416,117,109,27.94553526,0,0,0,170
not building,/content/CompositeTiles/Composite tiles43.TIF,95,124.4883721,123,7.706954756,141.1705426,132,57.76430646,0,0,0,129
building,/content/CompositeTiles/Composite tiles43.TIF,96,73.96129032,72,7.620755928,117.1419355,109,28.45152951,0,0,0,155
building,/content/CompositeTiles/Composite tiles43.TIF,97,71.66019417,72,2.914821176,115.407767,108,24.59238058,0,0,0,103
building,/content/CompositeTiles/Composite tiles43.TIF,98,70.92592593,68,9.12570346,117.5246914,109,30.6999016,0,0,0,162
building,/content/CompositeTiles/Composite tiles43.TIF,99,74.01265823,73,5.841240702,116.2848101,108.5,24.7727882,0,0,0,316
building,/content/CompositeTiles/Composite tiles43.TIF,100,76.83832335,75,9.396341093,118.2934132,107,32.18031372,0,0,0,167
building,/content/CompositeTiles/Composite tiles43.TIF,101,77.22033898,75.5,5.806389808,111.0084746,106,24.07456488,0,0,0,118
not building,/content/CompositeTiles/Composite tiles43.TIF,102,99.73180264,88,30.47405745,255,255,0,0,0,0,2047
building,/content/CompositeTiles/Composite tiles43.TIF,103,73.03053435,71,7.336969996,136.0076336,130,25.48626218,0,0,0,131
building,/content/CompositeTiles/Composite tiles43.TIF,104,72.86607143,73,1.877952607,117.0714286,108,30.88969843,0,0,0,112
building,/content/CompositeTiles/Composite tiles43.TIF,105,73.28823529,70,10.29645184,132.9235294,119,37.76599824,0,0,0,170
building,/content/CompositeTiles/Composite tiles43.TIF,106,72.88461538,69,10.8491767,133.1730769,120.5,32.97029811,0,0,0,156
not building,/content/CompositeTiles/Composite tiles43.TIF,107,132.8008658,132,12.54685415,203.7445887,209,50.53231492,0,0,0,231
not building,/content/CompositeTiles/Composite tiles43.TIF,108,117.875817,120,15.64571827,255,255,0,0,0,0,153
building,/content/CompositeTiles/Composite tiles43.TIF,109,75.77911647,74,5.799477682,121.2931727,106,40.75677677,0,0,0,249
building,/content/CompositeTiles/Composite tiles43.TIF,110,82.56996587,71,22.0297515,255,255,0,0,0,0,293
not building,/content/CompositeTiles/Composite tiles43.TIF,111,95.69066367,81,27.31892903,198.5241845,230,63.66305894,0,0,0,889
not building,/content/CompositeTiles/Composite tiles43.TIF,112,91.50545455,81,23.7439683,188.6145455,200,62.68056028,0,0,0,1650
not building,/content/CompositeTiles/Composite tiles43.TIF,113,105.9027027,106,12.39752561,255,255,0,0,0,0,185
building,/content/CompositeTiles/Composite tiles43.TIF,114,255,255,0,255,255,0,255,255,0,15362
not building,/content/CompositeTiles/Composite tiles43.TIF,115,139.3043478,140,15.21469955,55.73913043,42.5,28.46159486,0,0,0,138
building,/content/CompositeTiles/Composite tiles43.TIF,116,92.25870647,79,25.25122994,128.5522388,120,31.66913068,0,0,0,201
building,/content/CompositeTiles/Composite tiles43.TIF,117,68.66129032,67,6.222859908,119.016129,112,26.62553464,0,0,0,124
building,/content/CompositeTiles/Composite tiles43.TIF,118,72.50793651,72,2.671858136,122.1746032,118,20.51367309,0,0,0,126
building,/content/CompositeTiles/Composite tiles43.TIF,119,72.01428571,70,5.410288762,125.6714286,120,24.61835635,0,0,0,140
building,/content/CompositeTiles/Composite tiles43.TIF,120,62.20625,62,4.834895132,124.06875,118,27.33795939,0,0,0,160
building,/content/CompositeTiles/Composite tiles43.TIF,121,76.09146341,73,8.995130135,119.347561,110,29.95191156,0,0,0,164
building,/content/CompositeTiles/Composite tiles43.TIF,122,77.26388889,75.5,7.454789143,111.5231481,100,34.47475487,0,0,0,216
building,/content/CompositeTiles/Composite tiles43.TIF,123,76.10909091,73,7.779162674,157.9090909,158,22.4404446,0,0,0,110
building,/content/CompositeTiles/Composite tiles43.TIF,124,75.31543624,73,8.402689924,125.2416107,114,29.0520595,0,0,0,149
not building,/content/CompositeTiles/Composite tiles43.TIF,125,157.4316547,158,7.783075495,152.0719424,131,68.33714983,0,0,0,139
building,/content/CompositeTiles/Composite tiles43.TIF,126,77.45394737,73.5,10.66834892,123.75,117,24.25881554,0,0,0,152
building,/content/CompositeTiles/Composite tiles43.TIF,127,73.75362319,73,4.742364717,131.8478261,122.5,30.82721886,0,0,0,138
building,/content/CompositeTiles/Composite tiles43.TIF,128,68.64666667,68,5.443205755,109.7666667,97.5,34.5933359,0,0,0,150
building,/content/CompositeTiles/Composite tiles43.TIF,129,71.75,71,2.433031619,169.6964286,168.5,22.77994077,0,0,0,112
building,/content/CompositeTiles/Composite tiles43.TIF,130,69.70769231,68,7.753357738,115.1846154,106,30.5155155,0,0,0,130
building,/content/CompositeTiles/Composite tiles43.TIF,131,63.73972603,63,4.576675222,118.0616438,108,32.4077664,0,0,0,146
building,/content/CompositeTiles/Composite tiles43.TIF,132,74.1884058,71,10.31500295,131.826087,123,32.02714271,0,0,0,138
building,/content/CompositeTiles/Composite tiles43.TIF,133,68.11428571,68,4.882064914,120.5619048,106,40.21606498,0,0,0,105
building,/content/CompositeTiles/Composite tiles43.TIF,134,74.64028777,69,12.10803122,141.323741,134,29.27203488,0,0,0,139
building,/content/CompositeTiles/Composite tiles43.TIF,135,70.90151515,70,6.870953187,176.1893939,181.5,21.90064776,0,0,0,132
building,/content/CompositeTiles/Composite tiles43.TIF,136,69.9084507,66,11.19664495,121.0422535,108.5,36.827132,0,0,0,142
building,/content/CompositeTiles/Composite tiles43.TIF,137,69.34513274,66,10.34431134,122.8761062,113,31.38742568,0,0,0,113
building,/content/CompositeTiles/Composite tiles43.TIF,138,65.08196721,63,5.945917685,163.8415301,159,28.52919168,0,0,0,183
building,/content/CompositeTiles/Composite tiles43.TIF,139,72.53383459,70,9.811416453,119.5789474,110,31.06825146,0,0,0,133
building,/content/CompositeTiles/Composite tiles43.TIF,140,65.7890625,65,3.645743116,127.2890625,116,31.81419503,0,0,0,128
building,/content/CompositeTiles/Composite tiles43.TIF,141,72.12592593,67,14.66587353,109.5925926,103,28.07484608,0,0,0,135
building,/content/CompositeTiles/Composite tiles43.TIF,142,67.11585366,67,5.039356558,118.597561,106,33.10141835,0,0,0,164
building,/content/CompositeTiles/Composite tiles43.TIF,143,76.50892857,73,8.6116569,116.0803571,108.5,26.74186739,0,0,0,112
building,/content/CompositeTiles/Composite tiles43.TIF,144,73.11627907,72,5.574899321,184.9922481,180,28.31070582,0,0,0,129
building,/content/CompositeTiles/Composite tiles43.TIF,145,69.20118343,69,1.99875666,165.408284,160,25.42896224,0,0,0,169
building,/content/CompositeTiles/Composite tiles43.TIF,146,73.65873016,73,5.267695346,119.7619048,108,31.66401707,0,0,0,126
building,/content/CompositeTiles/Composite tiles43.TIF,147,71.93939394,71,4.873797561,118.0075758,102.5,39.29347548,0,0,0,132
not building,/content/CompositeTiles/Composite tiles43.TIF,148,155.4251781,153,11.64303724,88.81235154,69,50.91234551,0,0,0,421
building,/content/CompositeTiles/Composite tiles43.TIF,149,74.04424779,73,4.543573465,115.6106195,105,31.86821137,0,0,0,113
building,/content/CompositeTiles/Composite tiles43.TIF,150,75.41891892,72,8.402069817,120.1689189,106,38.65166486,0,0,0,148
building,/content/CompositeTiles/Composite tiles43.TIF,151,72.22689076,69,7.665745015,163.105042,155,29.39804872,0,0,0,238
building,/content/CompositeTiles/Composite tiles43.TIF,152,68.73571429,68,2.795687276,133.2821429,125,37.87803315,0,0,0,280
not building,/content/CompositeTiles/Composite tiles43.TIF,153,133.7279412,134,8.80797342,140.6617647,127,51.21698658,0,0,0,136
building,/content/CompositeTiles/Composite tiles43.TIF,154,75.93571429,73,10.08054046,131.5571429,120,33.41669203,0,0,0,140
building,/content/CompositeTiles/Composite tiles43.TIF,155,74.28571429,73,5.995265805,119.8074534,110,31.56645667,0,0,0,161
building,/content/CompositeTiles/Composite tiles43.TIF,156,73.95726496,69,16.16152081,140.7991453,129,34.86528162,0,0,0,234
building,/content/CompositeTiles/Composite tiles43.TIF,157,74.72580645,74,8.991338762,112.4435484,106,24.86392075,0,0,0,124
building,/content/CompositeTiles/Composite tiles43.TIF,158,74.472,75,5.926990467,115.24,108,28.34541233,0,0,0,125
building,/content/CompositeTiles/Composite tiles43.TIF,159,70.546875,69,4.496282101,116.140625,109,27.967541,0,0,0,128
building,/content/CompositeTiles/Composite tiles43.TIF,160,70.87378641,71,3.800050106,128.6407767,119,33.04332383,0,0,0,103
building,/content/CompositeTiles/Composite tiles43.TIF,161,69.88495575,69,5.023400485,179.1504425,171.5,36.4500437,0,0,0,226
building,/content/CompositeTiles/Composite tiles43.TIF,162,71.02185792,68,8.732801229,142.2076503,129,35.40971042,0,0,0,183
building,/content/CompositeTiles/Composite tiles43.TIF,163,75.74626866,74,10.33880285,190.5895522,187,26.63131719,0,0,0,134
not building,/content/CompositeTiles/Composite tiles43.TIF,164,173.1543624,171,7.047037392,161.9731544,155,50.03876971,0,0,0,149
building,/content/CompositeTiles/Composite tiles43.TIF,165,81.23308271,73,20.18817015,171.112782,174,23.27561379,0,0,0,133
building,/content/CompositeTiles/Composite tiles43.TIF,166,71.66451613,68,7.615160956,128.0129032,120,32.47668883,0,0,0,155
not building,/content/CompositeTiles/Composite tiles43.TIF,167,116.3397303,129,30.79638387,157.8682573,146,53.77073342,0,0,0,1928
not building,/content/CompositeTiles/Composite tiles43.TIF,168,107.8817568,104,22.57924195,252.9746622,255,10.33285726,0,0,0,1184
not building,/content/CompositeTiles/Composite tiles43.TIF,169,140.71,139.5,12.28437626,151.76,140,52.80854476,0,0,0,100
not building,/content/CompositeTiles/Composite tiles43.TIF,170,94.80528846,93,23.72271856,253.7956731,255,7.969538191,0,0,0,416
not building,/content/CompositeTiles/Composite tiles43.TIF,171,75.25023256,71,10.7403039,236.1153488,255,49.62131666,0,0,0,2150
building,/content/CompositeTiles/Composite tiles43.TIF,172,71.66428571,72,5.533806123,157.7,148,37.94896949,0,0,0,140
not building,/content/CompositeTiles/Composite tiles43.TIF,173,114.7162673,126,29.63006806,221.9773014,255,56.14359171,0,0,0,793
not building,/content/CompositeTiles/Composite tiles43.TIF,174,84.44230769,76.5,17.12641175,255,255,0,0,0,0,208
not building,/content/CompositeTiles/Composite tiles43.TIF,175,157.0717703,156,11.08124055,204.5598086,211,48.47628051,0,0,0,209
not building,/content/CompositeTiles/Composite tiles43.TIF,176,154.7192118,152,13.93457533,123.408867,107,55.2317582,0,0,0,203
not building,/content/CompositeTiles/Composite tiles43.TIF,177,83.68175182,73,19.7716756,228.2255474,255,47.07500852,0,0,0,1370
not building,/content/CompositeTiles/Composite tiles43.TIF,178,156.6063228,159,18.19648062,170.4638935,164,68.77467933,0,0,0,3005
building,/content/CompositeTiles/Composite tiles43.TIF,179,66.84269663,66,3.759329597,173.5617978,176,18.2885456,0,0,0,89
not building,/content/CompositeTiles/Composite tiles43.TIF,180,146.606383,147.5,10.2710273,149.2553191,137,66.60792493,0,0,0,94
not building,/content/CompositeTiles/Composite tiles43.TIF,181,85.95945946,81.5,17.36604266,79.32432432,70,27.02756756,0,0,0,74
not building,/content/CompositeTiles/Composite tiles43.TIF,182,107.326087,112,17.68449867,113.8804348,98.5,51.09833708,0,0,0,92
not building,/content/CompositeTiles/Composite tiles43.TIF,183,162.0854817,159,13.7235061,102.1852103,78,58.42561541,0,0,0,1474
building,/content/CompositeTiles/Composite tiles43.TIF,184,69.06382979,70,3.521389084,182.0744681,177.5,25.81243283,0,0,0,94
building,/content/CompositeTiles/Composite tiles43.TIF,185,75.27835052,71,9.714207119,171.7010309,171,23.68877456,0,0,0,97
not building,/content/CompositeTiles/Composite tiles43.TIF,186,152.5652174,147,13.22982824,152.7391304,149,30.46554346,0,0,0,46
building,/content/CompositeTiles/Composite tiles43.TIF,187,72.16513761,72,3.133171918,170.3899083,167,25.98445705,0,0,0,218
not building,/content/CompositeTiles/Composite tiles43.TIF,188,144.8395062,148,15.17751487,175.8641975,169,39.19333311,0,0,0,81
building,/content/CompositeTiles/Composite tiles43.TIF,189,91.97222222,91,15.9817363,165.9722222,160,28.43656304,0,0,0,36
building,/content/CompositeTiles/Composite tiles43.TIF,190,78.68965517,71,18.79246018,198.1954023,196,23.98507155,0,0,0,87
building,/content/CompositeTiles/Composite tiles43.TIF,191,75.22857143,74,4.957451617,156.5142857,158,23.4525313,0,0,0,35
not building,/content/CompositeTiles/Composite tiles43.TIF,192,160.0307692,160,11.36522257,196.3692308,195,44.23071304,0,0,0,65
building,/content/CompositeTiles/Composite tiles43.TIF,193,64.40909091,63,5.591463387,167.4886364,168,19.03465399,0,0,0,88
building,/content/CompositeTiles/Composite tiles43.TIF,194,79.88461538,79.5,7.412706985,175.8461538,171.5,18.314963,0,0,0,26
building,/content/CompositeTiles/Composite tiles43.TIF,195,64.84931507,63,4.452708066,187.5479452,189,20.93763806,0,0,0,73
not building,/content/CompositeTiles/Composite tiles43.TIF,196,151.3684211,152,3.989598665,147.1578947,128,58.05919226,0,0,0,19
not building,/content/CompositeTiles/Composite tiles43.TIF,197,18.18885449,0,50.62520817,0.955108359,0,5.956979171,0,0,0,646
not building,/content/CompositeTiles/Composite tiles43.TIF,198,16.73407821,0,48.12136322,2.623463687,0,19.08189078,0,0,0,895
not building,/content/CompositeTiles/Composite tiles43.TIF,199,76.07709012,70,15.0017562,254.0608035,255,8.704498257,0,0,0,921
not building,/content/CompositeTiles/Composite tiles43.TIF,200,143.25,142,5.356071321,160.0833333,144,55.82779823,0,0,0,12
building,/content/CompositeTiles/Composite tiles43.TIF,201,71.80555556,71.5,1.890318087,184.6388889,182.5,22.25190726,0,0,0,72
not building,/content/CompositeTiles/Composite tiles43.TIF,202,45.54901961,0,74.23526822,10.80392157,0,39.08062035,0,0,0,51
not building,/content/CompositeTiles/Composite tiles43.TIF,203,147.8855422,146,10.3960214,176.0240964,175.5,48.01756102,0,0,0,166
not building,/content/CompositeTiles/Composite tiles43.TIF,204,138.2875,140.5,8.099681707,255,255,0,0,0,0,80
not building,/content/CompositeTiles/Composite tiles43.TIF,205,142.9456522,159.5,36.34507446,189.3369565,188.5,35.51676799,0,0,0,92
not building,/content/CompositeTiles/Composite tiles43.TIF,206,155.9287289,155,11.37782388,194.2314475,199,55.33766559,0,0,0,1361
not building,/content/CompositeTiles/Composite tiles43.TIF,207,128.0277778,126,6.747370315,138.5277778,118,54.2081821,0,0,0,36
building,/content/CompositeTiles/Composite tiles43.TIF,208,76.91555556,76,5.714204091,119.7555556,116,15.21133431,0,0,0,675
not building,/content/CompositeTiles/Composite tiles43.TIF,209,139.4949495,139,11.1031652,188.5656566,188,33.88368745,0,0,0,99
not building,/content/CompositeTiles/Composite tiles43.TIF,210,134.202381,136.5,13.84418372,163.0952381,149.5,37.49718054,0,0,0,84
building,/content/CompositeTiles/Composite tiles43.TIF,211,69.31358025,68,7.855355224,186.1975309,178,37.0924836,0,0,0,405
not building,/content/CompositeTiles/Composite tiles43.TIF,212,123.7931034,119,15.97493578,194.1034483,193,32.1873233,0,0,0,29
building,/content/CompositeTiles/Composite tiles43.TIF,213,81.40909091,81,2.249426006,207.0909091,205,8.959043633,0,0,0,22
not building,/content/CompositeTiles/Composite tiles43.TIF,214,155.2527473,158,13.09189281,128.3296703,112,52.74113747,0,0,0,91
not building,/content/CompositeTiles/Composite tiles43.TIF,215,123.9243028,129,17.61536383,182.6573705,171,68.2820648,0,0,0,251
building,/content/CompositeTiles/Composite tiles43.TIF,216,73.40489642,72,6.806990324,137.0131827,115,49.60387165,0,0,0,531
not building,/content/CompositeTiles/Composite tiles43.TIF,217,152.2058824,153,6.935753116,193.8235294,187,37.95157176,0,0,0,34
not building,/content/CompositeTiles/Composite tiles43.TIF,218,129.0985915,129,9.510046474,146.0176056,132,57.13373587,0,0,0,284
not building,/content/CompositeTiles/Composite tiles43.TIF,219,125.6266667,127,10.5915354,193.04,206,64.01050747,0,0,0,75
not building,/content/CompositeTiles/Composite tiles43.TIF,220,114.9868421,122,18.64311177,255,255,0,0,0,0,76
building,/content/CompositeTiles/Composite tiles43.TIF,221,70.5,71,2.362907813,225.3333333,222.5,15.45603083,0,0,0,6
building,/content/CompositeTiles/Composite tiles43.TIF,222,70.5,70.5,1.962141687,237.2,243,18.82976367,0,0,0,10
not building,/content/CompositeTiles/Composite tiles43.TIF,223,112.0508368,117,37.52251075,223.1326194,255,60.93989339,0,0,0,245688
building,/content/CompositeTiles/Composite tiles43.TIF,224,72.02197802,71,3.694302182,168.4615385,167,22.4461787,0,0,0,91
not building,/content/CompositeTiles/Composite tiles43.TIF,225,41.93397072,0,69.55288167,29.53450852,0,70.61391715,0,0,0,3347
building,/content/CompositeTiles/Composite tiles43.TIF,226,73.83116883,71,8.39821038,131.8961039,121,36.37059766,0,0,0,77
building,/content/CompositeTiles/Composite tiles43.TIF,227,76.47916667,76,13.13152946,152.9791667,145.5,36.48572186,0,0,0,96
not building,/content/CompositeTiles/Composite tiles43.TIF,228,159.0813953,158.5,7.214673543,160.5,154.5,51.83824349,0,0,0,86
not building,/content/CompositeTiles/Composite tiles43.TIF,229,125.7746479,123,11.85023585,143.4366197,121,46.62699828,0,0,0,71
building,/content/CompositeTiles/Composite tiles43.TIF,230,74.5,71,10.08604287,173.8043478,170.5,15.25097226,0,0,0,46
not building,/content/CompositeTiles/Composite tiles43.TIF,231,123.2711864,126,11.67327893,255,255,0,0,0,0,59
building,/content/CompositeTiles/Composite tiles43.TIF,232,73.63291139,73,3.819262356,123.1139241,108,41.48569598,0,0,0,79
not building,/content/CompositeTiles/Composite tiles43.TIF,233,148.2380952,149,8.103916916,192.3492063,191,39.68213333,0,0,0,63
building,/content/CompositeTiles/Composite tiles43.TIF,234,83.5483871,79,10.94317299,179.7741935,179,18.8572048,0,0,0,93
building,/content/CompositeTiles/Composite tiles43.TIF,235,88.20512821,77,26.10695898,168.0897436,164,29.79381535,0,0,0,78
building,/content/CompositeTiles/Composite tiles43.TIF,236,70.44827586,70,4.952089123,176.1034483,172,14.41346312,0,0,0,29
not building,/content/CompositeTiles/Composite tiles43.TIF,237,159.1886792,158,5.446330264,193,192,52.48360031,0,0,0,53
building,/content/CompositeTiles/Composite tiles43.TIF,238,71.8,68,10.92062269,162.55,163.5,18.08537623,0,0,0,60
building,/content/CompositeTiles/Composite tiles43.TIF,239,71.68888889,68,9.471177851,171.7888889,170,22.54008501,0,0,0,90
building,/content/CompositeTiles/Composite tiles43.TIF,240,70.92307692,64,14.20217501,177.8,173,22.3642572,0,0,0,65
building,/content/CompositeTiles/Composite tiles43.TIF,241,74.40425532,68,14.99029413,161.5957447,161,19.86942436,0,0,0,47
building,/content/CompositeTiles/Composite tiles43.TIF,242,68.84848485,68,5.149019003,127.959596,112,41.68833841,0,0,0,99
not building,/content/CompositeTiles/Composite tiles43.TIF,243,140.0377358,140,10.46280431,185.5283019,180,36.7539518,0,0,0,53
building,/content/CompositeTiles/Composite tiles45.TIF,0,77.02298851,77,5.754013115,106.704023,106,9.536758041,0,0,0,696
building,/content/CompositeTiles/Composite tiles45.TIF,1,76.37115516,76,5.882040668,104.2768284,103,9.061379687,0,0,0,1463
not building,/content/CompositeTiles/Composite tiles45.TIF,2,120.2135076,121,19.03723426,170.8954248,163,52.3927056,0,0,0,459
not building,/content/CompositeTiles/Composite tiles45.TIF,3,64.20689655,63.5,3.724377387,208.4051724,203,33.16390291,0,0,0,116
building,/content/CompositeTiles/Composite tiles45.TIF,4,64.93364929,64,3.838610957,139.7298578,135,29.00838267,0,0,0,211
not building,/content/CompositeTiles/Composite tiles45.TIF,5,148.845679,147,9.58494897,128.2839506,112.5,57.12175313,0,0,0,162
not building,/content/CompositeTiles/Composite tiles45.TIF,6,152.5935252,151,9.34338306,108.2338129,84.5,57.20812069,0,0,0,278
building,/content/CompositeTiles/Composite tiles45.TIF,7,68.4796748,68,3.552966454,121,112,26.95404098,0,0,0,123
not building,/content/CompositeTiles/Composite tiles45.TIF,8,151.8857143,149,9.416952918,135.5269841,112,66.96795065,0,0,0,315
not building,/content/CompositeTiles/Composite tiles45.TIF,9,135.5921589,136,7.148186587,254.989356,255,0.484157634,0,0,0,5637
building,/content/CompositeTiles/Composite tiles45.TIF,10,66.7589852,67,2.682069628,164.6109937,163,12.61952771,0,0,0,473
not building,/content/CompositeTiles/Composite tiles45.TIF,11,115.0020502,122,28.99530699,184.0932855,177,55.8487974,0,0,0,1951
not building,/content/CompositeTiles/Composite tiles45.TIF,12,147.7412141,145,13.19769056,142.1661342,130,64.75619948,0,0,0,313
building,/content/CompositeTiles/Composite tiles45.TIF,13,65.37931034,65,3.86106822,121.8448276,117,21.01830214,0,0,0,116
not building,/content/CompositeTiles/Composite tiles45.TIF,14,97.73595506,85,38.09483951,148.758427,134,49.20985858,0,0,0,178
not building,/content/CompositeTiles/Composite tiles45.TIF,15,137.0564516,138.5,10.07496291,131.1048387,104,69.51256774,0,0,0,124
not building,/content/CompositeTiles/Composite tiles45.TIF,16,128.2213115,130,12.70031558,226.5819672,255,53.29495821,0,0,0,366
not building,/content/CompositeTiles/Composite tiles45.TIF,17,153.3387755,154,11.26451565,170.0408163,148.5,47.31611417,0,0,0,490
not building,/content/CompositeTiles/Composite tiles45.TIF,18,130.4164524,150,57.15946518,91.51928021,76,73.29422878,0,0,0,389
not building,/content/CompositeTiles/Composite tiles45.TIF,19,142.7802198,143,10.18344796,140.4798535,116,69.3866414,0,0,0,273
not building,/content/CompositeTiles/Composite tiles45.TIF,20,87.69873817,81,20.38553714,217.7223975,255,48.31689462,0,0,0,634
not building,/content/CompositeTiles/Composite tiles45.TIF,21,143.8222812,143,8.197025539,152.4588859,133,74.55398081,0,0,0,377
not building,/content/CompositeTiles/Composite tiles45.TIF,22,133.5128205,135,17.10093984,197.1666667,185,42.98909124,0,0,0,156
not building,/content/CompositeTiles/Composite tiles45.TIF,23,123.5128205,136,32.72649294,195.5235043,200,46.90845653,0,0,0,468
not building,/content/CompositeTiles/Composite tiles45.TIF,24,151.3161765,150,8.676965963,155.7647059,142.5,42.48723602,0,0,0,136
building,/content/CompositeTiles/Composite tiles45.TIF,25,70.49425287,70,4.412296202,150.4137931,147.5,23.10324241,0,0,0,174
building,/content/CompositeTiles/Composite tiles45.TIF,26,69.05663189,68,3.372512714,76.14157973,76,3.041740568,0,0,0,2013
not building,/content/CompositeTiles/Composite tiles45.TIF,27,126.6894015,126,12.22358647,254.685891,255,3.610202981,0,0,0,5982
building,/content/CompositeTiles/Composite tiles45.TIF,28,64.39174312,65,3.249520175,121.8431193,122,11.92461695,0,0,0,2180
not building,/content/CompositeTiles/Composite tiles45.TIF,29,151.3155452,149,13.58150491,94.6937355,80,38.17627855,0,0,0,431
building,/content/CompositeTiles/Composite tiles45.TIF,30,72.47682119,71,4.85530288,140.8940397,137,23.87804343,0,0,0,151
not building,/content/CompositeTiles/Composite tiles45.TIF,31,118.971223,121,12.47670776,255,255,0,0,0,0,139
building,/content/CompositeTiles/Composite tiles45.TIF,32,72.64992614,72,4.391820061,127.9615953,114,26.50155374,0,0,0,677
building,/content/CompositeTiles/Composite tiles45.TIF,33,69.9822695,70,2.805229818,85.89674593,85,6.826655914,0,0,0,4794
building,/content/CompositeTiles/Composite tiles45.TIF,34,71.62820513,73,4.984266734,111.066365,110,9.96987014,0,0,0,1326
building,/content/CompositeTiles/Composite tiles45.TIF,35,70.61297539,69,4.827380754,70.63087248,69,8.704798315,0,0,0,1341
building,/content/CompositeTiles/Composite tiles45.TIF,36,71.18781362,71,5.360735575,103.874552,100,19.191154,0,0,0,1395
building,/content/CompositeTiles/Composite tiles45.TIF,37,67.12093863,66,6.124593424,116.9025271,116,6.320949133,0,0,0,554
building,/content/CompositeTiles/Composite tiles45.TIF,38,71.508,72,4.798326375,108,107,6.887670143,0,0,0,1000
building,/content/CompositeTiles/Composite tiles45.TIF,39,71.91021672,74,5.583699264,120.4148607,119,11.41076683,0,0,0,323
building,/content/CompositeTiles/Composite tiles45.TIF,40,67.7962963,69,3.108409321,186.0462963,169,32.5642909,0,0,0,108
not building,/content/CompositeTiles/Composite tiles45.TIF,41,41.64075067,0,59.76997598,29.65147453,0,78.21148705,0,0,0,373
building,/content/CompositeTiles/Composite tiles45.TIF,42,66.73491592,67,5.056843789,126.8536103,122,18.43684476,0,0,0,1011
not building,/content/CompositeTiles/Composite tiles45.TIF,43,102.689327,95,39.17747989,242.3589395,255,30.6174226,0,0,0,1471
building,/content/CompositeTiles/Composite tiles45.TIF,44,69.89956332,71,2.689694027,79.48908297,79,6.054058766,0,0,0,229
not building,/content/CompositeTiles/Composite tiles45.TIF,45,132.0209205,133,15.37929045,243.5941423,255,26.7310823,0,0,0,239
building,/content/CompositeTiles/Composite tiles45.TIF,46,70.09391815,70,3.348400991,82.73993152,83,10.08210377,0,0,0,6133
building,/content/CompositeTiles/Composite tiles45.TIF,47,255,255,0,255,255,0,255,255,0,95891
building,/content/CompositeTiles/Composite tiles45.TIF,48,62.39953811,62,1.422257831,105.2794457,101,18.17766992,0,0,0,433
building,/content/CompositeTiles/Composite tiles45.TIF,49,70.32758621,70,12.03670812,124.737931,123,21.26516358,0,0,0,290
not building,/content/CompositeTiles/Composite tiles45.TIF,50,151.1885714,154,25.16241836,158.5657143,145,60.53357955,7.285714286,0,42.48264952,175
building,/content/CompositeTiles/Composite tiles45.TIF,51,61.74019608,61,4.166410027,150.2107843,141,32.05692977,0,0,0,204
not building,/content/CompositeTiles/Composite tiles45.TIF,52,87.28441755,80,21.47025982,174.9984871,164,60.04344114,0,0,0,661
building,/content/CompositeTiles/Composite tiles45.TIF,53,62.2202381,59,6.536914952,116.1607143,112,20.92797466,0,0,0,168
not building,/content/CompositeTiles/Composite tiles45.TIF,54,141.8050847,139,12.21645076,140.3135593,116.5,72.89482779,0,0,0,118
building,/content/CompositeTiles/Composite tiles45.TIF,55,64.26618705,64,4.219815434,140.6906475,131,27.21136266,0,0,0,139
not building,/content/CompositeTiles/Composite tiles45.TIF,56,147.474026,146,7.491291959,149.474026,128.5,68.75905589,0,0,0,154
building,/content/CompositeTiles/Composite tiles45.TIF,57,63.65,64,1.520142537,176.975,174,10.18533464,0,0,0,120
not building,/content/CompositeTiles/Composite tiles45.TIF,58,66.36363636,65,6.478554214,134.9220779,111.5,37.90033623,0,0,0,154
building,/content/CompositeTiles/Composite tiles45.TIF,59,76.35233161,77,6.686170652,154.9015544,149,35.51626129,0,0,0,193
not building,/content/CompositeTiles/Composite tiles45.TIF,60,128.952381,132,13.43996477,160.4285714,150,64.36643962,0,0,0,126
not building,/content/CompositeTiles/Composite tiles45.TIF,61,134.1626506,136,14.54212999,150.4457831,125.5,74.20295402,0,0,0,166
not building,/content/CompositeTiles/Composite tiles45.TIF,62,65.14388489,65,2.585407726,174.2589928,173,19.04418872,0,0,0,139
not building,/content/CompositeTiles/Composite tiles45.TIF,63,150.8324266,153,11.61123024,252.8574538,255,11.27875729,0,0,0,919
not building,/content/CompositeTiles/Composite tiles45.TIF,64,105.55,101,28.33501287,231.0254545,255,41.56490311,0,0,0,1100
not building,/content/CompositeTiles/Composite tiles45.TIF,65,143.9327103,143,9.589283112,157.0971963,141,76.63040252,0,0,0,535
not building,/content/CompositeTiles/Composite tiles45.TIF,66,125.040404,129,16.27535734,169.7424242,158,65.50471737,0,0,0,198
not building,/content/CompositeTiles/Composite tiles45.TIF,67,103.5165563,112,35.22426184,248.3421634,255,20.82270182,0,0,0,453
not building,/content/CompositeTiles/Composite tiles45.TIF,68,143.2183099,142,8.932545492,161.2535211,146,62.33591832,0,0,0,142
not building,/content/CompositeTiles/Composite tiles45.TIF,69,143.8208955,142.5,10.53979718,150.9850746,141,47.99268991,0,0,0,134
not building,/content/CompositeTiles/Composite tiles45.TIF,70,143.1565657,142,8.978128999,160.6212121,146.5,61.07234454,0,0,0,198
building,/content/CompositeTiles/Composite tiles45.TIF,71,81.352,80,8.35823522,136.328,139,16.03185629,0,0,0,125
not building,/content/CompositeTiles/Composite tiles45.TIF,72,66.27272727,66,1.285648693,198.8636364,194.5,28.67576654,0,0,0,22
not building,/content/CompositeTiles/Composite tiles45.TIF,73,86.5,68,31.88390399,205.1,206.5,39.87927616,0,0,0,30
not building,/content/CompositeTiles/Composite tiles45.TIF,74,127.7360862,132,23.73076864,184.6032316,177,53.3290203,0,0,0,557
not building,/content/CompositeTiles/Composite tiles45.TIF,75,128.9047619,132,8.456638767,186.2380952,190,20.01643316,0,0,0,21
building,/content/CompositeTiles/Composite tiles45.TIF,76,65.27027027,65,4.771246359,203.6554054,210,15.36392442,0,0,0,148
not building,/content/CompositeTiles/Composite tiles45.TIF,77,133.4090909,141,22.91616954,177.8181818,175,38.58949028,0,0,0,22
not building,/content/CompositeTiles/Composite tiles45.TIF,78,148.171875,149.5,6.813485451,187.171875,183,38.60033787,0,0,0,64
not building,/content/CompositeTiles/Composite tiles45.TIF,79,158.5227273,159,8.055175175,197.9318182,199,39.62402722,0,0,0,44
building,/content/CompositeTiles/Composite tiles45.TIF,80,63.76666667,63,3.99736024,186.4666667,180,13.52216288,0,0,0,30
building,/content/CompositeTiles/Composite tiles45.TIF,81,69.57961618,69,4.960465012,107.8786307,107,8.09313011,0,0,0,3856
building,/content/CompositeTiles/Composite tiles45.TIF,82,67.62797619,68,4.90611166,126.515873,122,16.50525247,0,0,0,4032
building,/content/CompositeTiles/Composite tiles45.TIF,83,66.48571429,67,4.795065491,93.17142857,84,13.3747859,0,0,0,35
building,/content/CompositeTiles/Composite tiles45.TIF,84,67.77142857,69,4.573749411,96.6,85,17.48664797,0,0,0,35
not building,/content/CompositeTiles/Composite tiles45.TIF,85,113.0934959,112,18.00077342,252.796748,255,12.42339738,0,0,0,246
building,/content/CompositeTiles/Composite tiles45.TIF,86,67.23055028,66,5.804449013,140.3368121,118,28.2702033,0,0,0,1054
not building,/content/CompositeTiles/Composite tiles45.TIF,87,154.5394737,154,6.618237938,154.2368421,132.5,58.56886824,0,0,0,76
not building,/content/CompositeTiles/Composite tiles45.TIF,88,80.16981132,67,25.69981708,206.7924528,192,27.74911761,0,0,0,53
not building,/content/CompositeTiles/Composite tiles45.TIF,89,65.2,66,1.869046103,174.9333333,181,28.53878453,0,0,0,15
not building,/content/CompositeTiles/Composite tiles45.TIF,90,87.65151515,67,36.72770089,195.4545455,196,39.95155469,0,0,0,66
not building,/content/CompositeTiles/Composite tiles45.TIF,91,148.5609756,149,9.286887637,171.6341463,164,51.01064265,0,0,0,41
not building,/content/CompositeTiles/Composite tiles45.TIF,92,104.8197101,80,42.83753555,239.9049275,255,37.64096141,0,0,0,1725
not building,/content/CompositeTiles/Composite tiles45.TIF,93,101.6518887,80,38.20005157,222.1727941,255,60.91733151,0,0,0,162494
building,/content/CompositeTiles/Composite tiles45.TIF,94,68.90243902,69.5,2.314375837,180.3414634,167.5,26.37312912,0,0,0,82
not building,/content/CompositeTiles/Composite tiles45.TIF,95,65.33962264,65,2.509930437,115.2830189,106,22.28069421,0,0,0,53
not building,/content/CompositeTiles/Composite tiles45.TIF,96,122.6489362,129,16.34254821,169.3404255,164.5,65.45138738,0,0,0,94
building,/content/CompositeTiles/Composite tiles45.TIF,97,69.81355932,68,4.674034211,152.4067797,148,18.23306611,0,0,0,59
building,/content/CompositeTiles/Composite tiles45.TIF,98,76.0150463,74,5.652433555,103.255787,102,10.5937433,0,0,0,864
not building,/content/CompositeTiles/Composite tiles45.TIF,99,71.98823529,59,25.37089306,179.6470588,169,23.35289673,0,0,0,85
not building,/content/CompositeTiles/Composite tiles45.TIF,100,122.6491228,124,8.935423744,168.1578947,152,60.65079496,0,0,0,57
building,/content/CompositeTiles/Composite tiles45.TIF,101,66.44736842,64,11.08032245,172.9736842,168,20.89382538,0,0,0,38
not building,/content/CompositeTiles/Composite tiles45.TIF,102,125.75,130,11.01176319,142.1428571,121,61.46159135,0,0,0,84
not building,/content/CompositeTiles/Composite tiles45.TIF,103,131.5405405,133,6.664121745,178.0810811,158,62.11122472,0,0,0,37
not building,/content/CompositeTiles/Composite tiles45.TIF,104,146.6315789,145,9.213322884,178.4315789,176,47.02287296,0,0,0,95
not building,/content/CompositeTiles/Composite tiles45.TIF,105,112.9756098,116,21.6901549,216.6829268,245,45.42398583,0,0,0,41
not building,/content/CompositeTiles/Composite tiles45.TIF,106,144.0980392,147,15.53144174,223.745098,255,42.21181097,0,0,0,51
not building,/content/CompositeTiles/Composite tiles45.TIF,107,141.36,146,11.45732953,150.48,146,32.04262162,0,0,0,25
not building,/content/CompositeTiles/Composite tiles45.TIF,108,140.5285714,140.5,6.159131267,148.6857143,130.5,57.29186999,0,0,0,70
not building,/content/CompositeTiles/Composite tiles46.TIF,1,122.4800759,123,19.41983673,249.9525617,255,20.03051818,0,0,0,527
not building,/content/CompositeTiles/Composite tiles46.TIF,2,134.8780057,132,14.1642331,250.8479491,255,15.28749267,0,0,0,2828
not building,/content/CompositeTiles/Composite tiles46.TIF,3,140.6923077,146,20.40216951,121.9171598,100,64.03183566,0,0,0,169
not building,/content/CompositeTiles/Composite tiles46.TIF,4,118.0569948,119,18.78875933,73.48186528,66,26.04660893,0,0,0,193
building,/content/CompositeTiles/Composite tiles46.TIF,5,68.51643192,68,3.104738532,183.1408451,180,17.26509337,0,0,0,213
building,/content/CompositeTiles/Composite tiles46.TIF,6,68.89613527,68,3.755361326,188.173913,188,20.89457539,0,0,0,414
not building,/content/CompositeTiles/Composite tiles46.TIF,7,109.1051136,108,10.14988675,254.1818182,255,6.270503558,0,0,0,352
not building,/content/CompositeTiles/Composite tiles46.TIF,8,142.0492424,144,18.23939707,157.2992424,150,68.12748077,0,0,0,264
not building,/content/CompositeTiles/Composite tiles46.TIF,9,70.05844749,69,4.543675353,255,255,0,0,0,0,1095
not building,/content/CompositeTiles/Composite tiles46.TIF,10,97.1626506,105,21.94698913,226.8534137,255,53.83748226,0,0,0,498
not building,/content/CompositeTiles/Composite tiles46.TIF,11,108.4682779,114,25.85506997,141.4984894,94,84.30560057,0,0,0,331
not building,/content/CompositeTiles/Composite tiles46.TIF,12,159.6,160,12.48081837,180.6421053,174,50.9703165,0,0,0,1995
building,/content/CompositeTiles/Composite tiles46.TIF,13,69.27419355,69.5,4.419541241,190.3333333,189,19.77254169,0,0,0,186
building,/content/CompositeTiles/Composite tiles46.TIF,14,75.90361446,71,14.90299109,185.5301205,185,34.52512176,0,0,0,166
building,/content/CompositeTiles/Composite tiles46.TIF,15,65.24082569,65,1.982557716,167.8417431,167,6.537836292,0,0,0,436
not building,/content/CompositeTiles/Composite tiles46.TIF,16,150.7611336,154,16.3447805,151.5554656,141,68.78099346,0,0,0,1235
building,/content/CompositeTiles/Composite tiles46.TIF,17,68.11292962,67,4.649623439,187.4533552,182,23.44242593,0,0,0,611
not building,/content/CompositeTiles/Composite tiles46.TIF,18,91.95151515,81,23.22611019,253.7060606,255,8.155772798,0,0,0,330
not building,/content/CompositeTiles/Composite tiles46.TIF,19,158.287234,160,14.94971881,129.6914894,117,57.49416744,0,0,0,940
building,/content/CompositeTiles/Composite tiles46.TIF,20,67.38938053,67,4.719445048,182.0176991,178.5,17.85808476,0,0,0,226
building,/content/CompositeTiles/Composite tiles46.TIF,21,69.55135411,69,3.930417323,144.2095043,144,20.75476813,0,0,0,1957
building,/content/CompositeTiles/Composite tiles46.TIF,22,70.15760112,70,3.968353029,129.4644351,127,20.06420458,0,0,0,717
not building,/content/CompositeTiles/Composite tiles46.TIF,23,71.84076433,0,78.37453031,64.38216561,0,97.69428039,0,0,0,157
building,/content/CompositeTiles/Composite tiles46.TIF,24,72.42671395,73,3.022953221,111.6660757,106,19.35814519,0,0,0,1692
not building,/content/CompositeTiles/Composite tiles46.TIF,25,136.1553156,144,30.07810002,168.3457918,169,80.21001487,0,0,0,3612
building,/content/CompositeTiles/Composite tiles46.TIF,26,68.98368298,69,1.524382852,134.4195804,129,21.52000617,0,0,0,429
building,/content/CompositeTiles/Composite tiles46.TIF,27,69.80333333,69,3.572765813,119.43,115,19.42382815,0,0,0,300
building,/content/CompositeTiles/Composite tiles46.TIF,28,70.10485437,70,3.724580608,122.376699,120,12.79918993,0,0,0,515
building,/content/CompositeTiles/Composite tiles46.TIF,29,66.49230769,66.5,2.105838601,170.1230769,167,10.71735859,0,0,0,130
not building,/content/CompositeTiles/Composite tiles46.TIF,30,148.1747126,149,10.06127455,121.8551724,109,33.90595092,0,0,0,435
building,/content/CompositeTiles/Composite tiles46.TIF,31,69.31304348,70,3.402978791,152.4304348,151,12.02287439,0,0,0,230
building,/content/CompositeTiles/Composite tiles46.TIF,32,66.875,66,3.741346398,153.6409574,146,33.7739879,0,0,0,376
building,/content/CompositeTiles/Composite tiles46.TIF,33,64.28846154,63,3.15011114,173.1025641,172,13.4556153,0,0,0,156
building,/content/CompositeTiles/Composite tiles46.TIF,34,68.70469799,68,3.561231762,138.4809843,129,34.36628558,0,0,0,447
not building,/content/CompositeTiles/Composite tiles46.TIF,35,159.3476378,159,12.84100279,206.7771654,243,54.73013204,0,0,0,2540
building,/content/CompositeTiles/Composite tiles46.TIF,36,56.38109756,56,3.50451051,149.7210366,141,35.27453198,0,0,0,656
building,/content/CompositeTiles/Composite tiles46.TIF,37,70.78348778,72,3.564232639,132.5408593,133,17.21891283,0,0,0,1187
not building,/content/CompositeTiles/Composite tiles46.TIF,38,126.754717,128,20.29924464,253.3081761,255,7.924128971,0,0,0,159
not building,/content/CompositeTiles/Composite tiles46.TIF,39,82.6795302,81,10.40100265,228.7701342,232,25.32551531,0,0,0,596
not building,/content/CompositeTiles/Composite tiles46.TIF,40,35.33983287,0,51.77082939,29.18384401,0,77.79241476,0,0,0,359
building,/content/CompositeTiles/Composite tiles46.TIF,41,62.49545079,61,7.647324739,140.8428453,123,35.36867321,0,0,0,1209
building,/content/CompositeTiles/Composite tiles46.TIF,42,67.53506098,66,4.055106987,163.7515244,165,10.89322474,0,0,0,656
not building,/content/CompositeTiles/Composite tiles46.TIF,43,72.64620939,69,10.64343809,253.3140794,255,9.434492958,0,0,0,277
not building,/content/CompositeTiles/Composite tiles46.TIF,44,85.08333333,80,15.45060893,255,255,0,0,0,0,276
not building,/content/CompositeTiles/Composite tiles46.TIF,45,67.08923513,64,9.207197747,254.8937677,255,1.366864331,0,0,0,706
building,/content/CompositeTiles/Composite tiles46.TIF,46,56.12105263,56,3.506547102,129.6684211,125,21.95810731,0,0,0,380
not building,/content/CompositeTiles/Composite tiles46.TIF,47,117.6044601,120,32.76888953,238.5199531,255,39.20726585,0,0,0,1704
not building,/content/CompositeTiles/Composite tiles46.TIF,48,144.8744993,147,10.39195816,254.999733,255,0.016338647,0,0,0,3745
not building,/content/CompositeTiles/Composite tiles46.TIF,49,120.1086957,125,23.2986548,255,255,0,0,0,0,920
not building,/content/CompositeTiles/Composite tiles46.TIF,50,155.3727273,155,8.549969794,183.2704545,172.5,39.79283901,0,0,0,440
not building,/content/CompositeTiles/Composite tiles46.TIF,51,145.8590504,153,22.27663976,148.4881306,138,58.36923813,0,0,0,674
not building,/content/CompositeTiles/Composite tiles46.TIF,52,148.5019608,155,14.02263563,115.6823529,103,57.26584961,0,0,0,255
building,/content/CompositeTiles/Composite tiles46.TIF,53,81.31531532,71,24.06372246,135.036036,127,25.36363572,0,0,0,111
not building,/content/CompositeTiles/Composite tiles46.TIF,54,95.19917695,89,22.35861475,255,255,0,0,0,0,1215
not building,/content/CompositeTiles/Composite tiles46.TIF,55,122.2967742,122,13.88300153,255,255,0,0,0,0,155
not building,/content/CompositeTiles/Composite tiles46.TIF,56,0.1,0,2.718455444,0.014864865,0,0.404094728,0,0,0,740
not building,/content/CompositeTiles/Composite tiles46.TIF,57,93.05546452,82,29.52185797,243.9165511,255,33.28391623,0,0,0,7933
building,/content/CompositeTiles/Composite tiles46.TIF,58,68.57142857,68,3.165860979,138.6084656,136,21.26639131,0,0,0,189
building,/content/CompositeTiles/Composite tiles46.TIF,59,69.7952381,69,4.358459338,134.8666667,126,29.94942297,0,0,0,420
not building,/content/CompositeTiles/Composite tiles46.TIF,60,154.6475248,157,15.80482815,226.9108911,255,36.12823668,0,0,0,505
not building,/content/CompositeTiles/Composite tiles46.TIF,61,84.5,72,23.66052806,213.4948529,255,57.2821061,0,0,0,1360
not building,/content/CompositeTiles/Composite tiles46.TIF,62,156.5703125,161,14.84723438,255,255,0,0,0,0,256
not building,/content/CompositeTiles/Composite tiles46.TIF,63,71.28346457,67,11.29308731,250.4527559,255,9.648330824,0,0,0,254
building,/content/CompositeTiles/Composite tiles46.TIF,64,68.16080402,67,3.935953507,108.2763819,103,26.49355653,0,0,0,199
building,/content/CompositeTiles/Composite tiles46.TIF,65,74.44217687,71,12.89946962,154.0544218,149,23.40933656,0,0,0,147
not building,/content/CompositeTiles/Composite tiles46.TIF,66,88.54746092,82,18.67887164,255,255,0,0,0,0,9787
building,/content/CompositeTiles/Composite tiles46.TIF,67,67.97986577,68,1.943738178,160.2080537,152,16.17823344,0,0,0,149
not building,/content/CompositeTiles/Composite tiles46.TIF,68,143.6906475,151,16.96371452,255,255,0,0,0,0,139
building,/content/CompositeTiles/Composite tiles46.TIF,69,81.89808917,77,10.77398655,148.2420382,141,31.49692155,0,0,0,157
building,/content/CompositeTiles/Composite tiles46.TIF,70,75.14121037,73,12.16292859,173.9048991,176,30.14068175,0,0,0,347
building,/content/CompositeTiles/Composite tiles46.TIF,71,70.96911197,70,4.2142216,135.5907336,126,35.27238837,0,0,0,259
not building,/content/CompositeTiles/Composite tiles46.TIF,72,128.4261364,126,16.09837778,254.5867769,255,5.28092141,0,0,0,1936
not building,/content/CompositeTiles/Composite tiles46.TIF,73,114.9060403,118,15.61033141,255,255,0,0,0,0,298
building,/content/CompositeTiles/Composite tiles46.TIF,74,74.83794466,73,9.418331241,165.6640316,165,28.35910619,0,0,0,253
not building,/content/CompositeTiles/Composite tiles46.TIF,75,61.25233645,0,67.8536211,76.26168224,0,106.7127629,0,0,0,107
not building,/content/CompositeTiles/Composite tiles46.TIF,76,94.07317073,139.5,77.43034328,87.92073171,10,117.2001095,0,0,0,164
not building,/content/CompositeTiles/Composite tiles46.TIF,77,126.5438596,129,21.01495166,240.5614035,255,23.98587611,0,0,0,171
not building,/content/CompositeTiles/Composite tiles46.TIF,78,76.12976839,74,7.099467451,254.6978883,255,2.274056,0,0,0,2936
not building,/content/CompositeTiles/Composite tiles46.TIF,79,105.8293135,114,29.07371148,232.541744,255,48.7179191,0,0,0,539
not building,/content/CompositeTiles/Composite tiles46.TIF,80,66.65994962,64,8.849012411,209.7153652,206,37.33026528,0,0,0,397
not building,/content/CompositeTiles/Composite tiles46.TIF,81,140.204918,136,13.74232336,85.81147541,67,44.2693566,0,0,0,122
building,/content/CompositeTiles/Composite tiles46.TIF,82,68.039801,69,2.93009907,143.5422886,136,30.14351168,0,0,0,804
building,/content/CompositeTiles/Composite tiles46.TIF,83,70.87037037,71.5,3.171319951,182.287037,178.5,18.47473296,0,0,0,108
building,/content/CompositeTiles/Composite tiles46.TIF,84,69.78544223,66,11.99384839,207.528777,255,55.8754085,0,0,0,4726
not building,/content/CompositeTiles/Composite tiles46.TIF,85,95.4379085,88,28.87947234,237.9346405,255,23.13124622,0,0,0,153
not building,/content/CompositeTiles/Composite tiles46.TIF,86,70.18811881,63,16.03320371,150.9405941,131,55.82040185,0,0,0,101
building,/content/CompositeTiles/Composite tiles46.TIF,87,76.93684211,70,16.13157122,169.2947368,174,31.64968568,0,0,0,95
not building,/content/CompositeTiles/Composite tiles46.TIF,88,107.3175487,103,18.93043999,199.8523677,199,45.94083562,0,0,0,359
building,/content/CompositeTiles/Composite tiles46.TIF,89,75.89655172,73,13.63062347,230.9655172,236,21.65903399,0,0,0,87
not building,/content/CompositeTiles/Composite tiles46.TIF,90,86.78571429,80,20.49103836,190.8690476,189,43.51047486,0,0,0,84
not building,/content/CompositeTiles/Composite tiles46.TIF,91,110.65625,111.5,24.54028496,196.625,189,19.0619877,0,0,0,32
not building,/content/CompositeTiles/Composite tiles46.TIF,92,83.33898305,72,19.81149313,182.8305085,180,45.15703393,0,0,0,59
not building,/content/CompositeTiles/Composite tiles46.TIF,93,109.7387387,111,17.8192687,77.14414414,70,24.79314307,0,0,0,111
not building,/content/CompositeTiles/Composite tiles46.TIF,94,68.61666667,70,2.95009416,195.3833333,183,30.18779647,0,0,0,60
not building,/content/CompositeTiles/Composite tiles46.TIF,95,136.75,144.5,20.86852156,252.6923077,255,8.826399348,0,0,0,52
not building,/content/CompositeTiles/Composite tiles46.TIF,96,134.5,141.5,18.84576991,253.6304348,255,8.154376514,0,0,0,92
not building,/content/CompositeTiles/Composite tiles46.TIF,97,69.32142857,63.5,11.46751178,198.0357143,192,45.72783002,0,0,0,28
not building,/content/CompositeTiles/Composite tiles46.TIF,98,10.04916986,0,38.72385794,13.93933589,0,57.76011318,0,0,0,1566
building,/content/CompositeTiles/Composite tiles46.TIF,99,68.83050847,67,4.523582435,124.440678,119.5,20.60588297,0,0,0,118
not building,/content/CompositeTiles/Composite tiles46.TIF,100,103.3506748,97,35.0062591,244.0963335,255,35.97228239,0.00302054,0,0.877626625,253266
not building,/content/CompositeTiles/Composite tiles46.TIF,101,113.978159,119,35.22243887,232.7088468,255,47.10444935,0,0,0,33515
not building,/content/CompositeTiles/Composite tiles46.TIF,102,7.255731922,0,32.79564804,9.780864198,0,48.6953424,0,0,0,2268
not building,/content/CompositeTiles/Composite tiles46.TIF,103,114.0986109,120,35.33998203,232.3214525,255,47.41895189,0,0,0,32826
not building,/content/CompositeTiles/Composite tiles46.TIF,104,120.7097601,131,38.33012991,207.2611243,255,63.68436927,0,0,0,5461
not building,/content/CompositeTiles/Composite tiles46.TIF,105,70.14215921,65,15.70977754,243.4013794,255,33.95569743,0,0,0,10439
building,/content/CompositeTiles/Composite tiles46.TIF,106,79.80722892,75,9.714549802,170.3373494,161,30.22178146,0,0,0,83
not building,/content/CompositeTiles/Composite tiles46.TIF,107,62.140625,62,2.149616154,157.8125,152.5,54.71142334,0,0,0,64
building,/content/CompositeTiles/Composite tiles46.TIF,108,64.30612245,64,4.18063603,188.3673469,178,30.55519855,0,0,0,49
not building,/content/CompositeTiles/Composite tiles46.TIF,109,153.742268,154,6.420454348,170.5773196,161,62.90458083,0,0,0,97
building,/content/CompositeTiles/Composite tiles46.TIF,110,73.47826087,69,14.17551338,202.8913043,198.5,20.26158097,0,0,0,46
building,/content/CompositeTiles/Composite tiles46.TIF,111,74.24468085,71,8.756379037,193.0531915,189,24.48028604,0,0,0,94
not building,/content/CompositeTiles/Composite tiles46.TIF,112,67.17307692,67,1.251478416,188.7307692,190,19.71149156,0,0,0,52
not building,/content/CompositeTiles/Composite tiles46.TIF,113,128,134.5,20.76820122,138.4318182,125,37.49023978,0,0,0,44
not building,/content/CompositeTiles/Composite tiles46.TIF,114,65.77083333,63,8.155365267,136.8333333,126,40.95949897,0,0,0,48
not building,/content/CompositeTiles/Composite tiles46.TIF,115,133.5960995,142,24.16903622,255,255,0,0,0,0,7435
building,/content/CompositeTiles/Composite tiles46.TIF,116,74.42307692,68.5,10.48138671,211.6923077,203,24.72116694,0,0,0,26
building,/content/CompositeTiles/Composite tiles46.TIF,117,207.3103216,255,99.41076461,207.2698156,255,99.46006301,207.2668551,255,99.46606875,7431
